Device ID,Device Name,Driver Name,Alarm Type,Fleet,Geofence Name,Alarm Status,Start details,Begin Time,Start position,End Time,End position,Reporting time,Start Speed,Re-upload,Process User,Process Time,Process memo,Engine speed,Source of speed,Remark,Server Review Results,Total Mileage
2590000898,B 9979 SYM,,Pedestrian Collision Warning,"Sankyu,PT",80 Kph [26:Polygon],Alarm End,Identity ID:'' ; Name:'' ; Type:Pedestrian collision ; satellites:19,2026-09-08 19:56:46,"107.17997,-6.348279",2026-09-08 19:56:46,"107.17997,-6.348279",2026-09-08 19:56:47,31.28 km/h,No,,,,,GPS,Pending,Not Reviewed,1528.84 km
2590000898,B 9979 SYM,,Pedestrian Collision Warning,"Sankyu,PT",80 Kph [26:Polygon],Alarm End,Identity ID:'' ; Name:'' ; Type:Pedestrian collision ; satellites:20,2026-09-08 19:56:17,"107.182289,-6.348052",2026-09-08 19:56:17,"107.182289,-6.348052",2026-09-08 19:56:19,33.41 km/h,No,,,,,GPS,Pending,Not Reviewed,1528.6 km
2590000898,B 9979 SYM,,Pedestrian Collision Warning,"Sankyu,PT",80 Kph [26:Polygon],Alarm End,Identity ID:'' ; Name:'' ; Type:Pedestrian collision ; satellites:18,2026-09-08 19:55:28,"107.184662,-6.34943",2026-09-08 19:55:28,"107.184662,-6.34943",2026-09-08 19:55:29,35.31 km/h,No,,,,,GPS,Pending,Not Reviewed,1528.15 km
2590000898,B 9979 SYM,,Lane Departure Warning,"Sankyu,PT",80 Kph [26:Polygon],Alarm End,Identity ID:'' ; Name:'' ; Type:Lane departure ; satellites:18,2026-09-08 19:55:18,"107.184296,-6.350252",2026-09-08 19:55:18,"107.184296,-6.350252",2026-09-08 19:55:19,34.63 km/h,No,,,,,GPS,Pending,Not Reviewed,1528.15 km
2590000898,B 9979 SYM,,Pedestrian Collision Warning,"Sankyu,PT",80 Kph [26:Polygon],Alarm End,Identity ID:'' ; Name:'' ; Type:Pedestrian collision ; satellites:18,2026-09-08 19:55:09,"107.183998,-6.350948",2026-09-08 19:55:09,"107.183998,-6.350948",2026-09-08 19:55:10,33.28 km/h,No,,,,,GPS,Pending,Not Reviewed,1528.04 km
2590000898,B 9979 SYM,,Pedestrian Collision Warning,"Sankyu,PT",80 Kph [26:Polygon],Alarm End,Identity ID:'' ; Name:'' ; Type:Pedestrian collision ; satellites:18,2026-09-08 19:55:03,"107.1838,-6.351398",2026-09-08 19:55:03,"107.1838,-6.351398",2026-09-08 19:55:05,32.06 km/h,No,,,,,GPS,Pending,Not Reviewed,1527.93 km
2590000898,B 9979 SYM,,Pedestrian Collision Warning,"Sankyu,PT",80 Kph [26:Polygon],Alarm End,Identity ID:'' ; Name:'' ; Type:Pedestrian collision ; satellites:18,2026-09-08 19:52:38,"107.180344,-6.359698",2026-09-08 19:52:38,"107.180344,-6.359698",2026-09-08 19:52:39,31.35 km/h,No,,,,,GPS,Pending,Not Reviewed,1527.0 km
2590000898,B 9979 SYM,,Lane Departure Warning,"Sankyu,PT",80 Kph [26:Polygon],Alarm End,Identity ID:'' ; Name:'' ; Type:Lane departure ; satellites:19,2026-09-08 19:50:18,"107.17765,-6.369013",2026-09-08 19:50:18,"107.17765,-6.369013",2026-09-08 19:50:20,34.79 km/h,No,,,,,GPS,Pending,Not Reviewed,1525.92 km
2590000898,B 9979 SYM,,Lane Departure Warning,"Sankyu,PT",80 Kph [26:Polygon],Alarm End,Identity ID:'' ; Name:'' ; Type:Lane departure ; satellites:18,2026-09-08 19:50:03,"107.176643,-6.370128",2026-09-08 19:50:03,"107.176643,-6.370128",2026-09-08 19:50:05,36.87 km/h,No,,,,,GPS,Pending,Not Reviewed,1525.8 km
2590000898,B 9979 SYM,,Pedestrian Collision Warning,"Sankyu,PT",80 Kph [26:Polygon],Alarm End,Identity ID:'' ; Name:'' ; Type:Pedestrian collision ; satellites:19,2026-09-08 19:49:56,"107.176353,-6.370685",2026-09-08 19:49:56,"107.176353,-6.370685",2026-09-08 19:49:58,33.72 km/h,No,,,,,GPS,Pending,Not Reviewed,1525.69 km
2590000898,B 9979 SYM,,Eyes Closed,"Sankyu,PT",80 Kph [26:Polygon],Alarm End,Identity ID:'' ; Name:'' ; Type:Eyes closed ; satellites:20,2026-09-08 19:48:40,"107.177551,-6.374767",2026-09-08 19:48:40,"107.177551,-6.374767",2026-09-08 19:48:41,21.55 km/h,No,,,,,GPS,Pending,Not Reviewed,1525.2 km
2590000898,B 9979 SYM,,Distracted Driving,"Sankyu,PT",80 Kph [26:Polygon],Alarm End,Identity ID:'' ; Name:'' ; Type:Distractions alarm ; satellites:20,2026-09-08 19:46:14,"107.175011,-6.380868",2026-09-08 19:46:14,"107.175011,-6.380868",2026-09-08 19:46:16,27.13 km/h,No,,,,,GPS,Pending,Not Reviewed,1524.27 km
2590000898,B 9979 SYM,,Eyes Closed,"Sankyu,PT",80 Kph [26:Polygon],Alarm End,Identity ID:'' ; Name:'' ; Type:Eyes closed ; satellites:15,2026-09-08 19:41:08,"107.16153,-6.391353",2026-09-08 19:41:08,"107.16153,-6.391353",2026-09-08 19:41:10,20.97 km/h,No,,,,,GPS,Pending,Not Reviewed,1522.43 km
2590000898,B 9979 SYM,,Distracted Driving,"Sankyu,PT",80 Kph [26:Polygon],Alarm End,Identity ID:'' ; Name:'' ; Type:Distractions alarm ; satellites:17,2026-09-08 19:40:51,"107.160782,-6.391903",2026-09-08 19:40:51,"107.160782,-6.391903",2026-09-08 19:40:52,20.53 km/h,No,,,,,GPS,Pending,Not Reviewed,1522.31 km
2590000898,B 9979 SYM,,Lane Departure Warning,"Sankyu,PT",80 Kph [26:Polygon],Alarm End,Identity ID:'' ; Name:'' ; Type:Lane departure ; satellites:19,2026-09-08 15:44:54,"107.171165,-6.383922",2026-09-08 15:44:54,"107.171165,-6.383922",2026-09-08 15:44:56,36.9 km/h,No,,,,,GPS,Pending,Not Reviewed,1519.73 km
2590000898,B 9979 SYM,,Pedestrian Collision Warning,"Sankyu,PT",80 Kph [26:Polygon],Alarm End,Identity ID:'' ; Name:'' ; Type:Pedestrian collision ; satellites:21,2026-09-08 15:44:49,"107.171623,-6.383564",2026-09-08 15:44:49,"107.171623,-6.383564",2026-09-08 15:44:51,38.7 km/h,No,,,,,GPS,Pending,Not Reviewed,1519.6 km
2590000898,B 9979 SYM,,Pedestrian Collision Warning,"Sankyu,PT",80 Kph [26:Polygon],Alarm End,Identity ID:'' ; Name:'' ; Type:Pedestrian collision ; satellites:21,2026-09-08 15:44:44,"107.172028,-6.383252",2026-09-08 15:44:44,"107.172028,-6.383252",2026-09-08 15:44:46,41.51 km/h,No,,,,,GPS,Pending,Not Reviewed,1519.6 km
2590000898,B 9979 SYM,,Pedestrian Collision Warning,"Sankyu,PT",80 Kph [26:Polygon],Alarm End,Identity ID:'' ; Name:'' ; Type:Pedestrian collision ; satellites:19,2026-09-08 15:44:37,"107.172516,-6.382872",2026-09-08 15:44:37,"107.172516,-6.382872",2026-09-08 15:44:39,44.64 km/h,No,,,,,GPS,Pending,Not Reviewed,1519.49 km
2590000898,B 9979 SYM,,Pedestrian Collision Warning,"Sankyu,PT",80 Kph [26:Polygon],Alarm End,Identity ID:'' ; Name:'' ; Type:Pedestrian collision ; satellites:19,2026-09-08 15:43:19,"107.178467,-6.37826",2026-09-08 15:43:19,"107.178467,-6.37826",2026-09-08 15:43:21,32.65 km/h,No,,,,,GPS,Pending,Not Reviewed,1518.68 km
2590000898,B 9979 SYM,,Pedestrian Collision Warning,"Sankyu,PT",80 Kph [26:Polygon],Alarm End,Identity ID:'' ; Name:'' ; Type:Pedestrian collision ; satellites:20,2026-09-08 15:43:14,"107.178841,-6.378078",2026-09-08 15:43:14,"107.178841,-6.378078",2026-09-08 15:43:16,32.24 km/h,No,,,,,GPS,Pending,Not Reviewed,1518.68 km
2590000898,B 9979 SYM,,Pedestrian Collision Warning,"Sankyu,PT",80 Kph [26:Polygon],Alarm End,Identity ID:'' ; Name:'' ; Type:Pedestrian collision ; satellites:19,2026-09-08 15:42:47,"107.180237,-6.37885",2026-09-08 15:42:47,"107.180237,-6.37885",2026-09-08 15:42:49,30.35 km/h,No,,,,,GPS,Pending,Not Reviewed,1518.46 km
2590000898,B 9979 SYM,,Pedestrian Collision Warning,"Sankyu,PT",80 Kph [26:Polygon],Alarm End,Identity ID:'' ; Name:'' ; Type:Pedestrian collision ; satellites:19,2026-09-08 15:41:06,"107.180855,-6.379488",2026-09-08 15:41:06,"107.180855,-6.379488",2026-09-08 15:41:08,39.34 km/h,No,,,,,GPS,Pending,Not Reviewed,1517.65 km
2590000898,B 9979 SYM,,Lane Departure Warning,"Sankyu,PT",80 Kph [26:Polygon],Alarm End,Identity ID:'' ; Name:'' ; Type:Lane departure ; satellites:18,2026-09-08 15:40:12,"107.177353,-6.374353",2026-09-08 15:40:12,"107.177353,-6.374353",2026-09-08 15:40:14,50.52 km/h,No,,,,,GPS,Pending,Not Reviewed,1517.05 km
2590000898,B 9979 SYM,,Lane Departure Warning,"Sankyu,PT",80 Kph [26:Polygon],Alarm End,Identity ID:'' ; Name:'' ; Type:Lane departure ; satellites:15,2026-09-08 15:39:11,"107.178413,-6.368233",2026-09-08 15:39:11,"107.178413,-6.368233",2026-09-08 15:39:13,44.52 km/h,No,,,,,GPS,Pending,Not Reviewed,1516.28 km
2590000898,B 9979 SYM,,Lane Departure Warning,"Sankyu,PT",80 Kph [26:Polygon],Alarm End,Identity ID:'' ; Name:'' ; Type:Lane departure ; satellites:17,2026-09-08 15:38:59,"107.178909,-6.36705",2026-09-08 15:38:59,"107.178909,-6.36705",2026-09-08 15:39:01,47.19 km/h,No,,,,,GPS,Pending,Not Reviewed,1516.17 km
2590000898,B 9979 SYM,,Lane Departure Warning,"Sankyu,PT",80 Kph [26:Polygon],Alarm End,Identity ID:'' ; Name:'' ; Type:Lane departure ; satellites:16,2026-09-08 15:38:49,"107.179222,-6.36591",2026-09-08 15:38:49,"107.179222,-6.36591",2026-09-08 15:38:51,45.43 km/h,No,,,,,GPS,Pending,Not Reviewed,1516.05 km
2590000898,B 9979 SYM,,Pedestrian Collision Warning,"Sankyu,PT",80 Kph [26:Polygon],Alarm End,Identity ID:'' ; Name:'' ; Type:Pedestrian collision ; satellites:15,2026-09-08 15:37:42,"107.180862,-6.358489",2026-09-08 15:37:42,"107.180862,-6.358489",2026-09-08 15:37:45,43.16 km/h,No,,,,,GPS,Pending,Not Reviewed,1515.15 km
2590000898,B 9979 SYM,,Pedestrian Collision Warning,"Sankyu,PT",80 Kph [26:Polygon],Alarm End,Identity ID:'' ; Name:'' ; Type:Pedestrian collision ; satellites:16,2026-09-08 15:36:31,"107.183922,-6.351333",2026-09-08 15:36:31,"107.183922,-6.351333",2026-09-08 15:36:33,45.6 km/h,No,,,,,GPS,Pending,Not Reviewed,1514.31 km
2590000898,B 9979 SYM,,Lane Departure Warning,"Sankyu,PT",80 Kph [26:Polygon],Alarm End,Identity ID:'' ; Name:'' ; Type:Lane departure ; satellites:15,2026-09-08 15:36:21,"107.18441,-6.35023",2026-09-08 15:36:21,"107.18441,-6.35023",2026-09-08 15:36:23,49.17 km/h,No,,,,,GPS,Pending,Not Reviewed,1514.19 km
2590000898,B 9979 SYM,,Distracted Driving,"Sankyu,PT",,Alarm End,Identity ID:'' ; Name:'' ; Type:Distractions alarm ; satellites:14,2026-09-08 15:34:23,"107.185524,-6.341259",2026-09-08 15:34:23,"107.185524,-6.341259",2026-09-08 15:34:25,34.78 km/h,No,,,,,GPS,Pending,Not Reviewed,1513.14 km
2590000898,B 9979 SYM,,Lane Departure Warning,"Sankyu,PT",,Alarm End,Identity ID:'' ; Name:'' ; Type:Lane departure ; satellites:17,2026-09-08 15:34:15,"107.185455,-6.340425",2026-09-08 15:34:15,"107.185455,-6.340425",2026-09-08 15:34:17,38.44 km/h,No,,,,,GPS,Pending,Not Reviewed,1513.03 km
2590000898,B 9979 SYM,,Lane Departure Warning,"Sankyu,PT",,Alarm End,Identity ID:'' ; Name:'' ; Type:Lane departure ; satellites:18,2026-09-08 15:34:08,"107.18541,-6.339833",2026-09-08 15:34:08,"107.18541,-6.339833",2026-09-08 15:34:10,42.51 km/h,No,,,,,GPS,Pending,Not Reviewed,1513.03 km
2590000898,B 9979 SYM,,Lane Departure Warning,"Sankyu,PT",,Alarm End,Identity ID:'' ; Name:'' ; Type:Lane departure ; satellites:17,2026-09-08 15:32:24,"107.178177,-6.33367",2026-09-08 15:32:24,"107.178177,-6.33367",2026-09-08 15:32:26,51.13 km/h,No,,,,,GPS,Pending,Not Reviewed,1511.6 km
2590000898,B 9979 SYM,,Lane Departure Warning,"Sankyu,PT",,Alarm End,Identity ID:'' ; Name:'' ; Type:Lane departure ; satellites:17,2026-09-08 15:31:30,"107.171921,-6.331412",2026-09-08 15:31:30,"107.171921,-6.331412",2026-09-08 15:31:33,46.3 km/h,No,,,,,GPS,Pending,Not Reviewed,1510.84 km
2590000898,B 9979 SYM,,Distracted Driving,"Sankyu,PT",,Alarm End,Identity ID:'' ; Name:'' ; Type:Distractions alarm ; satellites:16,2026-09-08 15:31:15,"107.170425,-6.33091",2026-09-08 15:31:15,"107.170425,-6.33091",2026-09-08 15:31:17,39.84 km/h,No,,,,,GPS,Pending,Not Reviewed,1510.7 km
2590000898,B 9979 SYM,,Lane Departure Warning,"Sankyu,PT",,Alarm End,Identity ID:'' ; Name:'' ; Type:Lane departure ; satellites:15,2026-09-08 15:31:13,"107.170212,-6.330873",2026-09-08 15:31:13,"107.170212,-6.330873",2026-09-08 15:31:15,40.44 km/h,No,,,,,GPS,Pending,Not Reviewed,1510.7 km
2590000898,B 9979 SYM,,Lane Departure Warning,"Sankyu,PT",,Alarm End,Identity ID:'' ; Name:'' ; Type:Lane departure ; satellites:17,2026-09-08 15:30:42,"107.167351,-6.329633",2026-09-08 15:30:42,"107.167351,-6.329633",2026-09-08 15:30:45,43.38 km/h,No,,,,,GPS,Pending,Not Reviewed,1510.33 km
2590000898,B 9979 SYM,,Forward Collision Warning,"Sankyu,PT",,Alarm End,Identity ID:'' ; Name:'' ; Type:FCW Forward relative velocity collision ; satellites:18,2026-09-08 15:30:34,"107.166489,-6.329325",2026-09-08 15:30:34,"107.166489,-6.329325",2026-09-08 15:30:37,47.93 km/h,No,,,,,GPS,Pending,Not Reviewed,1510.21 km
2590000898,B 9979 SYM,,Lane Departure Warning,"Sankyu,PT",,Alarm End,Identity ID:'' ; Name:'' ; Type:Lane departure ; satellites:17,2026-09-08 15:30:05,"107.163116,-6.32777",2026-09-08 15:30:05,"107.163116,-6.32777",2026-09-08 15:30:07,51.98 km/h,No,,,,,GPS,Pending,Not Reviewed,1509.81 km
2590000898,B 9979 SYM,,Headway Monitoring Warning,"Sankyu,PT",,Alarm End,Identity ID:'' ; Name:'' ; Type:HMW Forward absolute velocity collision ; satellites:17,2026-09-08 15:29:47,"107.161003,-6.32684",2026-09-08 15:29:47,"107.161003,-6.32684",2026-09-08 15:29:49,45.15 km/h,No,,,,,GPS,Pending,Not Reviewed,1509.58 km
2590000898,B 9979 SYM,,Lane Departure Warning,"Sankyu,PT",,Alarm End,Identity ID:'' ; Name:'' ; Type:Lane departure ; satellites:17,2026-09-08 15:29:46,"107.161003,-6.32684",2026-09-08 15:29:46,"107.161003,-6.32684",2026-09-08 15:29:48,45.15 km/h,No,,,,,GPS,Pending,Not Reviewed,1509.58 km
2590000898,B 9979 SYM,,Headway Monitoring Warning,"Sankyu,PT",,Alarm End,Identity ID:'' ; Name:'' ; Type:HMW Forward absolute velocity collision ; satellites:13,2026-09-08 15:29:42,"107.160492,-6.326588",2026-09-08 15:29:42,"107.160492,-6.326588",2026-09-08 15:29:44,42.1 km/h,No,,,,,GPS,Pending,Not Reviewed,1509.58 km
2590000898,B 9979 SYM,,Headway Monitoring Warning,"Sankyu,PT",,Alarm End,Identity ID:'' ; Name:'' ; Type:HMW Forward absolute velocity collision ; satellites:16,2026-09-08 15:29:34,"107.159843,-6.32624",2026-09-08 15:29:34,"107.159843,-6.32624",2026-09-08 15:29:37,40.94 km/h,No,,,,,GPS,Pending,Not Reviewed,1509.44 km
2590000898,B 9979 SYM,,Headway Monitoring Warning,"Sankyu,PT",,Alarm End,Identity ID:'' ; Name:'' ; Type:HMW Forward absolute velocity collision ; satellites:18,2026-09-08 15:29:09,"107.157593,-6.32505",2026-09-08 15:29:09,"107.157593,-6.32505",2026-09-08 15:29:11,43.23 km/h,No,,,,,GPS,Pending,Not Reviewed,1509.19 km
2590000898,B 9979 SYM,,Lane Departure Warning,"Sankyu,PT",,Alarm End,Identity ID:'' ; Name:'' ; Type:Lane departure ; satellites:20,2026-09-08 15:28:53,"107.156158,-6.324192",2026-09-08 15:28:53,"107.156158,-6.324192",2026-09-08 15:28:55,46.87 km/h,No,,,,,GPS,Pending,Not Reviewed,1508.96 km
2590000898,B 9979 SYM,,Forward Collision Warning,"Sankyu,PT",,Alarm End,Identity ID:'' ; Name:'' ; Type:FCW Forward relative velocity collision ; satellites:19,2026-09-08 15:28:32,"107.153992,-6.322928",2026-09-08 15:28:32,"107.153992,-6.322928",2026-09-08 15:28:34,45.67 km/h,No,,,,,GPS,Pending,Not Reviewed,1508.72 km
2590000898,B 9979 SYM,,Lane Departure Warning,"Sankyu,PT",,Alarm End,Identity ID:'' ; Name:'' ; Type:Lane departure ; satellites:19,2026-09-08 15:28:25,"107.153305,-6.322556",2026-09-08 15:28:25,"107.153305,-6.322556",2026-09-08 15:28:28,44.34 km/h,No,,,,,GPS,Pending,Not Reviewed,1508.61 km
2590000898,B 9979 SYM,,Headway Monitoring Warning,"Sankyu,PT",,Alarm End,Identity ID:'' ; Name:'' ; Type:HMW Forward absolute velocity collision ; satellites:16,2026-09-08 15:28:15,"107.15229,-6.321967",2026-09-08 15:28:15,"107.15229,-6.321967",2026-09-08 15:28:27,50.7 km/h,No,,,,,GPS,Pending,Not Reviewed,1508.48 km
2590000898,B 9979 SYM,,Lane Departure Warning,"Sankyu,PT",,Alarm End,Identity ID:'' ; Name:'' ; Type:Lane departure ; satellites:16,2026-09-08 15:28:14,"107.152176,-6.321907",2026-09-08 15:28:14,"107.152176,-6.321907",2026-09-08 15:28:27,52.26 km/h,No,,,,,GPS,Pending,Not Reviewed,1508.48 km
2590000898,B 9979 SYM,,Lane Departure Warning,"Sankyu,PT",,Alarm End,Identity ID:'' ; Name:'' ; Type:Lane departure ; satellites:19,2026-09-08 15:27:03,"107.1436,-6.316932",2026-09-08 15:27:03,"107.1436,-6.316932",2026-09-08 15:27:05,51.85 km/h,No,,,,,GPS,Pending,Not Reviewed,1507.38 km
2590000898,B 9979 SYM,,Lane Departure Warning,"Sankyu,PT",,Alarm End,Identity ID:'' ; Name:'' ; Type:Lane departure ; satellites:17,2026-09-08 15:26:55,"107.142708,-6.316452",2026-09-08 15:26:55,"107.142708,-6.316452",2026-09-08 15:26:57,49.85 km/h,No,,,,,GPS,Pending,Not Reviewed,1507.24 km
2590000898,B 9979 SYM,,Lane Departure Warning,"Sankyu,PT",,Alarm End,Identity ID:'' ; Name:'' ; Type:Lane departure ; satellites:15,2026-09-08 15:25:58,"107.136108,-6.312686",2026-09-08 15:25:58,"107.136108,-6.312686",2026-09-08 15:26:00,53.22 km/h,No,,,,,GPS,Pending,Not Reviewed,1506.44 km
2590000898,B 9979 SYM,,Lane Departure Warning,"Sankyu,PT",,Alarm End,Identity ID:'' ; Name:'' ; Type:Lane departure ; satellites:18,2026-09-08 15:25:48,"107.135025,-6.311988",2026-09-08 15:25:48,"107.135025,-6.311988",2026-09-08 15:25:50,47.67 km/h,No,,,,,GPS,Pending,Not Reviewed,1506.32 km
2590000898,B 9979 SYM,,Headway Monitoring Warning,"Sankyu,PT",,Alarm End,Identity ID:'' ; Name:'' ; Type:HMW Forward absolute velocity collision ; satellites:16,2026-09-08 15:25:43,"107.134438,-6.311592",2026-09-08 15:25:43,"107.134438,-6.311592",2026-09-08 15:25:45,42.77 km/h,No,,,,,GPS,Pending,Not Reviewed,1506.21 km
2590000898,B 9979 SYM,,Headway Monitoring Warning,"Sankyu,PT",,Alarm End,Identity ID:'' ; Name:'' ; Type:HMW Forward absolute velocity collision ; satellites:15,2026-09-08 15:25:38,"107.134048,-6.311377",2026-09-08 15:25:38,"107.134048,-6.311377",2026-09-08 15:25:40,43.49 km/h,No,,,,,GPS,Pending,Not Reviewed,1506.21 km
2590000898,B 9979 SYM,,Headway Monitoring Warning,"Sankyu,PT",,Alarm End,Identity ID:'' ; Name:'' ; Type:HMW Forward absolute velocity collision ; satellites:14,2026-09-08 15:25:33,"107.133514,-6.31107",2026-09-08 15:25:33,"107.133514,-6.31107",2026-09-08 15:25:35,46.19 km/h,No,,,,,GPS,Pending,Not Reviewed,1506.1 km
2590000898,B 9979 SYM,,Lane Departure Warning,"Sankyu,PT",,Alarm End,Identity ID:'' ; Name:'' ; Type:Lane departure ; satellites:14,2026-09-08 15:25:32,"107.1334,-6.31101",2026-09-08 15:25:32,"107.1334,-6.31101",2026-09-08 15:25:34,44.75 km/h,No,,,,,GPS,Pending,Not Reviewed,1506.1 km
2590000898,B 9979 SYM,,Lane Departure Warning,"Sankyu,PT",,Alarm End,Identity ID:'' ; Name:'' ; Type:Lane departure ; satellites:15,2026-09-08 15:24:45,"107.128227,-6.308082",2026-09-08 15:24:45,"107.128227,-6.308082",2026-09-08 15:24:47,52.87 km/h,No,,,,,GPS,Pending,Not Reviewed,1505.47 km
2590000898,B 9979 SYM,,Lane Departure Warning,"Sankyu,PT",,Alarm End,Identity ID:'' ; Name:'' ; Type:Lane departure ; satellites:16,2026-09-08 15:24:38,"107.127563,-6.307698",2026-09-08 15:24:38,"107.127563,-6.307698",2026-09-08 15:24:40,46.82 km/h,No,,,,,GPS,Pending,Not Reviewed,1505.35 km
2590000898,B 9979 SYM,,Headway Monitoring Warning,"Sankyu,PT",,Alarm End,Identity ID:'' ; Name:'' ; Type:HMW Forward absolute velocity collision ; satellites:14,2026-09-08 15:24:32,"107.126892,-6.307298",2026-09-08 15:24:32,"107.126892,-6.307298",2026-09-08 15:24:34,44.97 km/h,No,,,,,GPS,Pending,Not Reviewed,1505.21 km
2590000898,B 9979 SYM,,Lane Departure Warning,"Sankyu,PT",,Alarm End,Identity ID:'' ; Name:'' ; Type:Lane departure ; satellites:14,2026-09-08 15:24:31,"107.126892,-6.307298",2026-09-08 15:24:31,"107.126892,-6.307298",2026-09-08 15:24:33,44.97 km/h,No,,,,,GPS,Pending,Not Reviewed,1505.21 km
2590000898,B 9979 SYM,,Headway Monitoring Warning,"Sankyu,PT",,Alarm End,Identity ID:'' ; Name:'' ; Type:HMW Forward absolute velocity collision ; satellites:18,2026-09-08 15:24:24,"107.126259,-6.306882",2026-09-08 15:24:24,"107.126259,-6.306882",2026-09-08 15:24:26,41.75 km/h,No,,,,,GPS,Pending,Not Reviewed,1505.21 km
2590000898,B 9979 SYM,,Lane Departure Warning,"Sankyu,PT",,Alarm End,Identity ID:'' ; Name:'' ; Type:Lane departure ; satellites:17,2026-09-08 15:22:40,"107.116287,-6.301128",2026-09-08 15:22:40,"107.116287,-6.301128",2026-09-08 15:22:42,52.79 km/h,No,,,,,GPS,Pending,Not Reviewed,1503.93 km
2590000898,B 9979 SYM,,Headway Monitoring Warning,"Sankyu,PT",,Alarm End,Identity ID:'' ; Name:'' ; Type:HMW Forward absolute velocity collision ; satellites:16,2026-09-08 15:22:31,"107.11525,-6.30047",2026-09-08 15:22:31,"107.11525,-6.30047",2026-09-08 15:22:33,53.53 km/h,No,,,,,GPS,Pending,Not Reviewed,1503.8 km
2590000898,B 9979 SYM,,Lane Departure Warning,"Sankyu,PT",,Alarm End,Identity ID:'' ; Name:'' ; Type:Lane departure ; satellites:22,2026-09-08 15:22:06,"107.112328,-6.298748",2026-09-08 15:22:06,"107.112328,-6.298748",2026-09-08 15:22:08,54.0 km/h,No,,,,,GPS,Pending,Not Reviewed,1503.39 km
2590000898,B 9979 SYM,,Lane Departure Warning,"Sankyu,PT",,Alarm End,Identity ID:'' ; Name:'' ; Type:Lane departure ; satellites:22,2026-09-08 15:21:33,"107.109619,-6.297243",2026-09-08 15:21:33,"107.109619,-6.297243",2026-09-08 15:21:35,33.24 km/h,No,,,,,GPS,Pending,Not Reviewed,1503.01 km
2590000898,B 9979 SYM,,Forward Collision Warning,"Sankyu,PT",,Alarm End,Identity ID:'' ; Name:'' ; Type:FCW Forward relative velocity collision ; satellites:21,2026-09-08 15:21:28,"107.109184,-6.296978",2026-09-08 15:21:28,"107.109184,-6.296978",2026-09-08 15:21:30,37.29 km/h,No,,,,,GPS,Pending,Not Reviewed,1503.01 km
2590000898,B 9979 SYM,,Headway Monitoring Warning,"Sankyu,PT",,Alarm End,Identity ID:'' ; Name:'' ; Type:HMW Forward absolute velocity collision ; satellites:19,2026-09-08 15:21:06,"107.107346,-6.295888",2026-09-08 15:21:06,"107.107346,-6.295888",2026-09-08 15:21:09,40.2 km/h,No,,,,,GPS,Pending,Not Reviewed,1502.75 km
2590000898,B 9979 SYM,,Lane Departure Warning,"Sankyu,PT",,Alarm End,Identity ID:'' ; Name:'' ; Type:Lane departure ; satellites:17,2026-09-08 15:21:00,"107.10688,-6.295667",2026-09-08 15:21:00,"107.10688,-6.295667",2026-09-08 15:21:02,39.38 km/h,No,,,,,GPS,Pending,Not Reviewed,1502.75 km
2590000898,B 9979 SYM,,Pedestrian Collision Warning,"Sankyu,PT",,Alarm End,Identity ID:'' ; Name:'' ; Type:Pedestrian collision ; satellites:17,2026-09-08 15:20:53,"107.106247,-6.295273",2026-09-08 15:20:53,"107.106247,-6.295273",2026-09-08 15:20:55,44.15 km/h,No,,,,,GPS,Pending,Not Reviewed,1502.64 km
2590000898,B 9979 SYM,,Pedestrian Collision Warning,"Sankyu,PT",,Alarm End,Identity ID:'' ; Name:'' ; Type:Pedestrian collision ; satellites:18,2026-09-08 15:20:48,"107.105652,-6.29494",2026-09-08 15:20:48,"107.105652,-6.29494",2026-09-08 15:20:50,48.26 km/h,No,,,,,GPS,Pending,Not Reviewed,1502.52 km
2590000898,B 9979 SYM,,Lane Departure Warning,"Sankyu,PT",,Alarm End,Identity ID:'' ; Name:'' ; Type:Lane departure ; satellites:18,2026-09-08 15:20:48,"107.105743,-6.295002",2026-09-08 15:20:48,"107.105743,-6.295002",2026-09-08 15:20:50,47.06 km/h,No,,,,,GPS,Pending,Not Reviewed,1502.52 km
2590000898,B 9979 SYM,,Pedestrian Collision Warning,"Sankyu,PT",,Alarm End,Identity ID:'' ; Name:'' ; Type:Pedestrian collision ; satellites:19,2026-09-08 15:20:43,"107.105202,-6.294717",2026-09-08 15:20:43,"107.105202,-6.294717",2026-09-08 15:20:45,49.48 km/h,No,,,,,GPS,Pending,Not Reviewed,1502.52 km
2590000898,B 9979 SYM,,Headway Monitoring Warning,"Sankyu,PT",,Alarm End,Identity ID:'' ; Name:'' ; Type:HMW Forward absolute velocity collision ; satellites:19,2026-09-08 15:20:25,"107.103134,-6.293613",2026-09-08 15:20:25,"107.103134,-6.293613",2026-09-08 15:20:27,48.39 km/h,No,,,,,GPS,Pending,Not Reviewed,1502.28 km
2590000898,B 9979 SYM,,Headway Monitoring Warning,"Sankyu,PT",,Alarm End,Identity ID:'' ; Name:'' ; Type:HMW Forward absolute velocity collision ; satellites:19,2026-09-08 15:20:20,"107.102585,-6.293342",2026-09-08 15:20:20,"107.102585,-6.293342",2026-09-08 15:20:22,46.26 km/h,No,,,,,GPS,Pending,Not Reviewed,1502.16 km
2590000898,B 9979 SYM,,Headway Monitoring Warning,"Sankyu,PT",,Alarm End,Identity ID:'' ; Name:'' ; Type:HMW Forward absolute velocity collision ; satellites:19,2026-09-08 15:20:15,"107.10218,-6.293102",2026-09-08 15:20:15,"107.10218,-6.293102",2026-09-08 15:20:17,44.67 km/h,No,,,,,GPS,Pending,Not Reviewed,1502.16 km
2590000898,B 9979 SYM,,Headway Monitoring Warning,"Sankyu,PT",,Alarm End,Identity ID:'' ; Name:'' ; Type:HMW Forward absolute velocity collision ; satellites:19,2026-09-08 15:20:10,"107.101601,-6.292752",2026-09-08 15:20:10,"107.101601,-6.292752",2026-09-08 15:20:12,44.84 km/h,No,,,,,GPS,Pending,Not Reviewed,1502.04 km
2590000898,B 9979 SYM,,Headway Monitoring Warning,"Sankyu,PT",,Alarm End,Identity ID:'' ; Name:'' ; Type:HMW Forward absolute velocity collision ; satellites:17,2026-09-08 15:20:05,"107.10112,-6.29253",2026-09-08 15:20:05,"107.10112,-6.29253",2026-09-08 15:20:07,43.1 km/h,No,,,,,GPS,Pending,Not Reviewed,1502.04 km
2590000898,B 9979 SYM,,Headway Monitoring Warning,"Sankyu,PT",,Alarm End,Identity ID:'' ; Name:'' ; Type:HMW Forward absolute velocity collision ; satellites:17,2026-09-08 15:19:56,"107.100189,-6.292033",2026-09-08 15:19:56,"107.100189,-6.292033",2026-09-08 15:19:58,49.41 km/h,No,,,,,GPS,Pending,Not Reviewed,1501.93 km
2590000898,B 9979 SYM,,Headway Monitoring Warning,"Sankyu,PT",,Alarm End,Identity ID:'' ; Name:'' ; Type:HMW Forward absolute velocity collision ; satellites:16,2026-09-08 15:19:51,"107.099709,-6.291825",2026-09-08 15:19:51,"107.099709,-6.291825",2026-09-08 15:19:53,51.26 km/h,No,,,,,GPS,Pending,Not Reviewed,1501.8 km
2590000898,B 9979 SYM,,Lane Departure Warning,"Sankyu,PT",,Alarm End,Identity ID:'' ; Name:'' ; Type:Lane departure ; satellites:17,2026-09-08 15:19:23,"107.096428,-6.290327",2026-09-08 15:19:23,"107.096428,-6.290327",2026-09-08 15:19:25,55.62 km/h,No,,,,,GPS,Pending,Not Reviewed,1501.41 km
2590000898,B 9979 SYM,,Lane Departure Warning,"Sankyu,PT",,Alarm End,Identity ID:'' ; Name:'' ; Type:Lane departure ; satellites:20,2026-09-08 15:18:07,"107.086624,-6.28682",2026-09-08 15:18:07,"107.086624,-6.28682",2026-09-08 15:18:09,49.78 km/h,No,,,,,GPS,Pending,Not Reviewed,1500.21 km
2590000898,B 9979 SYM,,Headway Monitoring Warning,"Sankyu,PT",,Alarm End,Identity ID:'' ; Name:'' ; Type:HMW Forward absolute velocity collision ; satellites:19,2026-09-08 15:18:06,"107.086517,-6.28678",2026-09-08 15:18:06,"107.086517,-6.28678",2026-09-08 15:18:09,49.82 km/h,No,,,,,GPS,Pending,Not Reviewed,1500.21 km
2590000898,B 9979 SYM,,Lane Departure Warning,"Sankyu,PT",,Alarm End,Identity ID:'' ; Name:'' ; Type:Lane departure ; satellites:14,2026-09-08 15:17:35,"107.082619,-6.285597",2026-09-08 15:17:35,"107.082619,-6.285597",2026-09-08 15:17:37,53.15 km/h,No,,,,,GPS,Pending,Not Reviewed,1499.82 km
2590000898,B 9979 SYM,,Lane Departure Warning,"Sankyu,PT",,Alarm End,Identity ID:'' ; Name:'' ; Type:Lane departure ; satellites:18,2026-09-08 15:17:16,"107.080368,-6.284897",2026-09-08 15:17:16,"107.080368,-6.284897",2026-09-08 15:17:18,49.67 km/h,No,,,,,GPS,Pending,Not Reviewed,1499.57 km
2590000898,B 9979 SYM,,Lane Departure Warning,"Sankyu,PT",,Alarm End,Identity ID:'' ; Name:'' ; Type:Lane departure ; satellites:17,2026-09-08 15:16:24,"107.074478,-6.283021",2026-09-08 15:16:24,"107.074478,-6.283021",2026-09-08 15:16:27,52.96 km/h,No,,,,,GPS,Pending,Not Reviewed,1498.85 km
2590000898,B 9979 SYM,,Lane Departure Warning,"Sankyu,PT",,Alarm End,Identity ID:'' ; Name:'' ; Type:Lane departure ; satellites:17,2026-09-08 15:15:28,"107.067307,-6.280805",2026-09-08 15:15:28,"107.067307,-6.280805",2026-09-08 15:15:30,52.44 km/h,No,,,,,GPS,Pending,Not Reviewed,1498.05 km
2590000898,B 9979 SYM,,Headway Monitoring Warning,"Sankyu,PT",,Alarm End,Identity ID:'' ; Name:'' ; Type:HMW Forward absolute velocity collision ; satellites:16,2026-09-08 15:15:16,"107.065681,-6.280283",2026-09-08 15:15:16,"107.065681,-6.280283",2026-09-08 15:15:18,51.81 km/h,No,,,,,GPS,Pending,Not Reviewed,1497.92 km
2590000898,B 9979 SYM,,Headway Monitoring Warning,"Sankyu,PT",,Alarm End,Identity ID:'' ; Name:'' ; Type:HMW Forward absolute velocity collision ; satellites:17,2026-09-08 15:12:32,"107.045341,-6.27283",2026-09-08 15:12:32,"107.045341,-6.27283",2026-09-08 15:12:34,55.13 km/h,No,,,,,GPS,Pending,Not Reviewed,1495.43 km
2590000898,B 9979 SYM,,Lane Departure Warning,"Sankyu,PT",,Alarm End,Identity ID:'' ; Name:'' ; Type:Lane departure ; satellites:20,2026-09-08 15:12:03,"107.041794,-6.271242",2026-09-08 15:12:03,"107.041794,-6.271242",2026-09-08 15:12:05,54.16 km/h,No,,,,,GPS,Pending,Not Reviewed,1495.03 km
2590000898,B 9979 SYM,,Lane Departure Warning,"Sankyu,PT",,Alarm End,Identity ID:'' ; Name:'' ; Type:Lane departure ; satellites:16,2026-09-08 15:11:35,"107.038147,-6.269908",2026-09-08 15:11:35,"107.038147,-6.269908",2026-09-08 15:11:41,53.28 km/h,No,,,,,GPS,Pending,Not Reviewed,1494.63 km
2590000898,B 9979 SYM,,Lane Departure Warning,"Sankyu,PT",,Alarm End,Identity ID:'' ; Name:'' ; Type:Lane departure ; satellites:15,2026-09-08 15:04:19,"107.016151,-6.262225",2026-09-08 15:04:19,"107.016151,-6.262225",2026-09-08 15:04:21,40.08 km/h,No,,,,,GPS,Pending,Not Reviewed,1492.05 km
2590000898,B 9979 SYM,,Lane Departure Warning,"Sankyu,PT",,Alarm End,Identity ID:'' ; Name:'' ; Type:Lane departure ; satellites:17,2026-09-08 15:03:29,"107.010551,-6.260233",2026-09-08 15:03:29,"107.010551,-6.260233",2026-09-08 15:03:31,48.84 km/h,No,,,,,GPS,Pending,Not Reviewed,1491.42 km
2590000898,B 9979 SYM,,Headway Monitoring Warning,"Sankyu,PT",,Alarm End,Identity ID:'' ; Name:'' ; Type:HMW Forward absolute velocity collision ; satellites:21,2026-09-08 15:03:03,"107.007713,-6.259242",2026-09-08 15:03:03,"107.007713,-6.259242",2026-09-08 15:03:05,40.42 km/h,No,,,,,GPS,Pending,Not Reviewed,1491.04 km
2590000898,B 9979 SYM,,Forward Collision Warning,"Sankyu,PT",,Alarm End,Identity ID:'' ; Name:'' ; Type:FCW Forward relative velocity collision ; satellites:21,2026-09-08 15:02:54,"107.006966,-6.258995",2026-09-08 15:02:54,"107.006966,-6.258995",2026-09-08 15:02:57,41.62 km/h,No,,,,,GPS,Pending,Not Reviewed,1491.04 km
2590000898,B 9979 SYM,,Lane Departure Warning,"Sankyu,PT",,Alarm End,Identity ID:'' ; Name:'' ; Type:Lane departure ; satellites:20,2026-09-08 15:02:49,"107.006348,-6.258801",2026-09-08 15:02:49,"107.006348,-6.258801",2026-09-08 15:02:51,43.6 km/h,No,,,,,GPS,Pending,Not Reviewed,1490.93 km
2590000898,B 9979 SYM,,Lane Departure Warning,"Sankyu,PT",,Alarm End,Identity ID:'' ; Name:'' ; Type:Lane departure ; satellites:18,2026-09-08 15:02:06,"107.002007,-6.257275",2026-09-08 15:02:06,"107.002007,-6.257275",2026-09-08 15:02:08,53.26 km/h,No,,,,,GPS,Pending,Not Reviewed,1490.43 km
2590000898,B 9979 SYM,,Lane Departure Warning,"Sankyu,PT",,Alarm End,Identity ID:'' ; Name:'' ; Type:Lane departure ; satellites:17,2026-09-08 15:02:00,"107.001274,-6.257028",2026-09-08 15:02:00,"107.001274,-6.257028",2026-09-08 15:02:02,45.63 km/h,No,,,,,GPS,Pending,Not Reviewed,1490.32 km
2590000898,B 9979 SYM,,Lane Departure Warning,"Sankyu,PT",,Alarm End,Identity ID:'' ; Name:'' ; Type:Lane departure ; satellites:18,2026-09-08 15:01:53,"107.000565,-6.256793",2026-09-08 15:01:53,"107.000565,-6.256793",2026-09-08 15:01:55,41.77 km/h,No,,,,,GPS,Pending,Not Reviewed,1490.32 km
2590000898,B 9979 SYM,,Headway Monitoring Warning,"Sankyu,PT",,Alarm End,Identity ID:'' ; Name:'' ; Type:HMW Forward absolute velocity collision ; satellites:18,2026-09-08 15:01:53,"107.000565,-6.256793",2026-09-08 15:01:53,"107.000565,-6.256793",2026-09-08 15:01:55,41.77 km/h,No,,,,,GPS,Pending,Not Reviewed,1490.32 km
2590000898,B 9979 SYM,,Headway Monitoring Warning,"Sankyu,PT",,Alarm End,Identity ID:'' ; Name:'' ; Type:HMW Forward absolute velocity collision ; satellites:18,2026-09-08 15:01:48,"107.000084,-6.256649",2026-09-08 15:01:48,"107.000084,-6.256649",2026-09-08 15:01:50,45.67 km/h,No,,,,,GPS,Pending,Not Reviewed,1490.21 km
2590000898,B 9979 SYM,,Headway Monitoring Warning,"Sankyu,PT",,Alarm End,Identity ID:'' ; Name:'' ; Type:HMW Forward absolute velocity collision ; satellites:17,2026-09-08 15:01:42,"106.999367,-6.256403",2026-09-08 15:01:42,"106.999367,-6.256403",2026-09-08 15:01:44,51.04 km/h,No,,,,,GPS,Pending,Not Reviewed,1490.08 km
2590000898,B 9979 SYM,,Headway Monitoring Warning,"Sankyu,PT",,Alarm End,Identity ID:'' ; Name:'' ; Type:HMW Forward absolute velocity collision ; satellites:19,2026-09-08 15:01:37,"106.998764,-6.256178",2026-09-08 15:01:37,"106.998764,-6.256178",2026-09-08 15:01:39,51.5 km/h,No,,,,,GPS,Pending,Not Reviewed,1490.08 km
2590000898,B 9979 SYM,,Headway Monitoring Warning,"Sankyu,PT",,Alarm End,Identity ID:'' ; Name:'' ; Type:HMW Forward absolute velocity collision ; satellites:19,2026-09-08 15:01:32,"106.998131,-6.255967",2026-09-08 15:01:32,"106.998131,-6.255967",2026-09-08 15:01:34,51.59 km/h,No,,,,,GPS,Pending,Not Reviewed,1489.95 km
2590000898,B 9979 SYM,,Headway Monitoring Warning,"Sankyu,PT",,Alarm End,Identity ID:'' ; Name:'' ; Type:HMW Forward absolute velocity collision ; satellites:19,2026-09-08 15:01:27,"106.997635,-6.255792",2026-09-08 15:01:27,"106.997635,-6.255792",2026-09-08 15:01:29,52.81 km/h,No,,,,,GPS,Pending,Not Reviewed,1489.95 km
2590000898,B 9979 SYM,,Distracted Driving,"Sankyu,PT",,Alarm End,Identity ID:'' ; Name:'' ; Type:Distractions alarm ; satellites:18,2026-09-08 15:00:12,"106.988457,-6.252267",2026-09-08 15:00:12,"106.988457,-6.252267",2026-09-08 15:00:14,50.61 km/h,No,,,,,GPS,Pending,Not Reviewed,1488.78 km
2590000898,B 9979 SYM,,Lane Departure Warning,"Sankyu,PT",,Alarm End,Identity ID:'' ; Name:'' ; Type:Lane departure ; satellites:15,2026-09-08 14:59:30,"106.983398,-6.249784",2026-09-08 14:59:30,"106.983398,-6.249784",2026-09-08 14:59:32,50.39 km/h,No,,,,,GPS,Pending,Not Reviewed,1488.27 km
2590000898,B 9979 SYM,,Lane Departure Warning,"Sankyu,PT",,Alarm End,Identity ID:'' ; Name:'' ; Type:Lane departure ; satellites:16,2026-09-08 14:59:13,"106.981544,-6.249125",2026-09-08 14:59:13,"106.981544,-6.249125",2026-09-08 14:59:15,47.82 km/h,No,,,,,GPS,Pending,Not Reviewed,1488.02 km
2590000898,B 9979 SYM,,Headway Monitoring Warning,"Sankyu,PT",,Alarm End,Identity ID:'' ; Name:'' ; Type:HMW Forward absolute velocity collision ; satellites:19,2026-09-08 14:56:57,"106.967331,-6.252817",2026-09-08 14:56:57,"106.967331,-6.252817",2026-09-08 14:56:59,40.12 km/h,No,,,,,GPS,Pending,Not Reviewed,1486.38 km
2590000898,B 9979 SYM,,Headway Monitoring Warning,"Sankyu,PT",,Alarm End,Identity ID:'' ; Name:'' ; Type:HMW Forward absolute velocity collision ; satellites:20,2026-09-08 14:56:50,"106.966782,-6.253135",2026-09-08 14:56:50,"106.966782,-6.253135",2026-09-08 14:56:52,44.08 km/h,No,,,,,GPS,Pending,Not Reviewed,1486.27 km
2590000898,B 9979 SYM,,Lane Departure Warning,"Sankyu,PT",,Alarm End,Identity ID:'' ; Name:'' ; Type:Lane departure ; satellites:20,2026-09-08 14:56:42,"106.966034,-6.25358",2026-09-08 14:56:42,"106.966034,-6.25358",2026-09-08 14:56:44,37.16 km/h,No,,,,,GPS,Pending,Not Reviewed,1486.15 km
2590000898,B 9979 SYM,,Lane Departure Warning,"Sankyu,PT",,Alarm End,Identity ID:'' ; Name:'' ; Type:Lane departure ; satellites:20,2026-09-08 14:56:34,"106.965385,-6.253898",2026-09-08 14:56:34,"106.965385,-6.253898",2026-09-08 14:56:36,40.73 km/h,No,,,,,GPS,Pending,Not Reviewed,1486.0 km
2590000898,B 9979 SYM,,Forward Collision Warning,"Sankyu,PT",,Alarm End,Identity ID:'' ; Name:'' ; Type:FCW Forward relative velocity collision ; satellites:14,2026-09-08 14:55:34,"106.960617,-6.255595",2026-09-08 14:55:34,"106.960617,-6.255595",2026-09-08 14:55:36,20.2 km/h,No,,,,,GPS,Pending,Not Reviewed,1485.55 km
2590000898,B 9979 SYM,,Distracted Driving,"Sankyu,PT",,Alarm End,Identity ID:'' ; Name:'' ; Type:Distractions alarm ; satellites:14,2026-09-08 14:55:25,"106.960114,-6.255725",2026-09-08 14:55:25,"106.960114,-6.255725",2026-09-08 14:55:27,24.86 km/h,No,,,,,GPS,Pending,Not Reviewed,1485.44 km
2590000898,B 9979 SYM,,Lane Departure Warning,"Sankyu,PT",,Alarm End,Identity ID:'' ; Name:'' ; Type:Lane departure ; satellites:22,2026-09-08 14:53:17,"106.957718,-6.259683",2026-09-08 14:53:17,"106.957718,-6.259683",2026-09-08 14:53:19,37.18 km/h,No,,,,,GPS,Pending,Not Reviewed,1484.48 km
2590000898,B 9979 SYM,,Forward Collision Warning,"Sankyu,PT",,Alarm End,Identity ID:'' ; Name:'' ; Type:FCW Forward relative velocity collision ; satellites:21,2026-09-08 14:52:33,"106.957764,-6.26244",2026-09-08 14:52:33,"106.957764,-6.26244",2026-09-08 14:52:35,27.78 km/h,No,,,,,GPS,Pending,Not Reviewed,1484.12 km
2590000898,B 9979 SYM,,Lane Departure Warning,"Sankyu,PT",,Alarm End,Identity ID:'' ; Name:'' ; Type:Lane departure ; satellites:20,2026-09-08 14:52:20,"106.95787,-6.263595",2026-09-08 14:52:20,"106.95787,-6.263595",2026-09-08 14:52:22,36.24 km/h,No,,,,,GPS,Pending,Not Reviewed,1484.0 km
2590000898,B 9979 SYM,,Headway Monitoring Warning,"Sankyu,PT",,Alarm End,Identity ID:'' ; Name:'' ; Type:HMW Forward absolute velocity collision ; satellites:21,2026-09-08 14:51:41,"106.958443,-6.266985",2026-09-08 14:51:41,"106.958443,-6.266985",2026-09-08 14:51:43,41.16 km/h,No,,,,,GPS,Pending,Not Reviewed,1483.64 km
2590000898,B 9979 SYM,,Lane Departure Warning,"Sankyu,PT",,Alarm End,Identity ID:'' ; Name:'' ; Type:Lane departure ; satellites:21,2026-09-08 14:51:32,"106.958557,-6.267948",2026-09-08 14:51:32,"106.958557,-6.267948",2026-09-08 14:51:34,43.8 km/h,No,,,,,GPS,Pending,Not Reviewed,1483.53 km
2590000898,B 9979 SYM,,Headway Monitoring Warning,"Sankyu,PT",,Alarm End,Identity ID:'' ; Name:'' ; Type:HMW Forward absolute velocity collision ; satellites:21,2026-09-08 14:51:12,"106.958725,-6.270118",2026-09-08 14:51:12,"106.958725,-6.270118",2026-09-08 14:51:14,42.73 km/h,No,,,,,GPS,Pending,Not Reviewed,1483.28 km
2590000898,B 9979 SYM,,Lane Departure Warning,"Sankyu,PT",,Alarm End,Identity ID:'' ; Name:'' ; Type:Lane departure ; satellites:21,2026-09-08 14:50:21,"106.959236,-6.276605",2026-09-08 14:50:21,"106.959236,-6.276605",2026-09-08 14:50:24,50.15 km/h,No,,,,,GPS,Pending,Not Reviewed,1482.63 km
2590000898,B 9979 SYM,,Lane Departure Warning,"Sankyu,PT",,Alarm End,Identity ID:'' ; Name:'' ; Type:Lane departure ; satellites:22,2026-09-08 14:49:16,"106.959045,-6.284922",2026-09-08 14:49:16,"106.959045,-6.284922",2026-09-08 14:49:18,50.81 km/h,No,,,,,GPS,Pending,Not Reviewed,1481.6 km
2590000898,B 9979 SYM,,Lane Departure Warning,"Sankyu,PT",,Alarm End,Identity ID:'' ; Name:'' ; Type:Lane departure ; satellites:22,2026-09-08 14:47:09,"106.951637,-6.299708",2026-09-08 14:47:09,"106.951637,-6.299708",2026-09-08 14:47:11,48.43 km/h,No,,,,,GPS,Pending,Not Reviewed,1479.72 km
2590000898,B 9979 SYM,,Lane Departure Warning,"Sankyu,PT",,Alarm End,Identity ID:'' ; Name:'' ; Type:Lane departure ; satellites:22,2026-09-08 14:46:55,"106.950142,-6.300632",2026-09-08 14:46:55,"106.950142,-6.300632",2026-09-08 14:46:57,50.13 km/h,No,,,,,GPS,Pending,Not Reviewed,1479.6 km
2590000898,B 9979 SYM,,Headway Monitoring Warning,"Sankyu,PT",,Alarm End,Identity ID:'' ; Name:'' ; Type:HMW Forward absolute velocity collision ; satellites:22,2026-09-08 14:46:27,"106.947144,-6.302217",2026-09-08 14:46:27,"106.947144,-6.302217",2026-09-08 14:46:29,49.82 km/h,No,,,,,GPS,Pending,Not Reviewed,1479.22 km
2590000898,B 9979 SYM,,Lane Departure Warning,"Sankyu,PT",,Alarm End,Identity ID:'' ; Name:'' ; Type:Lane departure ; satellites:22,2026-09-08 14:43:55,"106.929314,-6.309847",2026-09-08 14:43:55,"106.929314,-6.309847",2026-09-08 14:43:57,50.19 km/h,No,,,,,GPS,Pending,Not Reviewed,1477.06 km
2590000898,B 9979 SYM,,Forward Collision Warning,"Sankyu,PT",,Alarm End,Identity ID:'' ; Name:'' ; Type:FCW Forward relative velocity collision ; satellites:22,2026-09-08 14:43:27,"106.926018,-6.310401",2026-09-08 14:43:27,"106.926018,-6.310401",2026-09-08 14:43:29,38.49 km/h,No,,,,,GPS,Pending,Not Reviewed,1476.68 km
2590000898,B 9979 SYM,,Lane Departure Warning,"Sankyu,PT",,Alarm End,Identity ID:'' ; Name:'' ; Type:Lane departure ; satellites:22,2026-09-08 14:43:24,"106.925728,-6.310452",2026-09-08 14:43:24,"106.925728,-6.310452",2026-09-08 14:43:28,40.55 km/h,No,,,,,GPS,Pending,Not Reviewed,1476.68 km
2590000898,B 9979 SYM,,Pedestrian Collision Warning,"Sankyu,PT",,Alarm End,Identity ID:'' ; Name:'' ; Type:Pedestrian collision ; satellites:22,2026-09-08 14:43:14,"106.92469,-6.310615",2026-09-08 14:43:14,"106.92469,-6.310615",2026-09-08 14:43:16,33.17 km/h,No,,,,,GPS,Pending,Not Reviewed,1476.56 km
2590000898,B 9979 SYM,,Pedestrian Collision Warning,"Sankyu,PT",,Alarm End,Identity ID:'' ; Name:'' ; Type:Pedestrian collision ; satellites:22,2026-09-08 14:43:08,"106.924232,-6.310695",2026-09-08 14:43:08,"106.924232,-6.310695",2026-09-08 14:43:10,30.58 km/h,No,,,,,GPS,Pending,Not Reviewed,1476.45 km
2590000898,B 9979 SYM,,Pedestrian Collision Warning,"Sankyu,PT",,Alarm End,Identity ID:'' ; Name:'' ; Type:Pedestrian collision ; satellites:22,2026-09-08 14:43:03,"106.923843,-6.310761",2026-09-08 14:43:03,"106.923843,-6.310761",2026-09-08 14:43:05,33.35 km/h,No,,,,,GPS,Pending,Not Reviewed,1476.45 km
2590000898,B 9979 SYM,,Pedestrian Collision Warning,"Sankyu,PT",,Alarm End,Identity ID:'' ; Name:'' ; Type:Pedestrian collision ; satellites:22,2026-09-08 14:42:58,"106.923416,-6.310833",2026-09-08 14:42:58,"106.923416,-6.310833",2026-09-08 14:43:00,35.87 km/h,No,,,,,GPS,Pending,Not Reviewed,1476.45 km
2590000898,B 9979 SYM,,Headway Monitoring Warning,"Sankyu,PT",,Alarm End,Identity ID:'' ; Name:'' ; Type:HMW Forward absolute velocity collision ; satellites:22,2026-09-08 14:40:48,"106.907967,-6.311843",2026-09-08 14:40:48,"106.907967,-6.311843",2026-09-08 14:40:50,43.41 km/h,No,,,,,GPS,Pending,Not Reviewed,1474.63 km
2590000898,B 9979 SYM,,Headway Monitoring Warning,"Sankyu,PT",,Alarm End,Identity ID:'' ; Name:'' ; Type:HMW Forward absolute velocity collision ; satellites:21,2026-09-08 14:40:43,"106.907433,-6.311823",2026-09-08 14:40:43,"106.907433,-6.311823",2026-09-08 14:40:45,44.51 km/h,No,,,,,GPS,Pending,Not Reviewed,1474.63 km
2590000898,B 9979 SYM,,Headway Monitoring Warning,"Sankyu,PT",,Alarm End,Identity ID:'' ; Name:'' ; Type:HMW Forward absolute velocity collision ; satellites:21,2026-09-08 14:40:38,"106.906868,-6.311769",2026-09-08 14:40:38,"106.906868,-6.311769",2026-09-08 14:40:40,45.49 km/h,No,,,,,GPS,Pending,Not Reviewed,1474.52 km
2590000898,B 9979 SYM,,Lane Departure Warning,"Sankyu,PT",,Alarm End,Identity ID:'' ; Name:'' ; Type:Lane departure ; satellites:21,2026-09-08 14:40:36,"106.906631,-6.31175",2026-09-08 14:40:36,"106.906631,-6.31175",2026-09-08 14:40:38,46.02 km/h,No,,,,,GPS,Pending,Not Reviewed,1474.52 km
2590000898,B 9979 SYM,,Headway Monitoring Warning,"Sankyu,PT",,Alarm End,Identity ID:'' ; Name:'' ; Type:HMW Forward absolute velocity collision ; satellites:22,2026-09-08 14:40:33,"106.906288,-6.311715",2026-09-08 14:40:33,"106.906288,-6.311715",2026-09-08 14:40:35,47.11 km/h,No,,,,,GPS,Pending,Not Reviewed,1474.52 km
2590000898,B 9979 SYM,,Lane Departure Warning,"Sankyu,PT",,Alarm End,Identity ID:'' ; Name:'' ; Type:Lane departure ; satellites:22,2026-09-08 14:39:17,"106.897751,-6.308198",2026-09-08 14:39:17,"106.897751,-6.308198",2026-09-08 14:39:19,52.94 km/h,No,,,,,GPS,Pending,Not Reviewed,1473.37 km
2590000898,B 9979 SYM,,Lane Departure Warning,"Sankyu,PT",,Alarm End,Identity ID:'' ; Name:'' ; Type:Lane departure ; satellites:22,2026-09-08 14:38:38,"106.892921,-6.306623",2026-09-08 14:38:38,"106.892921,-6.306623",2026-09-08 14:38:40,54.05 km/h,No,,,,,GPS,Pending,Not Reviewed,1472.86 km
2590000898,B 9979 SYM,,Lane Departure Warning,"Sankyu,PT",,Alarm End,Identity ID:'' ; Name:'' ; Type:Lane departure ; satellites:18,2026-09-08 14:34:01,"106.86393,-6.305893",2026-09-08 14:34:01,"106.86393,-6.305893",2026-09-08 14:34:03,48.89 km/h,No,,,,,GPS,Pending,Not Reviewed,1470.05 km
2590000898,B 9979 SYM,,Lane Departure Warning,"Sankyu,PT",,Alarm End,Identity ID:'' ; Name:'' ; Type:Lane departure ; satellites:22,2026-09-08 14:33:31,"106.860405,-6.305453",2026-09-08 14:33:31,"106.860405,-6.305453",2026-09-08 14:33:33,40.53 km/h,No,,,,,GPS,Pending,Not Reviewed,1469.7 km
2590000898,B 9979 SYM,,Forward Collision Warning,"Sankyu,PT",,Alarm End,Identity ID:'' ; Name:'' ; Type:FCW Forward relative velocity collision ; satellites:19,2026-09-08 14:33:16,"106.859123,-6.305558",2026-09-08 14:33:16,"106.859123,-6.305558",2026-09-08 14:33:19,37.05 km/h,No,,,,,GPS,Pending,Not Reviewed,1469.46 km
2590000898,B 9979 SYM,,Lane Departure Warning,"Sankyu,PT",,Alarm End,Identity ID:'' ; Name:'' ; Type:Lane departure ; satellites:22,2026-09-08 14:33:07,"106.858223,-6.305597",2026-09-08 14:33:07,"106.858223,-6.305597",2026-09-08 14:33:10,47.04 km/h,No,,,,,GPS,Pending,Not Reviewed,1469.46 km
2590000898,B 9979 SYM,,Lane Departure Warning,"Sankyu,PT",,Alarm End,Identity ID:'' ; Name:'' ; Type:Lane departure ; satellites:19,2026-09-08 14:32:24,"106.853592,-6.304668",2026-09-08 14:32:24,"106.853592,-6.304668",2026-09-08 14:32:26,43.32 km/h,No,,,,,GPS,Pending,Not Reviewed,1468.83 km
2590000898,B 9979 SYM,,Lane Departure Warning,"Sankyu,PT",,Alarm End,Identity ID:'' ; Name:'' ; Type:Lane departure ; satellites:18,2026-09-08 14:32:12,"106.85231,-6.30441",2026-09-08 14:32:12,"106.85231,-6.30441",2026-09-08 14:32:14,44.17 km/h,No,,,,,GPS,Pending,Not Reviewed,1468.71 km
2590000898,B 9979 SYM,,Lane Departure Warning,"Sankyu,PT",,Alarm End,Identity ID:'' ; Name:'' ; Type:Lane departure ; satellites:22,2026-09-08 14:31:34,"106.847603,-6.304097",2026-09-08 14:31:34,"106.847603,-6.304097",2026-09-08 14:31:37,44.1 km/h,No,,,,,GPS,Pending,Not Reviewed,1468.24 km
2590000898,B 9979 SYM,,Pedestrian Collision Warning,"Sankyu,PT",,Alarm End,Identity ID:'' ; Name:'' ; Type:Pedestrian collision ; satellites:22,2026-09-08 14:27:54,"106.825653,-6.29528",2026-09-08 14:27:54,"106.825653,-6.29528",2026-09-08 14:27:56,35.76 km/h,No,,,,,GPS,Pending,Not Reviewed,1465.54 km
2590000898,B 9979 SYM,,Pedestrian Collision Warning,"Sankyu,PT",,Alarm End,Identity ID:'' ; Name:'' ; Type:Pedestrian collision ; satellites:21,2026-09-08 14:27:49,"106.825264,-6.29506",2026-09-08 14:27:49,"106.825264,-6.29506",2026-09-08 14:27:51,36.88 km/h,No,,,,,GPS,Pending,Not Reviewed,1465.54 km
2590000898,B 9979 SYM,,Lane Departure Warning,"Sankyu,PT",,Alarm End,Identity ID:'' ; Name:'' ; Type:Lane departure ; satellites:21,2026-09-08 14:27:43,"106.82486,-6.294837",2026-09-08 14:27:43,"106.82486,-6.294837",2026-09-08 14:27:45,38.57 km/h,No,,,,,GPS,Pending,Not Reviewed,1465.41 km
2590000898,B 9979 SYM,,Headway Monitoring Warning,"Sankyu,PT",,Alarm End,Identity ID:'' ; Name:'' ; Type:HMW Forward absolute velocity collision ; satellites:22,2026-09-08 14:26:44,"106.818939,-6.292497",2026-09-08 14:26:44,"106.818939,-6.292497",2026-09-08 14:26:46,48.32 km/h,No,,,,,GPS,Pending,Not Reviewed,1464.83 km
2590000898,B 9979 SYM,,Lane Departure Warning,"Sankyu,PT",,Alarm End,Identity ID:'' ; Name:'' ; Type:Lane departure ; satellites:21,2026-09-08 14:26:39,"106.818336,-6.292383",2026-09-08 14:26:39,"106.818336,-6.292383",2026-09-08 14:26:41,49.43 km/h,No,,,,,GPS,Pending,Not Reviewed,1464.71 km
2590000898,B 9979 SYM,,Headway Monitoring Warning,"Sankyu,PT",,Alarm End,Identity ID:'' ; Name:'' ; Type:HMW Forward absolute velocity collision ; satellites:14,2026-09-08 14:26:33,"106.817574,-6.29234",2026-09-08 14:26:33,"106.817574,-6.29234",2026-09-08 14:26:35,49.58 km/h,No,,,,,GPS,Pending,Not Reviewed,1464.58 km
2590000898,B 9979 SYM,,Headway Monitoring Warning,"Sankyu,PT",,Alarm End,Identity ID:'' ; Name:'' ; Type:HMW Forward absolute velocity collision ; satellites:22,2026-09-08 14:26:07,"106.814133,-6.292165",2026-09-08 14:26:07,"106.814133,-6.292165",2026-09-08 14:26:09,48.61 km/h,No,,,,,GPS,Pending,Not Reviewed,1464.19 km
2590000898,B 9979 SYM,,Headway Monitoring Warning,"Sankyu,PT",,Alarm End,Identity ID:'' ; Name:'' ; Type:HMW Forward absolute velocity collision ; satellites:21,2026-09-08 14:26:00,"106.813408,-6.292133",2026-09-08 14:26:00,"106.813408,-6.292133",2026-09-08 14:26:02,46.41 km/h,No,,,,,GPS,Pending,Not Reviewed,1464.19 km
2590000898,B 9979 SYM,,Lane Departure Warning,"Sankyu,PT",,Alarm End,Identity ID:'' ; Name:'' ; Type:Lane departure ; satellites:22,2026-09-08 14:24:03,"106.799301,-6.292237",2026-09-08 14:24:03,"106.799301,-6.292237",2026-09-08 14:24:05,48.8 km/h,No,,,,,GPS,Pending,Not Reviewed,1462.6 km
2590000898,B 9979 SYM,,Lane Departure Warning,"Sankyu,PT",,Alarm End,Identity ID:'' ; Name:'' ; Type:Lane departure ; satellites:18,2026-09-08 14:23:37,"106.79628,-6.29224",2026-09-08 14:23:37,"106.79628,-6.29224",2026-09-08 14:23:40,47.24 km/h,No,,,,,GPS,Pending,Not Reviewed,1462.24 km
2590000898,B 9979 SYM,,Lane Departure Warning,"Sankyu,PT",,Alarm End,Identity ID:'' ; Name:'' ; Type:Lane departure ; satellites:21,2026-09-08 14:22:43,"106.790054,-6.29221",2026-09-08 14:22:43,"106.790054,-6.29221",2026-09-08 14:22:45,49.52 km/h,No,,,,,GPS,Pending,Not Reviewed,1461.55 km
2590000898,B 9979 SYM,,Headway Monitoring Warning,"Sankyu,PT",,Alarm End,Identity ID:'' ; Name:'' ; Type:HMW Forward absolute velocity collision ; satellites:21,2026-09-08 14:22:43,"106.790176,-6.292207",2026-09-08 14:22:43,"106.790176,-6.292207",2026-09-08 14:22:45,49.02 km/h,No,,,,,GPS,Pending,Not Reviewed,1461.55 km
2590000898,B 9979 SYM,,Headway Monitoring Warning,"Sankyu,PT",,Alarm End,Identity ID:'' ; Name:'' ; Type:HMW Forward absolute velocity collision ; satellites:17,2026-09-08 14:22:10,"106.786331,-6.29205",2026-09-08 14:22:10,"106.786331,-6.29205",2026-09-08 14:22:13,46.45 km/h,No,,,,,GPS,Pending,Not Reviewed,1461.2 km
2590000898,B 9979 SYM,,Lane Departure Warning,"Sankyu,PT",,Alarm End,Identity ID:'' ; Name:'' ; Type:Lane departure ; satellites:20,2026-09-08 14:21:18,"106.780014,-6.290041",2026-09-08 14:21:18,"106.780014,-6.290041",2026-09-08 14:21:20,50.07 km/h,No,,,,,GPS,Pending,Not Reviewed,1460.44 km
2590000898,B 9979 SYM,,Forward Collision Warning,"Sankyu,PT",,Alarm End,Identity ID:'' ; Name:'' ; Type:FCW Forward relative velocity collision ; satellites:19,2026-09-08 14:19:49,"106.773552,-6.283028",2026-09-08 14:19:49,"106.773552,-6.283028",2026-09-08 14:19:51,32.24 km/h,No,,,,,GPS,Pending,Not Reviewed,1459.37 km
2590000898,B 9979 SYM,,Lane Departure Warning,"Sankyu,PT",,Alarm End,Identity ID:'' ; Name:'' ; Type:Lane departure ; satellites:22,2026-09-08 14:18:45,"106.76944,-6.278145",2026-09-08 14:18:45,"106.76944,-6.278145",2026-09-08 14:18:48,45.71 km/h,No,,,,,GPS,Pending,Not Reviewed,1458.67 km
2590000898,B 9979 SYM,,Lane Departure Warning,"Sankyu,PT",,Alarm End,Identity ID:'' ; Name:'' ; Type:Lane departure ; satellites:16,2026-09-08 14:18:13,"106.767876,-6.274428",2026-09-08 14:18:13,"106.767876,-6.274428",2026-09-08 14:18:15,51.26 km/h,No,,,,,GPS,Pending,Not Reviewed,1458.16 km
2590000898,B 9979 SYM,,Headway Monitoring Warning,"Sankyu,PT",,Alarm End,Identity ID:'' ; Name:'' ; Type:HMW Forward absolute velocity collision ; satellites:16,2026-09-08 14:17:35,"106.768463,-6.269742",2026-09-08 14:17:35,"106.768463,-6.269742",2026-09-08 14:17:37,49.93 km/h,No,,,,,GPS,Pending,Not Reviewed,1457.68 km
2590000898,B 9979 SYM,,Headway Monitoring Warning,"Sankyu,PT",,Alarm End,Identity ID:'' ; Name:'' ; Type:HMW Forward absolute velocity collision ; satellites:19,2026-09-08 14:17:30,"106.76844,-6.2691",2026-09-08 14:17:30,"106.76844,-6.2691",2026-09-08 14:17:32,49.95 km/h,No,,,,,GPS,Pending,Not Reviewed,1457.68 km
2590000898,B 9979 SYM,,Headway Monitoring Warning,"Sankyu,PT",,Alarm End,Identity ID:'' ; Name:'' ; Type:HMW Forward absolute velocity collision ; satellites:18,2026-09-08 14:17:25,"106.768349,-6.26849",2026-09-08 14:17:25,"106.768349,-6.26849",2026-09-08 14:17:27,49.56 km/h,No,,,,,GPS,Pending,Not Reviewed,1457.56 km
2590000898,B 9979 SYM,,Headway Monitoring Warning,"Sankyu,PT",,Alarm End,Identity ID:'' ; Name:'' ; Type:HMW Forward absolute velocity collision ; satellites:17,2026-09-08 14:17:20,"106.768166,-6.267937",2026-09-08 14:17:20,"106.768166,-6.267937",2026-09-08 14:17:22,46.65 km/h,No,,,,,GPS,Pending,Not Reviewed,1457.44 km
2590000898,B 9979 SYM,,Headway Monitoring Warning,"Sankyu,PT",,Alarm End,Identity ID:'' ; Name:'' ; Type:HMW Forward absolute velocity collision ; satellites:19,2026-09-08 14:17:15,"106.768059,-6.26746",2026-09-08 14:17:15,"106.768059,-6.26746",2026-09-08 14:17:17,47.43 km/h,No,,,,,GPS,Pending,Not Reviewed,1457.44 km
2590000898,B 9979 SYM,,Lane Departure Warning,"Sankyu,PT",,Alarm End,Identity ID:'' ; Name:'' ; Type:Lane departure ; satellites:21,2026-09-08 14:16:43,"106.767738,-6.263361",2026-09-08 14:16:43,"106.767738,-6.263361",2026-09-08 14:16:45,49.08 km/h,No,,,,,GPS,Pending,Not Reviewed,1456.94 km
2590000898,B 9979 SYM,,Forward Collision Warning,"Sankyu,PT",,Alarm End,Identity ID:'' ; Name:'' ; Type:FCW Forward relative velocity collision ; satellites:19,2026-09-08 14:15:48,"106.765503,-6.257408",2026-09-08 14:15:48,"106.765503,-6.257408",2026-09-08 14:15:50,48.08 km/h,No,,,,,GPS,Pending,Not Reviewed,1456.23 km
2590000898,B 9979 SYM,,Lane Departure Warning,"Sankyu,PT",,Alarm End,Identity ID:'' ; Name:'' ; Type:Lane departure ; satellites:19,2026-09-08 14:15:44,"106.765396,-6.256952",2026-09-08 14:15:44,"106.765396,-6.256952",2026-09-08 14:15:47,45.06 km/h,No,,,,,GPS,Pending,Not Reviewed,1456.23 km
2590000898,B 9979 SYM,,Forward Collision Warning,"Sankyu,PT",,Alarm End,Identity ID:'' ; Name:'' ; Type:FCW Forward relative velocity collision ; satellites:20,2026-09-08 14:14:57,"106.764259,-6.252807",2026-09-08 14:14:57,"106.764259,-6.252807",2026-09-08 14:14:59,35.57 km/h,No,,,,,GPS,Pending,Not Reviewed,1455.75 km
2590000898,B 9979 SYM,,Headway Monitoring Warning,"Sankyu,PT",,Alarm End,Identity ID:'' ; Name:'' ; Type:HMW Forward absolute velocity collision ; satellites:20,2026-09-08 14:14:26,"106.76236,-6.25002",2026-09-08 14:14:26,"106.76236,-6.25002",2026-09-08 14:14:28,50.13 km/h,No,,,,,GPS,Pending,Not Reviewed,1455.38 km
2590000898,B 9979 SYM,,Lane Departure Warning,"Sankyu,PT",,Alarm End,Identity ID:'' ; Name:'' ; Type:Lane departure ; satellites:21,2026-09-08 14:13:14,"106.758751,-6.242048",2026-09-08 14:13:14,"106.758751,-6.242048",2026-09-08 14:13:16,49.95 km/h,No,,,,,GPS,Pending,Not Reviewed,1454.39 km
2590000898,B 9979 SYM,,Headway Monitoring Warning,"Sankyu,PT",,Alarm End,Identity ID:'' ; Name:'' ; Type:HMW Forward absolute velocity collision ; satellites:20,2026-09-08 14:12:30,"106.757156,-6.236673",2026-09-08 14:12:30,"106.757156,-6.236673",2026-09-08 14:12:32,49.96 km/h,No,,,,,GPS,Pending,Not Reviewed,1453.75 km
2590000898,B 9979 SYM,,Eyes Closed,"Sankyu,PT",,Alarm End,Identity ID:'' ; Name:'' ; Type:Eyes closed ; satellites:20,2026-09-08 14:10:48,"106.750381,-6.226403",2026-09-08 14:10:48,"106.750381,-6.226403",2026-09-08 14:10:50,40.73 km/h,No,,,,,GPS,Pending,Not Reviewed,1452.37 km
2590000898,B 9979 SYM,,Lane Departure Warning,"Sankyu,PT",,Alarm End,Identity ID:'' ; Name:'' ; Type:Lane departure ; satellites:22,2026-09-08 14:10:14,"106.748428,-6.223428",2026-09-08 14:10:14,"106.748428,-6.223428",2026-09-08 14:10:16,43.99 km/h,No,,,,,GPS,Pending,Not Reviewed,1452.02 km
2590000898,B 9979 SYM,,Pedestrian Collision Warning,"Sankyu,PT",,Alarm End,Identity ID:'' ; Name:'' ; Type:Pedestrian collision ; satellites:22,2026-09-08 14:09:34,"106.74588,-6.219141",2026-09-08 14:09:34,"106.74588,-6.219141",2026-09-08 14:09:36,44.15 km/h,No,,,,,GPS,Pending,Not Reviewed,1451.53 km
2590000898,B 9979 SYM,,Lane Departure Warning,"Sankyu,PT",,Alarm End,Identity ID:'' ; Name:'' ; Type:Lane departure ; satellites:21,2026-09-08 14:09:30,"106.745659,-6.218757",2026-09-08 14:09:30,"106.745659,-6.218757",2026-09-08 14:09:32,43.66 km/h,No,,,,,GPS,Pending,Not Reviewed,1451.41 km
2590000898,B 9979 SYM,,Forward Collision Warning,"Sankyu,PT",,Alarm End,Identity ID:'' ; Name:'' ; Type:FCW Forward relative velocity collision ; satellites:22,2026-09-08 14:09:28,"106.745598,-6.218662",2026-09-08 14:09:28,"106.745598,-6.218662",2026-09-08 14:09:31,44.23 km/h,No,,,,,GPS,Pending,Not Reviewed,1451.41 km
2590000898,B 9979 SYM,,Headway Monitoring Warning,"Sankyu,PT",,Alarm End,Identity ID:'' ; Name:'' ; Type:HMW Forward absolute velocity collision ; satellites:22,2026-09-08 14:09:05,"106.744354,-6.216425",2026-09-08 14:09:05,"106.744354,-6.216425",2026-09-08 14:09:08,46.8 km/h,No,,,,,GPS,Pending,Not Reviewed,1451.07 km
2590000898,B 9979 SYM,,Lane Departure Warning,"Sankyu,PT",,Alarm End,Identity ID:'' ; Name:'' ; Type:Lane departure ; satellites:22,2026-09-08 14:08:02,"106.740555,-6.209658",2026-09-08 14:08:02,"106.740555,-6.209658",2026-09-08 14:08:04,53.48 km/h,No,,,,,GPS,Pending,Not Reviewed,1450.2 km
2590000898,B 9979 SYM,,Lane Departure Warning,"Sankyu,PT",,Alarm End,Identity ID:'' ; Name:'' ; Type:Lane departure ; satellites:22,2026-09-08 14:06:58,"106.736557,-6.202073",2026-09-08 14:06:58,"106.736557,-6.202073",2026-09-08 14:07:00,50.81 km/h,No,,,,,GPS,Pending,Not Reviewed,1449.27 km
2590000898,B 9979 SYM,,Pedestrian Collision Warning,"Sankyu,PT",,Alarm End,Identity ID:'' ; Name:'' ; Type:Pedestrian collision ; satellites:20,2026-09-08 14:04:22,"106.732468,-6.193038",2026-09-08 14:04:22,"106.732468,-6.193038",2026-09-08 14:04:25,34.57 km/h,No,,,,,GPS,Pending,Not Reviewed,1448.26 km
2590000898,B 9979 SYM,,Headway Monitoring Warning,"Sankyu,PT",,Alarm End,Identity ID:'' ; Name:'' ; Type:HMW Forward absolute velocity collision ; satellites:22,2026-09-08 14:02:43,"106.729988,-6.190933",2026-09-08 14:02:43,"106.729988,-6.190933",2026-09-08 14:02:45,45.75 km/h,No,,,,,GPS,Pending,Not Reviewed,1447.28 km
2590000898,B 9979 SYM,,Lane Departure Warning,"Sankyu,PT",,Alarm End,Identity ID:'' ; Name:'' ; Type:Lane departure ; satellites:22,2026-09-08 14:02:41,"106.729645,-6.190962",2026-09-08 14:02:41,"106.729645,-6.190962",2026-09-08 14:02:43,47.0 km/h,No,,,,,GPS,Pending,Not Reviewed,1447.28 km
2590000898,B 9979 SYM,,Lane Departure Warning,"Sankyu,PT",,Alarm End,Identity ID:'' ; Name:'' ; Type:Lane departure ; satellites:22,2026-09-08 14:01:43,"106.724625,-6.190555",2026-09-08 14:01:43,"106.724625,-6.190555",2026-09-08 14:01:45,41.77 km/h,No,,,,,GPS,Pending,Not Reviewed,1446.7 km
2590000898,B 9979 SYM,,Lane Departure Warning,"Sankyu,PT",,Alarm End,Identity ID:'' ; Name:'' ; Type:Lane departure ; satellites:22,2026-09-08 14:01:36,"106.723839,-6.190635",2026-09-08 14:01:36,"106.723839,-6.190635",2026-09-08 14:01:38,43.53 km/h,No,,,,,GPS,Pending,Not Reviewed,1446.59 km
2590000898,B 9979 SYM,,Lane Departure Warning,"Sankyu,PT",,Alarm End,Identity ID:'' ; Name:'' ; Type:Lane departure ; satellites:22,2026-09-08 14:01:29,"106.723213,-6.190757",2026-09-08 14:01:29,"106.723213,-6.190757",2026-09-08 14:01:32,45.75 km/h,No,,,,,GPS,Pending,Not Reviewed,1446.47 km
2590000898,B 9979 SYM,,Lane Departure Warning,"Sankyu,PT",,Alarm End,Identity ID:'' ; Name:'' ; Type:Lane departure ; satellites:22,2026-09-08 14:01:21,"106.722282,-6.190989",2026-09-08 14:01:21,"106.722282,-6.190989",2026-09-08 14:01:23,49.28 km/h,No,,,,,GPS,Pending,Not Reviewed,1446.47 km
2590000898,B 9979 SYM,,Lane Departure Warning,"Sankyu,PT",,Alarm End,Identity ID:'' ; Name:'' ; Type:Lane departure ; satellites:22,2026-09-08 14:01:00,"106.719711,-6.191852",2026-09-08 14:01:00,"106.719711,-6.191852",2026-09-08 14:01:02,46.45 km/h,No,,,,,GPS,Pending,Not Reviewed,1446.11 km
2590000898,B 9979 SYM,,Lane Departure Warning,"Sankyu,PT",,Alarm End,Identity ID:'' ; Name:'' ; Type:Lane departure ; satellites:22,2026-09-08 14:00:53,"106.718971,-6.192197",2026-09-08 14:00:53,"106.718971,-6.192197",2026-09-08 14:00:55,47.28 km/h,No,,,,,GPS,Pending,Not Reviewed,1445.99 km
2590000898,B 9979 SYM,,Headway Monitoring Warning,"Sankyu,PT",,Alarm End,Identity ID:'' ; Name:'' ; Type:HMW Forward absolute velocity collision ; satellites:22,2026-09-08 14:00:07,"106.714554,-6.195352",2026-09-08 14:00:07,"106.714554,-6.195352",2026-09-08 14:00:09,45.62 km/h,No,,,,,GPS,Pending,Not Reviewed,1445.41 km
2590000898,B 9979 SYM,,Headway Monitoring Warning,"Sankyu,PT",,Alarm End,Identity ID:'' ; Name:'' ; Type:HMW Forward absolute velocity collision ; satellites:22,2026-09-08 14:00:02,"106.714104,-6.195695",2026-09-08 14:00:02,"106.714104,-6.195695",2026-09-08 14:00:04,44.06 km/h,No,,,,,GPS,Pending,Not Reviewed,1445.41 km
2590000898,B 9979 SYM,,Headway Monitoring Warning,"Sankyu,PT",,Alarm End,Identity ID:'' ; Name:'' ; Type:HMW Forward absolute velocity collision ; satellites:22,2026-09-08 13:59:57,"106.713768,-6.195955",2026-09-08 13:59:57,"106.713768,-6.195955",2026-09-08 14:00:00,44.06 km/h,No,,,,,GPS,Pending,Not Reviewed,1445.3 km
2590000898,B 9979 SYM,,Lane Departure Warning,"Sankyu,PT",,Alarm End,Identity ID:'' ; Name:'' ; Type:Lane departure ; satellites:22,2026-09-08 13:59:42,"106.712433,-6.197042",2026-09-08 13:59:42,"106.712433,-6.197042",2026-09-08 13:59:44,44.58 km/h,No,,,,,GPS,Pending,Not Reviewed,1445.18 km
2590000898,B 9979 SYM,,Forward Collision Warning,"Sankyu,PT",,Alarm End,Identity ID:'' ; Name:'' ; Type:FCW Forward relative velocity collision ; satellites:22,2026-09-08 13:58:55,"106.707748,-6.200706",2026-09-08 13:58:55,"106.707748,-6.200706",2026-09-08 13:58:57,52.07 km/h,No,,,,,GPS,Pending,Not Reviewed,1444.42 km
2590000898,B 9979 SYM,,Headway Monitoring Warning,"Sankyu,PT",,Alarm End,Identity ID:'' ; Name:'' ; Type:HMW Forward absolute velocity collision ; satellites:22,2026-09-08 13:57:36,"106.699654,-6.207048",2026-09-08 13:57:36,"106.699654,-6.207048",2026-09-08 13:57:38,47.73 km/h,No,,,,,GPS,Pending,Not Reviewed,1443.39 km
2590000898,B 9979 SYM,,Headway Monitoring Warning,"Sankyu,PT",,Alarm End,Identity ID:'' ; Name:'' ; Type:HMW Forward absolute velocity collision ; satellites:22,2026-09-08 13:57:31,"106.699219,-6.207378",2026-09-08 13:57:31,"106.699219,-6.207378",2026-09-08 13:57:33,43.77 km/h,No,,,,,GPS,Pending,Not Reviewed,1443.28 km
2590000898,B 9979 SYM,,Lane Departure Warning,"Sankyu,PT",,Alarm End,Identity ID:'' ; Name:'' ; Type:Lane departure ; satellites:22,2026-09-08 13:57:31,"106.69931,-6.207312",2026-09-08 13:57:31,"106.69931,-6.207312",2026-09-08 13:57:33,43.77 km/h,No,,,,,GPS,Pending,Not Reviewed,1443.28 km
2590000898,B 9979 SYM,,Headway Monitoring Warning,"Sankyu,PT",,Alarm End,Identity ID:'' ; Name:'' ; Type:HMW Forward absolute velocity collision ; satellites:22,2026-09-08 13:57:26,"106.698845,-6.207638",2026-09-08 13:57:26,"106.698845,-6.207638",2026-09-08 13:57:28,46.84 km/h,No,,,,,GPS,Pending,Not Reviewed,1443.16 km
2590000898,B 9979 SYM,,Forward Collision Warning,"Sankyu,PT",,Alarm End,Identity ID:'' ; Name:'' ; Type:FCW Forward relative velocity collision ; satellites:22,2026-09-08 13:57:25,"106.698738,-6.207705",2026-09-08 13:57:25,"106.698738,-6.207705",2026-09-08 13:57:27,47.26 km/h,No,,,,,GPS,Pending,Not Reviewed,1443.16 km
2590000898,B 9979 SYM,,Headway Monitoring Warning,"Sankyu,PT",,Alarm End,Identity ID:'' ; Name:'' ; Type:HMW Forward absolute velocity collision ; satellites:22,2026-09-08 13:56:04,"106.689796,-6.211498",2026-09-08 13:56:04,"106.689796,-6.211498",2026-09-08 13:56:06,42.92 km/h,No,,,,,GPS,Pending,Not Reviewed,1442.1 km
2590000898,B 9979 SYM,,Lane Departure Warning,"Sankyu,PT",,Alarm End,Identity ID:'' ; Name:'' ; Type:Lane departure ; satellites:22,2026-09-08 13:55:11,"106.684212,-6.213023",2026-09-08 13:55:11,"106.684212,-6.213023",2026-09-08 13:55:14,52.52 km/h,No,,,,,GPS,Pending,Not Reviewed,1441.46 km
2590000898,B 9979 SYM,,Lane Departure Warning,"Sankyu,PT",,Alarm End,Identity ID:'' ; Name:'' ; Type:Lane departure ; satellites:22,2026-09-08 13:54:19,"106.677811,-6.214795",2026-09-08 13:54:19,"106.677811,-6.214795",2026-09-08 13:54:21,47.28 km/h,No,,,,,GPS,Pending,Not Reviewed,1440.71 km
2590000898,B 9979 SYM,,Lane Departure Warning,"Sankyu,PT",,Alarm End,Identity ID:'' ; Name:'' ; Type:Lane departure ; satellites:22,2026-09-08 13:53:10,"106.669952,-6.216998",2026-09-08 13:53:10,"106.669952,-6.216998",2026-09-08 13:53:12,50.65 km/h,No,,,,,GPS,Pending,Not Reviewed,1439.88 km
2590000898,B 9979 SYM,,Headway Monitoring Warning,"Sankyu,PT",,Alarm End,Identity ID:'' ; Name:'' ; Type:HMW Forward absolute velocity collision ; satellites:22,2026-09-08 13:53:10,"106.669952,-6.216998",2026-09-08 13:53:10,"106.669952,-6.216998",2026-09-08 13:53:12,50.65 km/h,No,,,,,GPS,Pending,Not Reviewed,1439.88 km
2590000898,B 9979 SYM,,Lane Departure Warning,"Sankyu,PT",,Alarm End,Identity ID:'' ; Name:'' ; Type:Lane departure ; satellites:21,2026-09-08 13:51:33,"106.657631,-6.219225",2026-09-08 13:51:33,"106.657631,-6.219225",2026-09-08 13:51:35,50.52 km/h,No,,,,,GPS,Pending,Not Reviewed,1438.46 km
2590000898,B 9979 SYM,,Lane Departure Warning,"Sankyu,PT",,Alarm End,Identity ID:'' ; Name:'' ; Type:Lane departure ; satellites:22,2026-09-08 13:50:54,"106.65284,-6.219895",2026-09-08 13:50:54,"106.65284,-6.219895",2026-09-08 13:50:56,46.93 km/h,No,,,,,GPS,Pending,Not Reviewed,1437.97 km
2590000898,B 9979 SYM,,Lane Departure Warning,"Sankyu,PT",,Alarm End,Identity ID:'' ; Name:'' ; Type:Lane departure ; satellites:22,2026-09-08 13:48:47,"106.637329,-6.222113",2026-09-08 13:48:47,"106.637329,-6.222113",2026-09-08 13:48:49,52.59 km/h,No,,,,,GPS,Pending,Not Reviewed,1436.24 km
2590000898,B 9979 SYM,,Lane Departure Warning,"Sankyu,PT",,Alarm End,Identity ID:'' ; Name:'' ; Type:Lane departure ; satellites:21,2026-09-08 13:48:39,"106.636162,-6.222271",2026-09-08 13:48:39,"106.636162,-6.222271",2026-09-08 13:48:41,52.41 km/h,No,,,,,GPS,Pending,Not Reviewed,1436.11 km
2590000898,B 9979 SYM,,Lane Departure Warning,"Sankyu,PT",,Alarm End,Identity ID:'' ; Name:'' ; Type:Lane departure ; satellites:21,2026-09-08 13:46:44,"106.622246,-6.224258",2026-09-08 13:46:44,"106.622246,-6.224258",2026-09-08 13:46:46,40.77 km/h,No,,,,,GPS,Pending,Not Reviewed,1434.57 km
2590000898,B 9979 SYM,,Lane Departure Warning,"Sankyu,PT",,Alarm End,Identity ID:'' ; Name:'' ; Type:Lane departure ; satellites:21,2026-09-08 13:46:04,"106.617775,-6.224903",2026-09-08 13:46:04,"106.617775,-6.224903",2026-09-08 13:46:07,51.48 km/h,No,,,,,GPS,Pending,Not Reviewed,1434.08 km
2590000898,B 9979 SYM,,Lane Departure Warning,"Sankyu,PT",,Alarm End,Identity ID:'' ; Name:'' ; Type:Lane departure ; satellites:22,2026-09-08 13:42:57,"106.595085,-6.223442",2026-09-08 13:42:57,"106.595085,-6.223442",2026-09-08 13:42:59,42.1 km/h,No,,,,,GPS,Pending,Not Reviewed,1431.58 km
2590000898,B 9979 SYM,,Headway Monitoring Warning,"Sankyu,PT",,Alarm End,Identity ID:'' ; Name:'' ; Type:HMW Forward absolute velocity collision ; satellites:22,2026-09-08 13:41:40,"106.586487,-6.222621",2026-09-08 13:41:40,"106.586487,-6.222621",2026-09-08 13:41:42,47.91 km/h,No,,,,,GPS,Pending,Not Reviewed,1430.62 km
2590000898,B 9979 SYM,,Lane Departure Warning,"Sankyu,PT",,Alarm End,Identity ID:'' ; Name:'' ; Type:Lane departure ; satellites:22,2026-09-08 13:40:57,"106.581085,-6.22211",2026-09-08 13:40:57,"106.581085,-6.22211",2026-09-08 13:40:59,50.32 km/h,No,,,,,GPS,Pending,Not Reviewed,1430.01 km
2590000898,B 9979 SYM,,Lane Departure Warning,"Sankyu,PT",,Alarm End,Identity ID:'' ; Name:'' ; Type:Lane departure ; satellites:22,2026-09-08 13:39:53,"106.573792,-6.22147",2026-09-08 13:39:53,"106.573792,-6.22147",2026-09-08 13:39:55,49.5 km/h,No,,,,,GPS,Pending,Not Reviewed,1429.17 km
2590000898,B 9979 SYM,,Lane Departure Warning,"Sankyu,PT",,Alarm End,Identity ID:'' ; Name:'' ; Type:Lane departure ; satellites:22,2026-09-08 13:39:37,"106.572006,-6.22131",2026-09-08 13:39:37,"106.572006,-6.22131",2026-09-08 13:39:39,44.36 km/h,No,,,,,GPS,Pending,Not Reviewed,1428.94 km
2590000898,B 9979 SYM,,Headway Monitoring Warning,"Sankyu,PT",,Alarm End,Identity ID:'' ; Name:'' ; Type:HMW Forward absolute velocity collision ; satellites:22,2026-09-08 13:39:29,"106.571114,-6.221225",2026-09-08 13:39:29,"106.571114,-6.221225",2026-09-08 13:39:31,44.86 km/h,No,,,,,GPS,Pending,Not Reviewed,1428.83 km
2590000898,B 9979 SYM,,Lane Departure Warning,"Sankyu,PT",,Alarm End,Identity ID:'' ; Name:'' ; Type:Lane departure ; satellites:21,2026-09-08 13:36:59,"106.55452,-6.21567",2026-09-08 13:36:59,"106.55452,-6.21567",2026-09-08 13:37:01,45.58 km/h,No,,,,,GPS,Pending,Not Reviewed,1426.95 km
2590000898,B 9979 SYM,,Lane Departure Warning,"Sankyu,PT",,Alarm End,Identity ID:'' ; Name:'' ; Type:Lane departure ; satellites:20,2026-09-08 13:34:26,"106.539459,-6.206945",2026-09-08 13:34:26,"106.539459,-6.206945",2026-09-08 13:34:28,52.04 km/h,No,,,,,GPS,Pending,Not Reviewed,1424.94 km
2590000898,B 9979 SYM,,Lane Departure Warning,"Sankyu,PT",,Alarm End,Identity ID:'' ; Name:'' ; Type:Lane departure ; satellites:22,2026-09-08 13:33:12,"106.530838,-6.205588",2026-09-08 13:33:12,"106.530838,-6.205588",2026-09-08 13:33:15,42.62 km/h,No,,,,,GPS,Pending,Not Reviewed,1423.92 km
2590000898,B 9979 SYM,,Lane Departure Warning,"Sankyu,PT",,Alarm End,Identity ID:'' ; Name:'' ; Type:Lane departure ; satellites:22,2026-09-08 13:32:39,"106.527344,-6.20544",2026-09-08 13:32:39,"106.527344,-6.20544",2026-09-08 13:32:41,39.68 km/h,No,,,,,GPS,Pending,Not Reviewed,1423.55 km
2590000898,B 9979 SYM,,Lane Departure Warning,"Sankyu,PT",,Alarm End,Identity ID:'' ; Name:'' ; Type:Lane departure ; satellites:22,2026-09-08 13:30:42,"106.519257,-6.205272",2026-09-08 13:30:42,"106.519257,-6.205272",2026-09-08 13:30:45,45.28 km/h,No,,,,,GPS,Pending,Not Reviewed,1422.75 km
2590000898,B 9979 SYM,,Lane Departure Warning,"Sankyu,PT",,Alarm End,Identity ID:'' ; Name:'' ; Type:Lane departure ; satellites:22,2026-09-08 13:30:33,"106.518196,-6.205252",2026-09-08 13:30:33,"106.518196,-6.205252",2026-09-08 13:30:35,48.24 km/h,No,,,,,GPS,Pending,Not Reviewed,1422.63 km
2590000898,B 9979 SYM,,Headway Monitoring Warning,"Sankyu,PT",,Alarm End,Identity ID:'' ; Name:'' ; Type:HMW Forward absolute velocity collision ; satellites:22,2026-09-08 13:30:15,"106.515953,-6.205005",2026-09-08 13:30:15,"106.515953,-6.205005",2026-09-08 13:30:17,46.12 km/h,No,,,,,GPS,Pending,Not Reviewed,1422.39 km
2590000898,B 9979 SYM,,Lane Departure Warning,"Sankyu,PT",,Alarm End,Identity ID:'' ; Name:'' ; Type:Lane departure ; satellites:21,2026-09-08 13:30:07,"106.515129,-6.204885",2026-09-08 13:30:07,"106.515129,-6.204885",2026-09-08 13:30:09,47.34 km/h,No,,,,,GPS,Pending,Not Reviewed,1422.28 km
2590000898,B 9979 SYM,,Forward Collision Warning,"Sankyu,PT",,Alarm End,Identity ID:'' ; Name:'' ; Type:FCW Forward relative velocity collision ; satellites:22,2026-09-08 13:30:03,"106.514534,-6.204802",2026-09-08 13:30:03,"106.514534,-6.204802",2026-09-08 13:30:05,49.3 km/h,No,,,,,GPS,Pending,Not Reviewed,1422.15 km
2590000898,B 9979 SYM,,Forward Collision Warning,"Sankyu,PT",,Alarm End,Identity ID:'' ; Name:'' ; Type:FCW Forward relative velocity collision ; satellites:21,2026-09-08 13:29:17,"106.509117,-6.203667",2026-09-08 13:29:17,"106.509117,-6.203667",2026-09-08 13:29:19,47.0 km/h,No,,,,,GPS,Pending,Not Reviewed,1421.56 km
2590000898,B 9979 SYM,,Lane Departure Warning,"Sankyu,PT",,Alarm End,Identity ID:'' ; Name:'' ; Type:Lane departure ; satellites:22,2026-09-08 13:27:59,"106.500092,-6.201655",2026-09-08 13:27:59,"106.500092,-6.201655",2026-09-08 13:28:01,46.65 km/h,No,,,,,GPS,Pending,Not Reviewed,1420.62 km
2590000898,B 9979 SYM,,Lane Departure Warning,"Sankyu,PT",,Alarm End,Identity ID:'' ; Name:'' ; Type:Lane departure ; satellites:22,2026-09-08 13:27:45,"106.498604,-6.201327",2026-09-08 13:27:45,"106.498604,-6.201327",2026-09-08 13:27:47,47.63 km/h,No,,,,,GPS,Pending,Not Reviewed,1420.38 km
2590000898,B 9979 SYM,,Lane Departure Warning,"Sankyu,PT",,Alarm End,Identity ID:'' ; Name:'' ; Type:Lane departure ; satellites:22,2026-09-08 13:27:21,"106.495743,-6.200712",2026-09-08 13:27:21,"106.495743,-6.200712",2026-09-08 13:27:23,48.78 km/h,No,,,,,GPS,Pending,Not Reviewed,1420.02 km
2590000898,B 9979 SYM,,Lane Departure Warning,"Sankyu,PT",,Alarm End,Identity ID:'' ; Name:'' ; Type:Lane departure ; satellites:22,2026-09-08 13:26:54,"106.492378,-6.20005",2026-09-08 13:26:54,"106.492378,-6.20005",2026-09-08 13:26:56,49.91 km/h,No,,,,,GPS,Pending,Not Reviewed,1419.65 km
2590000898,B 9979 SYM,,Lane Departure Warning,"Sankyu,PT",,Alarm End,Identity ID:'' ; Name:'' ; Type:Lane departure ; satellites:21,2026-09-08 13:26:25,"106.488953,-6.199922",2026-09-08 13:26:25,"106.488953,-6.199922",2026-09-08 13:26:27,48.8 km/h,No,,,,,GPS,Pending,Not Reviewed,1419.28 km
2590000898,B 9979 SYM,,Lane Departure Warning,"Sankyu,PT",,Alarm End,Identity ID:'' ; Name:'' ; Type:Lane departure ; satellites:22,2026-09-08 13:25:40,"106.483604,-6.201082",2026-09-08 13:25:40,"106.483604,-6.201082",2026-09-08 13:25:42,48.43 km/h,No,,,,,GPS,Pending,Not Reviewed,1418.68 km
2590000898,B 9979 SYM,,Headway Monitoring Warning,"Sankyu,PT",,Alarm End,Identity ID:'' ; Name:'' ; Type:HMW Forward absolute velocity collision ; satellites:22,2026-09-08 13:24:39,"106.47686,-6.204367",2026-09-08 13:24:39,"106.47686,-6.204367",2026-09-08 13:24:41,47.36 km/h,No,,,,,GPS,Pending,Not Reviewed,1417.84 km
2590000898,B 9979 SYM,,Headway Monitoring Warning,"Sankyu,PT",,Alarm End,Identity ID:'' ; Name:'' ; Type:HMW Forward absolute velocity collision ; satellites:22,2026-09-08 13:24:34,"106.476433,-6.204563",2026-09-08 13:24:34,"106.476433,-6.204563",2026-09-08 13:24:36,46.45 km/h,No,,,,,GPS,Pending,Not Reviewed,1417.84 km
2590000898,B 9979 SYM,,Lane Departure Warning,"Sankyu,PT",,Alarm End,Identity ID:'' ; Name:'' ; Type:Lane departure ; satellites:22,2026-09-08 13:24:17,"106.474442,-6.205292",2026-09-08 13:24:17,"106.474442,-6.205292",2026-09-08 13:24:19,46.54 km/h,No,,,,,GPS,Pending,Not Reviewed,1417.61 km
2590000898,B 9979 SYM,,Headway Monitoring Warning,"Sankyu,PT",,Alarm End,Identity ID:'' ; Name:'' ; Type:HMW Forward absolute velocity collision ; satellites:22,2026-09-08 13:23:33,"106.469048,-6.20608",2026-09-08 13:23:33,"106.469048,-6.20608",2026-09-08 13:23:35,50.22 km/h,No,,,,,GPS,Pending,Not Reviewed,1416.97 km
2590000898,B 9979 SYM,,Headway Monitoring Warning,"Sankyu,PT",,Alarm End,Identity ID:'' ; Name:'' ; Type:HMW Forward absolute velocity collision ; satellites:22,2026-09-08 13:23:28,"106.468414,-6.20608",2026-09-08 13:23:28,"106.468414,-6.20608",2026-09-08 13:23:30,49.48 km/h,No,,,,,GPS,Pending,Not Reviewed,1416.97 km
2590000898,B 9979 SYM,,Headway Monitoring Warning,"Sankyu,PT",,Alarm End,Identity ID:'' ; Name:'' ; Type:HMW Forward absolute velocity collision ; satellites:22,2026-09-08 13:23:23,"106.467804,-6.20603",2026-09-08 13:23:23,"106.467804,-6.20603",2026-09-08 13:23:25,48.67 km/h,No,,,,,GPS,Pending,Not Reviewed,1416.85 km
2590000898,B 9979 SYM,,Forward Collision Warning,"Sankyu,PT",,Alarm End,Identity ID:'' ; Name:'' ; Type:FCW Forward relative velocity collision ; satellites:22,2026-09-08 13:22:52,"106.464119,-6.205302",2026-09-08 13:22:52,"106.464119,-6.205302",2026-09-08 13:22:54,49.26 km/h,No,,,,,GPS,Pending,Not Reviewed,1416.49 km
2590000898,B 9979 SYM,,Headway Monitoring Warning,"Sankyu,PT",,Alarm End,Identity ID:'' ; Name:'' ; Type:HMW Forward absolute velocity collision ; satellites:22,2026-09-08 13:21:10,"106.452255,-6.200632",2026-09-08 13:21:10,"106.452255,-6.200632",2026-09-08 13:21:12,50.19 km/h,No,,,,,GPS,Pending,Not Reviewed,1414.98 km
2590000898,B 9979 SYM,,Headway Monitoring Warning,"Sankyu,PT",,Alarm End,Identity ID:'' ; Name:'' ; Type:HMW Forward absolute velocity collision ; satellites:22,2026-09-08 13:20:05,"106.444038,-6.199833",2026-09-08 13:20:05,"106.444038,-6.199833",2026-09-08 13:20:07,51.81 km/h,No,,,,,GPS,Pending,Not Reviewed,1414.08 km
2590000898,B 9979 SYM,,Lane Departure Warning,"Sankyu,PT",,Alarm End,Identity ID:'' ; Name:'' ; Type:Lane departure ; satellites:22,2026-09-08 13:18:35,"106.433334,-6.196502",2026-09-08 13:18:35,"106.433334,-6.196502",2026-09-08 13:18:38,52.5 km/h,No,,,,,GPS,Pending,Not Reviewed,1412.82 km
2590000898,B 9979 SYM,,Lane Departure Warning,"Sankyu,PT",,Alarm End,Identity ID:'' ; Name:'' ; Type:Lane departure ; satellites:21,2026-09-08 13:18:00,"106.429825,-6.194499",2026-09-08 13:18:00,"106.429825,-6.194499",2026-09-08 13:18:02,42.84 km/h,No,,,,,GPS,Pending,Not Reviewed,1412.42 km
2590000898,B 9979 SYM,,Headway Monitoring Warning,"Sankyu,PT",,Alarm End,Identity ID:'' ; Name:'' ; Type:HMW Forward absolute velocity collision ; satellites:21,2026-09-08 13:17:50,"106.428726,-6.194033",2026-09-08 13:17:50,"106.428726,-6.194033",2026-09-08 13:17:52,45.21 km/h,No,,,,,GPS,Pending,Not Reviewed,1412.31 km
2590000898,B 9979 SYM,,Headway Monitoring Warning,"Sankyu,PT",,Alarm End,Identity ID:'' ; Name:'' ; Type:HMW Forward absolute velocity collision ; satellites:22,2026-09-08 13:17:45,"106.428185,-6.19386",2026-09-08 13:17:45,"106.428185,-6.19386",2026-09-08 13:17:47,45.12 km/h,No,,,,,GPS,Pending,Not Reviewed,1412.19 km
2590000898,B 9979 SYM,,Headway Monitoring Warning,"Sankyu,PT",,Alarm End,Identity ID:'' ; Name:'' ; Type:HMW Forward absolute velocity collision ; satellites:21,2026-09-08 13:17:40,"106.427635,-6.193688",2026-09-08 13:17:40,"106.427635,-6.193688",2026-09-08 13:17:42,45.47 km/h,No,,,,,GPS,Pending,Not Reviewed,1412.19 km
2590000898,B 9979 SYM,,Headway Monitoring Warning,"Sankyu,PT",,Alarm End,Identity ID:'' ; Name:'' ; Type:HMW Forward absolute velocity collision ; satellites:22,2026-09-08 13:17:35,"106.427086,-6.193523",2026-09-08 13:17:35,"106.427086,-6.193523",2026-09-08 13:17:37,44.45 km/h,No,,,,,GPS,Pending,Not Reviewed,1412.08 km
2590000898,B 9979 SYM,,Headway Monitoring Warning,"Sankyu,PT",,Alarm End,Identity ID:'' ; Name:'' ; Type:HMW Forward absolute velocity collision ; satellites:22,2026-09-08 13:17:30,"106.426552,-6.193403",2026-09-08 13:17:30,"106.426552,-6.193403",2026-09-08 13:17:32,44.01 km/h,No,,,,,GPS,Pending,Not Reviewed,1412.08 km
2590000898,B 9979 SYM,,Headway Monitoring Warning,"Sankyu,PT",,Alarm End,Identity ID:'' ; Name:'' ; Type:HMW Forward absolute velocity collision ; satellites:22,2026-09-08 13:17:25,"106.42601,-6.193296",2026-09-08 13:17:25,"106.42601,-6.193296",2026-09-08 13:17:27,43.9 km/h,No,,,,,GPS,Pending,Not Reviewed,1411.97 km
2590000898,B 9979 SYM,,Headway Monitoring Warning,"Sankyu,PT",,Alarm End,Identity ID:'' ; Name:'' ; Type:HMW Forward absolute velocity collision ; satellites:22,2026-09-08 13:17:20,"106.425468,-6.193205",2026-09-08 13:17:20,"106.425468,-6.193205",2026-09-08 13:17:22,43.8 km/h,No,,,,,GPS,Pending,Not Reviewed,1411.86 km
2590000898,B 9979 SYM,,Headway Monitoring Warning,"Sankyu,PT",,Alarm End,Identity ID:'' ; Name:'' ; Type:HMW Forward absolute velocity collision ; satellites:22,2026-09-08 13:17:15,"106.424911,-6.193138",2026-09-08 13:17:15,"106.424911,-6.193138",2026-09-08 13:17:17,44.41 km/h,No,,,,,GPS,Pending,Not Reviewed,1411.86 km
2590000898,B 9979 SYM,,Headway Monitoring Warning,"Sankyu,PT",,Alarm End,Identity ID:'' ; Name:'' ; Type:HMW Forward absolute velocity collision ; satellites:22,2026-09-08 13:17:10,"106.424332,-6.193079",2026-09-08 13:17:10,"106.424332,-6.193079",2026-09-08 13:17:12,46.1 km/h,No,,,,,GPS,Pending,Not Reviewed,1411.75 km
2590000898,B 9979 SYM,,Headway Monitoring Warning,"Sankyu,PT",,Alarm End,Identity ID:'' ; Name:'' ; Type:HMW Forward absolute velocity collision ; satellites:22,2026-09-08 13:17:05,"106.423874,-6.19304",2026-09-08 13:17:05,"106.423874,-6.19304",2026-09-08 13:17:07,45.99 km/h,No,,,,,GPS,Pending,Not Reviewed,1411.75 km
2590000898,B 9979 SYM,,Headway Monitoring Warning,"Sankyu,PT",,Alarm End,Identity ID:'' ; Name:'' ; Type:HMW Forward absolute velocity collision ; satellites:22,2026-09-08 13:15:32,"106.412811,-6.190649",2026-09-08 13:15:32,"106.412811,-6.190649",2026-09-08 13:15:34,49.35 km/h,No,,,,,GPS,Pending,Not Reviewed,1410.4 km
2590000898,B 9979 SYM,,Lane Departure Warning,"Sankyu,PT",,Alarm End,Identity ID:'' ; Name:'' ; Type:Lane departure ; satellites:21,2026-09-08 13:15:04,"106.410072,-6.188403",2026-09-08 13:15:04,"106.410072,-6.188403",2026-09-08 13:15:06,48.54 km/h,No,,,,,GPS,Pending,Not Reviewed,1410.03 km
2590000898,B 9979 SYM,,Lane Departure Warning,"Sankyu,PT",,Alarm End,Identity ID:'' ; Name:'' ; Type:Lane departure ; satellites:22,2026-09-08 13:14:31,"106.407112,-6.185924",2026-09-08 13:14:31,"106.407112,-6.185924",2026-09-08 13:14:34,47.3 km/h,No,,,,,GPS,Pending,Not Reviewed,1409.67 km
2590000898,B 9979 SYM,,Lane Departure Warning,"Sankyu,PT",,Alarm End,Identity ID:'' ; Name:'' ; Type:Lane departure ; satellites:22,2026-09-08 13:13:21,"106.398888,-6.183397",2026-09-08 13:13:21,"106.398888,-6.183397",2026-09-08 13:13:23,50.04 km/h,No,,,,,GPS,Pending,Not Reviewed,1408.68 km
2590000898,B 9979 SYM,,Lane Departure Warning,"Sankyu,PT",,Alarm End,Identity ID:'' ; Name:'' ; Type:Lane departure ; satellites:21,2026-09-08 13:11:53,"106.388969,-6.178524",2026-09-08 13:11:53,"106.388969,-6.178524",2026-09-08 13:11:55,51.02 km/h,No,,,,,GPS,Pending,Not Reviewed,1407.45 km
2590000898,B 9979 SYM,,Lane Departure Warning,"Sankyu,PT",,Alarm End,Identity ID:'' ; Name:'' ; Type:Lane departure ; satellites:21,2026-09-08 13:11:28,"106.386185,-6.177492",2026-09-08 13:11:28,"106.386185,-6.177492",2026-09-08 13:11:31,42.77 km/h,No,,,,,GPS,Pending,Not Reviewed,1407.06 km
2590000898,B 9979 SYM,,Lane Departure Warning,"Sankyu,PT",,Alarm End,Identity ID:'' ; Name:'' ; Type:Lane departure ; satellites:22,2026-09-08 13:10:52,"106.382492,-6.176937",2026-09-08 13:10:52,"106.382492,-6.176937",2026-09-08 13:10:54,51.35 km/h,No,,,,,GPS,Pending,Not Reviewed,1406.7 km
2590000898,B 9979 SYM,,Lane Departure Warning,"Sankyu,PT",,Alarm End,Identity ID:'' ; Name:'' ; Type:Lane departure ; satellites:22,2026-09-08 13:10:41,"106.381088,-6.176939",2026-09-08 13:10:41,"106.381088,-6.176939",2026-09-08 13:10:43,49.7 km/h,No,,,,,GPS,Pending,Not Reviewed,1406.58 km
2590000898,B 9979 SYM,,Lane Departure Warning,"Sankyu,PT",,Alarm End,Identity ID:'' ; Name:'' ; Type:Lane departure ; satellites:22,2026-09-08 13:09:53,"106.375214,-6.176927",2026-09-08 13:09:53,"106.375214,-6.176927",2026-09-08 13:09:55,49.09 km/h,No,,,,,GPS,Pending,Not Reviewed,1405.85 km
2590000898,B 9979 SYM,,Distracted Driving,"Sankyu,PT",,Alarm End,Identity ID:'' ; Name:'' ; Type:Distractions alarm ; satellites:22,2026-09-08 13:09:45,"106.374237,-6.176937",2026-09-08 13:09:45,"106.374237,-6.176937",2026-09-08 13:09:47,49.33 km/h,No,,,,,GPS,Pending,Not Reviewed,1405.85 km
2590000898,B 9979 SYM,,Lane Departure Warning,"Sankyu,PT",,Alarm End,Identity ID:'' ; Name:'' ; Type:Lane departure ; satellites:22,2026-09-08 13:09:03,"106.368904,-6.176983",2026-09-08 13:09:03,"106.368904,-6.176983",2026-09-08 13:09:05,48.69 km/h,No,,,,,GPS,Pending,Not Reviewed,1405.23 km
2590000898,B 9979 SYM,,Headway Monitoring Warning,"Sankyu,PT",,Alarm End,Identity ID:'' ; Name:'' ; Type:HMW Forward absolute velocity collision ; satellites:22,2026-09-08 13:07:38,"106.358009,-6.176927",2026-09-08 13:07:38,"106.358009,-6.176927",2026-09-08 13:07:40,52.89 km/h,No,,,,,GPS,Pending,Not Reviewed,1403.95 km
2590000898,B 9979 SYM,,Headway Monitoring Warning,"Sankyu,PT",,Alarm End,Identity ID:'' ; Name:'' ; Type:HMW Forward absolute velocity collision ; satellites:22,2026-09-08 13:06:56,"106.352791,-6.175667",2026-09-08 13:06:56,"106.352791,-6.175667",2026-09-08 13:06:59,52.17 km/h,No,,,,,GPS,Pending,Not Reviewed,1403.43 km
2590000898,B 9979 SYM,,Headway Monitoring Warning,"Sankyu,PT",,Alarm End,Identity ID:'' ; Name:'' ; Type:HMW Forward absolute velocity collision ; satellites:21,2026-09-08 13:04:12,"106.334534,-6.164798",2026-09-08 13:04:12,"106.334534,-6.164798",2026-09-08 13:04:15,49.61 km/h,No,,,,,GPS,Pending,Not Reviewed,1401.09 km
2590000898,B 9979 SYM,,Lane Departure Warning,"Sankyu,PT",,Alarm End,Identity ID:'' ; Name:'' ; Type:Lane departure ; satellites:22,2026-09-08 13:04:10,"106.334312,-6.164662",2026-09-08 13:04:10,"106.334312,-6.164662",2026-09-08 13:04:12,49.58 km/h,No,,,,,GPS,Pending,Not Reviewed,1400.97 km
2590000898,B 9979 SYM,,Lane Departure Warning,"Sankyu,PT",,Alarm End,Identity ID:'' ; Name:'' ; Type:Lane departure ; satellites:22,2026-09-08 13:03:36,"106.330833,-6.16231",2026-09-08 13:03:36,"106.330833,-6.16231",2026-09-08 13:03:38,49.22 km/h,No,,,,,GPS,Pending,Not Reviewed,1400.6 km
2590000898,B 9979 SYM,,Lane Departure Warning,"Sankyu,PT",,Alarm End,Identity ID:'' ; Name:'' ; Type:Lane departure ; satellites:22,2026-09-08 13:02:46,"106.325974,-6.158202",2026-09-08 13:02:46,"106.325974,-6.158202",2026-09-08 13:02:48,52.07 km/h,No,,,,,GPS,Pending,Not Reviewed,1399.84 km
2590000898,B 9979 SYM,,Lane Departure Warning,"Sankyu,PT",,Alarm End,Identity ID:'' ; Name:'' ; Type:Lane departure ; satellites:22,2026-09-08 13:01:44,"106.319954,-6.152972",2026-09-08 13:01:44,"106.319954,-6.152972",2026-09-08 13:01:46,47.41 km/h,No,,,,,GPS,Pending,Not Reviewed,1398.95 km
2590000898,B 9979 SYM,,Lane Departure Warning,"Sankyu,PT",,Alarm End,Identity ID:'' ; Name:'' ; Type:Lane departure ; satellites:22,2026-09-08 13:01:18,"106.317154,-6.15227",2026-09-08 13:01:18,"106.317154,-6.15227",2026-09-08 13:01:21,41.4 km/h,No,,,,,GPS,Pending,Not Reviewed,1398.7 km
2590000898,B 9979 SYM,,Lane Departure Warning,"Sankyu,PT",,Alarm End,Identity ID:'' ; Name:'' ; Type:Lane departure ; satellites:22,2026-09-08 13:00:45,"106.313904,-6.152495",2026-09-08 13:00:45,"106.313904,-6.152495",2026-09-08 13:00:47,43.3 km/h,No,,,,,GPS,Pending,Not Reviewed,1398.33 km
2590000898,B 9979 SYM,,Headway Monitoring Warning,"Sankyu,PT",,Alarm End,Identity ID:'' ; Name:'' ; Type:HMW Forward absolute velocity collision ; satellites:22,2026-09-08 13:00:26,"106.31163,-6.152182",2026-09-08 13:00:26,"106.31163,-6.152182",2026-09-08 13:00:28,47.02 km/h,No,,,,,GPS,Pending,Not Reviewed,1398.09 km
2590000898,B 9979 SYM,,Lane Departure Warning,"Sankyu,PT",,Alarm End,Identity ID:'' ; Name:'' ; Type:Lane departure ; satellites:22,2026-09-08 12:59:58,"106.308762,-6.151003",2026-09-08 12:59:58,"106.308762,-6.151003",2026-09-08 13:00:00,43.69 km/h,No,,,,,GPS,Pending,Not Reviewed,1397.75 km
2590000898,B 9979 SYM,,Lane Departure Warning,"Sankyu,PT",,Alarm End,Identity ID:'' ; Name:'' ; Type:Lane departure ; satellites:22,2026-09-08 12:59:31,"106.305618,-6.149863",2026-09-08 12:59:31,"106.305618,-6.149863",2026-09-08 12:59:34,51.33 km/h,No,,,,,GPS,Pending,Not Reviewed,1397.38 km
2590000898,B 9979 SYM,,Headway Monitoring Warning,"Sankyu,PT",,Alarm End,Identity ID:'' ; Name:'' ; Type:HMW Forward absolute velocity collision ; satellites:22,2026-09-08 12:58:57,"106.301025,-6.149143",2026-09-08 12:58:57,"106.301025,-6.149143",2026-09-08 12:58:59,53.89 km/h,No,,,,,GPS,Pending,Not Reviewed,1396.85 km
2590000898,B 9979 SYM,,Lane Departure Warning,"Sankyu,PT",,Alarm End,Identity ID:'' ; Name:'' ; Type:Lane departure ; satellites:22,2026-09-08 12:58:31,"106.297874,-6.147775",2026-09-08 12:58:31,"106.297874,-6.147775",2026-09-08 12:58:33,53.65 km/h,No,,,,,GPS,Pending,Not Reviewed,1396.45 km
2590000898,B 9979 SYM,,Lane Departure Warning,"Sankyu,PT",,Alarm End,Identity ID:'' ; Name:'' ; Type:Lane departure ; satellites:22,2026-09-08 12:58:04,"106.295174,-6.146023",2026-09-08 12:58:04,"106.295174,-6.146023",2026-09-08 12:58:07,40.03 km/h,No,,,,,GPS,Pending,Not Reviewed,1396.06 km
2590000898,B 9979 SYM,,Lane Departure Warning,"Sankyu,PT",,Alarm End,Identity ID:'' ; Name:'' ; Type:Lane departure ; satellites:22,2026-09-08 12:57:57,"106.294632,-6.145657",2026-09-08 12:57:57,"106.294632,-6.145657",2026-09-08 12:57:59,37.73 km/h,No,,,,,GPS,Pending,Not Reviewed,1395.95 km
2590000898,B 9979 SYM,,Headway Monitoring Warning,"Sankyu,PT",,Alarm End,Identity ID:'' ; Name:'' ; Type:HMW Forward absolute velocity collision ; satellites:22,2026-09-08 12:57:56,"106.294441,-6.14556",2026-09-08 12:57:56,"106.294441,-6.14556",2026-09-08 12:57:58,42.67 km/h,No,,,,,GPS,Pending,Not Reviewed,1395.95 km
2590000898,B 9979 SYM,,Headway Monitoring Warning,"Sankyu,PT",,Alarm End,Identity ID:'' ; Name:'' ; Type:HMW Forward absolute velocity collision ; satellites:22,2026-09-08 12:56:49,"106.286545,-6.143217",2026-09-08 12:56:49,"106.286545,-6.143217",2026-09-08 12:56:51,54.09 km/h,No,,,,,GPS,Pending,Not Reviewed,1395.07 km
2590000898,B 9979 SYM,,Lane Departure Warning,"Sankyu,PT",,Alarm End,Identity ID:'' ; Name:'' ; Type:Lane departure ; satellites:22,2026-09-08 12:56:37,"106.284897,-6.143225",2026-09-08 12:56:37,"106.284897,-6.143225",2026-09-08 12:56:39,54.46 km/h,No,,,,,GPS,Pending,Not Reviewed,1394.93 km
2590000898,B 9979 SYM,,Lane Departure Warning,"Sankyu,PT",,Alarm End,Identity ID:'' ; Name:'' ; Type:Lane departure ; satellites:22,2026-09-08 12:56:24,"106.283302,-6.143313",2026-09-08 12:56:24,"106.283302,-6.143313",2026-09-08 12:56:26,51.65 km/h,No,,,,,GPS,Pending,Not Reviewed,1394.67 km
2590000898,B 9979 SYM,,Eyes Closed,"Sankyu,PT",,Alarm End,Identity ID:'' ; Name:'' ; Type:Eyes closed ; satellites:22,2026-09-08 12:55:37,"106.277489,-6.143482",2026-09-08 12:55:37,"106.277489,-6.143482",2026-09-08 12:55:42,53.15 km/h,No,,,,,GPS,Pending,Not Reviewed,1394.05 km
2590000898,B 9979 SYM,,Lane Departure Warning,"Sankyu,PT",,Alarm End,Identity ID:'' ; Name:'' ; Type:Lane departure ; satellites:22,2026-09-08 12:55:28,"106.276329,-6.143355",2026-09-08 12:55:28,"106.276329,-6.143355",2026-09-08 12:55:30,50.02 km/h,No,,,,,GPS,Pending,Not Reviewed,1393.92 km
2590000898,B 9979 SYM,,Lane Departure Warning,"Sankyu,PT",,Alarm End,Identity ID:'' ; Name:'' ; Type:Lane departure ; satellites:22,2026-09-08 12:53:47,"106.263992,-6.139768",2026-09-08 12:53:47,"106.263992,-6.139768",2026-09-08 12:53:50,50.78 km/h,No,,,,,GPS,Pending,Not Reviewed,1392.52 km
2590000898,B 9979 SYM,,Lane Departure Warning,"Sankyu,PT",,Alarm End,Identity ID:'' ; Name:'' ; Type:Lane departure ; satellites:22,2026-09-08 12:53:19,"106.260483,-6.139058",2026-09-08 12:53:19,"106.260483,-6.139058",2026-09-08 12:53:21,51.11 km/h,No,,,,,GPS,Pending,Not Reviewed,1392.14 km
2590000898,B 9979 SYM,,Lane Departure Warning,"Sankyu,PT",,Alarm End,Identity ID:'' ; Name:'' ; Type:Lane departure ; satellites:22,2026-09-08 12:52:10,"106.251785,-6.138645",2026-09-08 12:52:10,"106.251785,-6.138645",2026-09-08 12:52:12,52.74 km/h,No,,,,,GPS,Pending,Not Reviewed,1391.11 km
2590000898,B 9979 SYM,,Lane Departure Warning,"Sankyu,PT",,Alarm End,Identity ID:'' ; Name:'' ; Type:Lane departure ; satellites:22,2026-09-08 12:51:17,"106.245224,-6.138582",2026-09-08 12:51:17,"106.245224,-6.138582",2026-09-08 12:51:19,48.04 km/h,No,,,,,GPS,Pending,Not Reviewed,1390.38 km
2590000898,B 9979 SYM,,Lane Departure Warning,"Sankyu,PT",,Alarm End,Identity ID:'' ; Name:'' ; Type:Lane departure ; satellites:22,2026-09-08 12:51:02,"106.243317,-6.138526",2026-09-08 12:51:02,"106.243317,-6.138526",2026-09-08 12:51:04,48.85 km/h,No,,,,,GPS,Pending,Not Reviewed,1390.26 km
2590000898,B 9979 SYM,,Lane Departure Warning,"Sankyu,PT",,Alarm End,Identity ID:'' ; Name:'' ; Type:Lane departure ; satellites:22,2026-09-08 12:50:46,"106.241493,-6.13852",2026-09-08 12:50:46,"106.241493,-6.13852",2026-09-08 12:50:49,46.28 km/h,No,,,,,GPS,Pending,Not Reviewed,1390.02 km
2590000898,B 9979 SYM,,Lane Departure Warning,"Sankyu,PT",,Alarm End,Identity ID:'' ; Name:'' ; Type:Lane departure ; satellites:22,2026-09-08 12:50:09,"106.237114,-6.138458",2026-09-08 12:50:09,"106.237114,-6.138458",2026-09-08 12:50:11,48.43 km/h,No,,,,,GPS,Pending,Not Reviewed,1389.55 km
2590000898,B 9979 SYM,,Distracted Driving,"Sankyu,PT",,Alarm End,Identity ID:'' ; Name:'' ; Type:Distractions alarm ; satellites:22,2026-09-08 12:49:52,"106.2351,-6.13843",2026-09-08 12:49:52,"106.2351,-6.13843",2026-09-08 12:49:55,44.67 km/h,No,,,,,GPS,Pending,Not Reviewed,1389.32 km
2590000898,B 9979 SYM,,Eyes Closed,"Sankyu,PT",,Alarm End,Identity ID:'' ; Name:'' ; Type:Eyes closed ; satellites:21,2026-09-08 12:49:43,"106.23394,-6.138415",2026-09-08 12:49:43,"106.23394,-6.138415",2026-09-08 12:49:45,47.52 km/h,No,,,,,GPS,Pending,Not Reviewed,1389.2 km
2590000898,B 9979 SYM,,Headway Monitoring Warning,"Sankyu,PT",,Alarm End,Identity ID:'' ; Name:'' ; Type:HMW Forward absolute velocity collision ; satellites:22,2026-09-08 12:49:03,"106.229088,-6.138337",2026-09-08 12:49:03,"106.229088,-6.138337",2026-09-08 12:49:05,46.97 km/h,No,,,,,GPS,Pending,Not Reviewed,1388.59 km
2590000898,B 9979 SYM,,Lane Departure Warning,"Sankyu,PT",,Alarm End,Identity ID:'' ; Name:'' ; Type:Lane departure ; satellites:21,2026-09-08 12:48:54,"106.22802,-6.138297",2026-09-08 12:48:54,"106.22802,-6.138297",2026-09-08 12:48:56,47.93 km/h,No,,,,,GPS,Pending,Not Reviewed,1388.47 km
2590000898,B 9979 SYM,,Lane Departure Warning,"Sankyu,PT",,Alarm End,Identity ID:'' ; Name:'' ; Type:Lane departure ; satellites:22,2026-09-08 12:48:39,"106.226158,-6.138277",2026-09-08 12:48:39,"106.226158,-6.138277",2026-09-08 12:48:41,50.57 km/h,No,,,,,GPS,Pending,Not Reviewed,1388.34 km
2590000898,B 9979 SYM,,Lane Departure Warning,"Sankyu,PT",,Alarm End,Identity ID:'' ; Name:'' ; Type:Lane departure ; satellites:22,2026-09-08 12:47:49,"106.219826,-6.137665",2026-09-08 12:47:49,"106.219826,-6.137665",2026-09-08 12:47:51,51.8 km/h,No,,,,,GPS,Pending,Not Reviewed,1387.59 km
2590000898,B 9979 SYM,,Lane Departure Warning,"Sankyu,PT",,Alarm End,Identity ID:'' ; Name:'' ; Type:Lane departure ; satellites:22,2026-09-08 12:46:54,"106.213615,-6.135538",2026-09-08 12:46:54,"106.213615,-6.135538",2026-09-08 12:46:56,48.91 km/h,No,,,,,GPS,Pending,Not Reviewed,1386.87 km
2590000898,B 9979 SYM,,Lane Departure Warning,"Sankyu,PT",,Alarm End,Identity ID:'' ; Name:'' ; Type:Lane departure ; satellites:22,2026-09-08 12:46:45,"106.21257,-6.135165",2026-09-08 12:46:45,"106.21257,-6.135165",2026-09-08 12:46:47,50.69 km/h,No,,,,,GPS,Pending,Not Reviewed,1386.75 km
2590000898,B 9979 SYM,,Lane Departure Warning,"Sankyu,PT",,Alarm End,Identity ID:'' ; Name:'' ; Type:Lane departure ; satellites:22,2026-09-08 12:46:10,"106.208557,-6.133682",2026-09-08 12:46:10,"106.208557,-6.133682",2026-09-08 12:46:12,47.32 km/h,No,,,,,GPS,Pending,Not Reviewed,1386.27 km
2590000898,B 9979 SYM,,Lane Departure Warning,"Sankyu,PT",,Alarm End,Identity ID:'' ; Name:'' ; Type:Lane departure ; satellites:22,2026-09-08 12:45:28,"106.203629,-6.131915",2026-09-08 12:45:28,"106.203629,-6.131915",2026-09-08 12:45:30,49.48 km/h,No,,,,,GPS,Pending,Not Reviewed,1385.77 km
2590000898,B 9979 SYM,,Lane Departure Warning,"Sankyu,PT",,Alarm End,Identity ID:'' ; Name:'' ; Type:Lane departure ; satellites:21,2026-09-08 12:43:52,"106.192879,-6.12707",2026-09-08 12:43:52,"106.192879,-6.12707",2026-09-08 12:43:54,45.82 km/h,No,,,,,GPS,Pending,Not Reviewed,1384.41 km
2590000898,B 9979 SYM,,Yawning,"Sankyu,PT",,Alarm End,Identity ID:'' ; Name:'' ; Type:yawn ; satellites:20,2026-09-08 12:42:18,"106.18734,-6.116807",2026-09-08 12:42:18,"106.18734,-6.116807",2026-09-08 12:42:20,49.78 km/h,No,,,,,GPS,Pending,Not Reviewed,1383.18 km
2590000898,B 9979 SYM,,Lane Departure Warning,"Sankyu,PT",,Alarm End,Identity ID:'' ; Name:'' ; Type:Lane departure ; satellites:21,2026-09-08 12:41:59,"106.185852,-6.115103",2026-09-08 12:41:59,"106.185852,-6.115103",2026-09-08 12:42:01,49.8 km/h,No,,,,,GPS,Pending,Not Reviewed,1382.79 km
2590000898,B 9979 SYM,,Lane Departure Warning,"Sankyu,PT",,Alarm End,Identity ID:'' ; Name:'' ; Type:Lane departure ; satellites:21,2026-09-08 12:41:06,"106.181343,-6.110313",2026-09-08 12:41:06,"106.181343,-6.110313",2026-09-08 12:41:08,50.59 km/h,No,,,,,GPS,Pending,Not Reviewed,1382.18 km
2590000898,B 9979 SYM,,Lane Departure Warning,"Sankyu,PT",,Alarm End,Identity ID:'' ; Name:'' ; Type:Lane departure ; satellites:22,2026-09-08 12:39:51,"106.174637,-6.103312",2026-09-08 12:39:51,"106.174637,-6.103312",2026-09-08 12:39:53,51.31 km/h,No,,,,,GPS,Pending,Not Reviewed,1381.03 km
2590000898,B 9979 SYM,,Headway Monitoring Warning,"Sankyu,PT",,Alarm End,Identity ID:'' ; Name:'' ; Type:HMW Forward absolute velocity collision ; satellites:22,2026-09-08 12:38:42,"106.169525,-6.098562",2026-09-08 12:38:42,"106.169525,-6.098562",2026-09-08 12:38:44,40.44 km/h,No,,,,,GPS,Pending,Not Reviewed,1380.31 km
2590000898,B 9979 SYM,,Lane Departure Warning,"Sankyu,PT",,Alarm End,Identity ID:'' ; Name:'' ; Type:Lane departure ; satellites:22,2026-09-08 12:37:07,"106.159309,-6.093207",2026-09-08 12:37:07,"106.159309,-6.093207",2026-09-08 12:37:09,49.89 km/h,No,,,,,GPS,Pending,Not Reviewed,1378.95 km
2590000898,B 9979 SYM,,Lane Departure Warning,"Sankyu,PT",,Alarm End,Identity ID:'' ; Name:'' ; Type:Lane departure ; satellites:22,2026-09-08 12:36:51,"106.157417,-6.092598",2026-09-08 12:36:51,"106.157417,-6.092598",2026-09-08 12:36:53,51.04 km/h,No,,,,,GPS,Pending,Not Reviewed,1378.83 km
2590000898,B 9979 SYM,,Lane Departure Warning,"Sankyu,PT",,Alarm End,Identity ID:'' ; Name:'' ; Type:Lane departure ; satellites:22,2026-09-08 12:36:28,"106.1548,-6.091707",2026-09-08 12:36:28,"106.1548,-6.091707",2026-09-08 12:36:30,48.22 km/h,No,,,,,GPS,Pending,Not Reviewed,1378.46 km
2590000898,B 9979 SYM,,Headway Monitoring Warning,"Sankyu,PT",,Alarm End,Identity ID:'' ; Name:'' ; Type:HMW Forward absolute velocity collision ; satellites:21,2026-09-08 12:36:18,"106.153656,-6.09131",2026-09-08 12:36:18,"106.153656,-6.09131",2026-09-08 12:36:21,49.54 km/h,No,,,,,GPS,Pending,Not Reviewed,1378.34 km
2590000898,B 9979 SYM,,Lane Departure Warning,"Sankyu,PT",,Alarm End,Identity ID:'' ; Name:'' ; Type:Lane departure ; satellites:21,2026-09-08 12:35:23,"106.147247,-6.089092",2026-09-08 12:35:23,"106.147247,-6.089092",2026-09-08 12:35:25,39.51 km/h,No,,,,,GPS,Pending,Not Reviewed,1377.58 km
2590000898,B 9979 SYM,,Lane Departure Warning,"Sankyu,PT",,Alarm End,Identity ID:'' ; Name:'' ; Type:Lane departure ; satellites:21,2026-09-08 12:34:41,"106.143845,-6.087928",2026-09-08 12:34:41,"106.143845,-6.087928",2026-09-08 12:34:43,30.54 km/h,No,,,,,GPS,Pending,Not Reviewed,1377.22 km
2590000898,B 9979 SYM,,Forward Collision Warning,"Sankyu,PT",,Alarm End,Identity ID:'' ; Name:'' ; Type:FCW Forward relative velocity collision ; satellites:22,2026-09-08 12:34:08,"106.142151,-6.087352",2026-09-08 12:34:08,"106.142151,-6.087352",2026-09-08 12:34:10,26.04 km/h,No,,,,,GPS,Pending,Not Reviewed,1376.99 km
2590000898,B 9979 SYM,,Lane Departure Warning,"Sankyu,PT",,Alarm End,Identity ID:'' ; Name:'' ; Type:Lane departure ; satellites:22,2026-09-08 12:33:36,"106.139999,-6.086603",2026-09-08 12:33:36,"106.139999,-6.086603",2026-09-08 12:33:38,35.74 km/h,No,,,,,GPS,Pending,Not Reviewed,1376.74 km
2590000898,B 9979 SYM,,Lane Departure Warning,"Sankyu,PT",,Alarm End,Identity ID:'' ; Name:'' ; Type:Lane departure ; satellites:21,2026-09-08 12:33:03,"106.136726,-6.084939",2026-09-08 12:33:03,"106.136726,-6.084939",2026-09-08 12:33:05,45.14 km/h,No,,,,,GPS,Pending,Not Reviewed,1376.4 km
2590000898,B 9979 SYM,,Lane Departure Warning,"Sankyu,PT",,Alarm End,Identity ID:'' ; Name:'' ; Type:Lane departure ; satellites:20,2026-09-08 12:32:55,"106.136055,-6.084321",2026-09-08 12:32:55,"106.136055,-6.084321",2026-09-08 12:32:57,44.91 km/h,No,,,,,GPS,Pending,Not Reviewed,1376.29 km
2590000898,B 9979 SYM,,Lane Departure Warning,"Sankyu,PT",,Alarm End,Identity ID:'' ; Name:'' ; Type:Lane departure ; satellites:22,2026-09-08 12:32:21,"106.133698,-6.08104",2026-09-08 12:32:21,"106.133698,-6.08104",2026-09-08 12:32:23,49.45 km/h,No,,,,,GPS,Pending,Not Reviewed,1375.81 km
2590000898,B 9979 SYM,,Headway Monitoring Warning,"Sankyu,PT",,Alarm End,Identity ID:'' ; Name:'' ; Type:HMW Forward absolute velocity collision ; satellites:22,2026-09-08 12:31:55,"106.132225,-6.078213",2026-09-08 12:31:55,"106.132225,-6.078213",2026-09-08 12:31:57,43.43 km/h,No,,,,,GPS,Pending,Not Reviewed,1375.42 km
2590000898,B 9979 SYM,,Headway Monitoring Warning,"Sankyu,PT",,Alarm End,Identity ID:'' ; Name:'' ; Type:HMW Forward absolute velocity collision ; satellites:22,2026-09-08 12:31:48,"106.131897,-6.077549",2026-09-08 12:31:48,"106.131897,-6.077549",2026-09-08 12:31:51,44.49 km/h,No,,,,,GPS,Pending,Not Reviewed,1375.42 km
2590000898,B 9979 SYM,,Lane Departure Warning,"Sankyu,PT",,Alarm End,Identity ID:'' ; Name:'' ; Type:Lane departure ; satellites:21,2026-09-08 12:30:51,"106.12854,-6.071253",2026-09-08 12:30:51,"106.12854,-6.071253",2026-09-08 12:30:53,48.11 km/h,No,,,,,GPS,Pending,Not Reviewed,1374.55 km
2590000898,B 9979 SYM,,Lane Departure Warning,"Sankyu,PT",,Alarm End,Identity ID:'' ; Name:'' ; Type:Lane departure ; satellites:20,2026-09-08 12:30:13,"106.126549,-6.06743",2026-09-08 12:30:13,"106.126549,-6.06743",2026-09-08 12:30:15,40.81 km/h,No,,,,,GPS,Pending,Not Reviewed,1374.09 km
2590000898,B 9979 SYM,,Lane Departure Warning,"Sankyu,PT",,Alarm End,Identity ID:'' ; Name:'' ; Type:Lane departure ; satellites:21,2026-09-08 12:29:44,"106.124878,-6.064261",2026-09-08 12:29:44,"106.124878,-6.064261",2026-09-08 12:29:46,48.32 km/h,No,,,,,GPS,Pending,Not Reviewed,1373.73 km
2590000898,B 9979 SYM,,Headway Monitoring Warning,"Sankyu,PT",,Alarm End,Identity ID:'' ; Name:'' ; Type:HMW Forward absolute velocity collision ; satellites:22,2026-09-08 12:29:36,"106.124489,-6.063492",2026-09-08 12:29:36,"106.124489,-6.063492",2026-09-08 12:29:39,49.52 km/h,No,,,,,GPS,Pending,Not Reviewed,1373.61 km
2590000898,B 9979 SYM,,Lane Departure Warning,"Sankyu,PT",,Alarm End,Identity ID:'' ; Name:'' ; Type:Lane departure ; satellites:20,2026-09-08 12:29:30,"106.124161,-6.06282",2026-09-08 12:29:30,"106.124161,-6.06282",2026-09-08 12:29:32,50.5 km/h,No,,,,,GPS,Pending,Not Reviewed,1373.48 km
2590000898,B 9979 SYM,,Lane Departure Warning,"Sankyu,PT",,Alarm End,Identity ID:'' ; Name:'' ; Type:Lane departure ; satellites:22,2026-09-08 12:28:29,"106.120552,-6.056139",2026-09-08 12:28:29,"106.120552,-6.056139",2026-09-08 12:28:31,47.74 km/h,No,,,,,GPS,Pending,Not Reviewed,1372.64 km
2590000898,B 9979 SYM,,Distracted Driving,"Sankyu,PT",,Alarm End,Identity ID:'' ; Name:'' ; Type:Distractions alarm ; satellites:22,2026-09-08 12:25:01,"106.103752,-6.037857",2026-09-08 12:25:01,"106.103752,-6.037857",2026-09-08 12:25:03,48.08 km/h,No,,,,,GPS,Pending,Not Reviewed,1369.86 km
2590000898,B 9979 SYM,,Lane Departure Warning,"Sankyu,PT",,Alarm End,Identity ID:'' ; Name:'' ; Type:Lane departure ; satellites:21,2026-09-08 12:24:15,"106.100624,-6.032824",2026-09-08 12:24:15,"106.100624,-6.032824",2026-09-08 12:24:17,55.29 km/h,No,,,,,GPS,Pending,Not Reviewed,1369.22 km
2590000898,B 9979 SYM,,Headway Monitoring Warning,"Sankyu,PT",,Alarm End,Identity ID:'' ; Name:'' ; Type:HMW Forward absolute velocity collision ; satellites:20,2026-09-08 12:23:46,"106.098724,-6.029735",2026-09-08 12:23:46,"106.098724,-6.029735",2026-09-08 12:23:48,41.92 km/h,No,,,,,GPS,Pending,Not Reviewed,1368.83 km
2590000898,B 9979 SYM,,Lane Departure Warning,"Sankyu,PT",,Alarm End,Identity ID:'' ; Name:'' ; Type:Lane departure ; satellites:20,2026-09-08 12:23:42,"106.09848,-6.029385",2026-09-08 12:23:42,"106.09848,-6.029385",2026-09-08 12:23:44,40.86 km/h,No,,,,,GPS,Pending,Not Reviewed,1368.83 km
2590000898,B 9979 SYM,,Lane Departure Warning,"Sankyu,PT",,Alarm End,Identity ID:'' ; Name:'' ; Type:Lane departure ; satellites:22,2026-09-08 12:23:12,"106.096634,-6.026697",2026-09-08 12:23:12,"106.096634,-6.026697",2026-09-08 12:23:15,44.27 km/h,No,,,,,GPS,Pending,Not Reviewed,1368.49 km
2590000898,B 9979 SYM,,Lane Departure Warning,"Sankyu,PT",,Alarm End,Identity ID:'' ; Name:'' ; Type:Lane departure ; satellites:21,2026-09-08 12:22:09,"106.091881,-6.02113",2026-09-08 12:22:09,"106.091881,-6.02113",2026-09-08 12:22:11,51.65 km/h,No,,,,,GPS,Pending,Not Reviewed,1367.72 km
2590000898,B 9979 SYM,,Lane Departure Warning,"Sankyu,PT",,Alarm End,Identity ID:'' ; Name:'' ; Type:Lane departure ; satellites:22,2026-09-08 12:21:47,"106.089844,-6.019285",2026-09-08 12:21:47,"106.089844,-6.019285",2026-09-08 12:21:49,48.47 km/h,No,,,,,GPS,Pending,Not Reviewed,1367.35 km
2590000898,B 9979 SYM,,Lane Departure Warning,"Sankyu,PT",,Alarm End,Identity ID:'' ; Name:'' ; Type:Lane departure ; satellites:18,2026-09-08 12:10:24,"106.032379,-5.986578",2026-09-08 12:10:24,"106.032379,-5.986578",2026-09-08 12:10:26,35.03 km/h,No,,,,,GPS,Pending,Not Reviewed,1359.28 km
2590000898,B 9979 SYM,,Eyes Closed,"Sankyu,PT",80 Kph [2:Polygon],Alarm End,Identity ID:'' ; Name:'' ; Type:Eyes closed ; satellites:16,2026-09-08 11:34:49,"106.017624,-5.995775",2026-09-08 11:34:49,"106.017624,-5.995775",2026-09-08 11:34:51,22.29 km/h,No,,,,,GPS,Pending,Not Reviewed,1357.07 km
2590000898,B 9979 SYM,,Pedestrian Collision Warning,"Sankyu,PT",80 Kph [2:Polygon],Alarm End,Identity ID:'' ; Name:'' ; Type:Pedestrian collision ; satellites:22,2026-09-08 08:29:20,"106.017883,-5.995868",2026-09-08 08:29:20,"106.017883,-5.995868",2026-09-08 08:29:22,54.74 km/h,No,,,,,GPS,Pending,Not Reviewed,1354.8 km
2590000898,B 9979 SYM,,Lane Departure Warning,"Sankyu,PT",80 Kph [2:Polygon],Alarm End,Identity ID:'' ; Name:'' ; Type:Lane departure ; satellites:22,2026-09-08 08:28:50,"106.021584,-5.995847",2026-09-08 08:28:50,"106.021584,-5.995847",2026-09-08 08:28:51,56.29 km/h,No,,,,,GPS,Pending,Not Reviewed,1354.44 km
2590000898,B 9979 SYM,,Pedestrian Collision Warning,"Sankyu,PT",80 Kph [2:Polygon],Alarm End,Identity ID:'' ; Name:'' ; Type:Pedestrian collision ; satellites:22,2026-09-08 08:28:39,"106.022903,-5.995868",2026-09-08 08:28:39,"106.022903,-5.995868",2026-09-08 08:28:41,37.98 km/h,No,,,,,GPS,Pending,Not Reviewed,1354.33 km
2590000898,B 9979 SYM,,Pedestrian Collision Warning,"Sankyu,PT",80 Kph [2:Polygon],Alarm End,Identity ID:'' ; Name:'' ; Type:Pedestrian collision ; satellites:22,2026-09-08 08:28:23,"106.024658,-5.995895",2026-09-08 08:28:23,"106.024658,-5.995895",2026-09-08 08:28:25,40.16 km/h,No,,,,,GPS,Pending,Not Reviewed,1354.11 km
2590000898,B 9979 SYM,,Pedestrian Collision Warning,"Sankyu,PT",80 Kph [2:Polygon],Alarm End,Identity ID:'' ; Name:'' ; Type:Pedestrian collision ; satellites:20,2026-09-08 08:28:14,"106.025558,-5.995898",2026-09-08 08:28:14,"106.025558,-5.995898",2026-09-08 08:28:16,39.12 km/h,No,,,,,GPS,Pending,Not Reviewed,1353.98 km
2590000898,B 9979 SYM,,Lane Departure Warning,"Sankyu,PT",,Alarm End,Identity ID:'' ; Name:'' ; Type:Lane departure ; satellites:18,2026-09-08 08:23:33,"106.031487,-5.989362",2026-09-08 08:23:33,"106.031487,-5.989362",2026-09-08 08:23:34,34.94 km/h,No,,,,,GPS,Pending,Not Reviewed,1353.04 km
2590000898,B 9979 SYM,,Lane Departure Warning,"Sankyu,PT",,Alarm End,Identity ID:'' ; Name:'' ; Type:Lane departure ; satellites:19,2026-09-08 08:23:06,"106.032463,-5.987413",2026-09-08 08:23:06,"106.032463,-5.987413",2026-09-08 08:23:08,31.04 km/h,No,,,,,GPS,Pending,Not Reviewed,1352.81 km
2590000898,B 9979 SYM,,Forward Collision Warning,"Sankyu,PT",,Alarm End,Identity ID:'' ; Name:'' ; Type:FCW Forward relative velocity collision ; satellites:18,2026-09-08 08:22:17,"106.031815,-5.984438",2026-09-08 08:22:17,"106.031815,-5.984438",2026-09-08 08:22:19,22.36 km/h,No,,,,,GPS,Pending,Not Reviewed,1352.45 km
2590000898,B 9979 SYM,,Lane Departure Warning,"Sankyu,PT",,Alarm End,Identity ID:'' ; Name:'' ; Type:Lane departure ; satellites:17,2026-09-08 08:21:03,"106.034653,-5.985378",2026-09-08 08:21:03,"106.034653,-5.985378",2026-09-08 08:21:05,54.74 km/h,No,,,,,GPS,Pending,Not Reviewed,1351.99 km
2590000898,B 9979 SYM,,Lane Departure Warning,"Sankyu,PT",,Alarm End,Identity ID:'' ; Name:'' ; Type:Lane departure ; satellites:21,2026-09-08 08:19:06,"106.048676,-5.990108",2026-09-08 08:19:06,"106.048676,-5.990108",2026-09-08 08:19:07,46.23 km/h,No,,,,,GPS,Pending,Not Reviewed,1350.28 km
2590000898,B 9979 SYM,,Lane Departure Warning,"Sankyu,PT",,Alarm End,Identity ID:'' ; Name:'' ; Type:Lane departure ; satellites:20,2026-09-08 08:18:48,"106.050507,-5.990988",2026-09-08 08:18:48,"106.050507,-5.990988",2026-09-08 08:18:50,55.77 km/h,No,,,,,GPS,Pending,Not Reviewed,1350.03 km
2590000898,B 9979 SYM,,Lane Departure Warning,"Sankyu,PT",,Alarm End,Identity ID:'' ; Name:'' ; Type:Lane departure ; satellites:21,2026-09-08 08:17:52,"106.055794,-5.995785",2026-09-08 08:17:52,"106.055794,-5.995785",2026-09-08 08:17:53,52.24 km/h,No,,,,,GPS,Pending,Not Reviewed,1349.29 km
2590000898,B 9979 SYM,,Lane Departure Warning,"Sankyu,PT",,Alarm End,Identity ID:'' ; Name:'' ; Type:Lane departure ; satellites:20,2026-09-08 08:15:16,"106.072906,-6.009745",2026-09-08 08:15:16,"106.072906,-6.009745",2026-09-08 08:15:18,55.74 km/h,No,,,,,GPS,Pending,Not Reviewed,1346.88 km
2590000898,B 9979 SYM,,Lane Departure Warning,"Sankyu,PT",,Alarm End,Identity ID:'' ; Name:'' ; Type:Lane departure ; satellites:20,2026-09-08 08:12:50,"106.09008,-6.019753",2026-09-08 08:12:50,"106.09008,-6.019753",2026-09-08 08:12:51,52.79 km/h,No,,,,,GPS,Pending,Not Reviewed,1344.56 km
2590000898,B 9979 SYM,,Lane Departure Warning,"Sankyu,PT",,Alarm End,Identity ID:'' ; Name:'' ; Type:Lane departure ; satellites:19,2026-09-08 08:12:35,"106.091545,-6.02113",2026-09-08 08:12:35,"106.091545,-6.02113",2026-09-08 08:12:37,53.33 km/h,No,,,,,GPS,Pending,Not Reviewed,1344.42 km
2590000898,B 9979 SYM,,Lane Departure Warning,"Sankyu,PT",,Alarm End,Identity ID:'' ; Name:'' ; Type:Lane departure ; satellites:21,2026-09-08 08:11:55,"106.095093,-6.024953",2026-09-08 08:11:55,"106.095093,-6.024953",2026-09-08 08:11:57,55.18 km/h,No,,,,,GPS,Pending,Not Reviewed,1343.75 km
2590000898,B 9979 SYM,,Headway Monitoring Warning,"Sankyu,PT",,Alarm End,Identity ID:'' ; Name:'' ; Type:HMW Forward absolute velocity collision ; satellites:19,2026-09-08 08:11:09,"106.098801,-6.030195",2026-09-08 08:11:09,"106.098801,-6.030195",2026-09-08 08:11:11,50.89 km/h,No,,,,,GPS,Pending,Not Reviewed,1343.08 km
2590000898,B 9979 SYM,,Lane Departure Warning,"Sankyu,PT",,Alarm End,Identity ID:'' ; Name:'' ; Type:Lane departure ; satellites:18,2026-09-08 08:11:07,"106.098946,-6.030413",2026-09-08 08:11:07,"106.098946,-6.030413",2026-09-08 08:11:08,49.76 km/h,No,,,,,GPS,Pending,Not Reviewed,1343.08 km
2590000898,B 9979 SYM,,Lane Departure Warning,"Sankyu,PT",,Alarm End,Identity ID:'' ; Name:'' ; Type:Lane departure ; satellites:21,2026-09-08 08:07:10,"106.11911,-6.054143",2026-09-08 08:07:10,"106.11911,-6.054143",2026-09-08 08:07:12,53.18 km/h,No,,,,,GPS,Pending,Not Reviewed,1339.63 km
2590000898,B 9979 SYM,,Distracted Driving,"Sankyu,PT",,Alarm End,Identity ID:'' ; Name:'' ; Type:Distractions alarm ; satellites:21,2026-09-08 08:02:41,"106.137428,-6.085593",2026-09-08 08:02:41,"106.137428,-6.085593",2026-09-08 08:02:43,53.44 km/h,No,,,,,GPS,Pending,Not Reviewed,1335.56 km
2590000898,B 9979 SYM,,Lane Departure Warning,"Sankyu,PT",,Alarm End,Identity ID:'' ; Name:'' ; Type:Lane departure ; satellites:21,2026-09-08 08:02:12,"106.141121,-6.087057",2026-09-08 08:02:12,"106.141121,-6.087057",2026-09-08 08:02:14,57.38 km/h,No,,,,,GPS,Pending,Not Reviewed,1335.16 km
2590000898,B 9979 SYM,,Distracted Driving,"Sankyu,PT",,Alarm End,Identity ID:'' ; Name:'' ; Type:Distractions alarm ; satellites:20,2026-09-08 08:02:07,"106.141678,-6.087245",2026-09-08 08:02:07,"106.141678,-6.087245",2026-09-08 08:02:09,58.68 km/h,No,,,,,GPS,Pending,Not Reviewed,1335.02 km
2590000898,B 9979 SYM,,Distracted Driving,"Sankyu,PT",,Alarm End,Identity ID:'' ; Name:'' ; Type:Distractions alarm ; satellites:21,2026-09-08 08:01:11,"106.149185,-6.089832",2026-09-08 08:01:11,"106.149185,-6.089832",2026-09-08 08:01:13,55.0 km/h,No,,,,,GPS,Pending,Not Reviewed,1334.21 km
2590000898,B 9979 SYM,,Distracted Driving,"Sankyu,PT",,Alarm End,Identity ID:'' ; Name:'' ; Type:Distractions alarm ; satellites:19,2026-09-08 08:00:29,"106.154839,-6.091774",2026-09-08 08:00:29,"106.154839,-6.091774",2026-09-08 08:00:30,55.13 km/h,No,,,,,GPS,Pending,Not Reviewed,1333.52 km
2590000898,B 9979 SYM,,Lane Departure Warning,"Sankyu,PT",,Alarm End,Identity ID:'' ; Name:'' ; Type:Lane departure ; satellites:21,2026-09-08 08:00:12,"106.156975,-6.09247",2026-09-08 08:00:12,"106.156975,-6.09247",2026-09-08 08:00:14,52.96 km/h,No,,,,,GPS,Pending,Not Reviewed,1333.27 km
2590000898,B 9979 SYM,,Headway Monitoring Warning,"Sankyu,PT",,Alarm End,Identity ID:'' ; Name:'' ; Type:HMW Forward absolute velocity collision ; satellites:19,2026-09-08 08:00:05,"106.157684,-6.092731",2026-09-08 08:00:05,"106.157684,-6.092731",2026-09-08 08:00:07,46.45 km/h,No,,,,,GPS,Pending,Not Reviewed,1333.16 km
2590000898,B 9979 SYM,,Distracted Driving,"Sankyu,PT",,Alarm End,Identity ID:'' ; Name:'' ; Type:Distractions alarm ; satellites:19,2026-09-08 07:58:13,"106.170189,-6.099184",2026-09-08 07:58:13,"106.170189,-6.099184",2026-09-08 07:58:15,53.28 km/h,No,,,,,GPS,Pending,Not Reviewed,1331.62 km
2590000898,B 9979 SYM,,Lane Departure Warning,"Sankyu,PT",,Alarm End,Identity ID:'' ; Name:'' ; Type:Lane departure ; satellites:20,2026-09-08 07:57:15,"106.175758,-6.10464",2026-09-08 07:57:15,"106.175758,-6.10464",2026-09-08 07:57:17,55.03 km/h,No,,,,,GPS,Pending,Not Reviewed,1330.82 km
2590000898,B 9979 SYM,,Lane Departure Warning,"Sankyu,PT",,Alarm End,Identity ID:'' ; Name:'' ; Type:Lane departure ; satellites:20,2026-09-08 07:57:02,"106.17701,-6.106015",2026-09-08 07:57:02,"106.17701,-6.106015",2026-09-08 07:57:04,47.8 km/h,No,,,,,GPS,Pending,Not Reviewed,1330.56 km
2590000898,B 9979 SYM,,Lane Departure Warning,"Sankyu,PT",,Alarm End,Identity ID:'' ; Name:'' ; Type:Lane departure ; satellites:18,2026-09-08 07:55:40,"106.184006,-6.113577",2026-09-08 07:55:40,"106.184006,-6.113577",2026-09-08 07:55:42,36.74 km/h,No,,,,,GPS,Pending,Not Reviewed,1329.41 km
2590000898,B 9979 SYM,,Lane Departure Warning,"Sankyu,PT",80 Kph [2:Polygon],Alarm End,Identity ID:'' ; Name:'' ; Type:Lane departure ; satellites:19,2026-09-08 07:54:17,"106.18158,-6.118337",2026-09-08 07:54:17,"106.18158,-6.118337",2026-09-08 07:54:18,45.69 km/h,No,,,,,GPS,Pending,Not Reviewed,1328.81 km
2590000898,B 9979 SYM,,Pedestrian Collision Warning,"Sankyu,PT",80 Kph [2:Polygon],Alarm End,Identity ID:'' ; Name:'' ; Type:Pedestrian collision ; satellites:19,2026-09-08 07:53:47,"106.181801,-6.120575",2026-09-08 07:53:47,"106.181801,-6.120575",2026-09-08 07:53:49,31.24 km/h,No,,,,,GPS,Pending,Not Reviewed,1328.58 km
2590000898,B 9979 SYM,,Pedestrian Collision Warning,"Sankyu,PT",,Alarm End,Identity ID:'' ; Name:'' ; Type:Pedestrian collision ; satellites:18,2026-09-08 07:50:45,"106.19529,-6.11982",2026-09-08 07:50:45,"106.19529,-6.11982",2026-09-08 07:50:46,30.06 km/h,No,,,,,GPS,Pending,Not Reviewed,1327.15 km
2590000898,B 9979 SYM,,Lane Departure Warning,"Sankyu,PT",,Alarm End,Identity ID:'' ; Name:'' ; Type:Lane departure ; satellites:18,2026-09-08 07:49:11,"106.199875,-6.12005",2026-09-08 07:49:11,"106.199875,-6.12005",2026-09-08 07:49:13,32.81 km/h,No,,,,,GPS,Pending,Not Reviewed,1326.59 km
2590000898,B 9979 SYM,,Distracted Driving,"Sankyu,PT",,Alarm End,Identity ID:'' ; Name:'' ; Type:Distractions alarm ; satellites:18,2026-09-08 07:48:06,"106.203011,-6.122945",2026-09-08 07:48:06,"106.203011,-6.122945",2026-09-08 07:48:07,32.06 km/h,No,,,,,GPS,Pending,Not Reviewed,1326.11 km
2590000898,B 9979 SYM,,Forward Collision Warning,"Sankyu,PT",80 Kph [1:Polygon],Alarm End,Identity ID:'' ; Name:'' ; Type:FCW Forward relative velocity collision ; satellites:22,2026-09-08 07:18:15,"106.203712,-6.120762",2026-09-08 07:18:15,"106.203712,-6.120762",2026-09-08 07:18:17,23.14 km/h,No,,,,,GPS,Pending,Not Reviewed,1324.45 km
2590000898,B 9979 SYM,,Pedestrian Collision Warning,"Sankyu,PT",80 Kph [1:Polygon],Alarm End,Identity ID:'' ; Name:'' ; Type:Pedestrian collision ; satellites:22,2026-09-08 07:17:06,"106.210289,-6.122036",2026-09-08 07:17:06,"106.210289,-6.122036",2026-09-08 07:17:07,33.02 km/h,No,,,,,GPS,Pending,Not Reviewed,1323.64 km
2590000898,B 9979 SYM,,Pedestrian Collision Warning,"Sankyu,PT",80 Kph [1:Polygon],Alarm End,Identity ID:'' ; Name:'' ; Type:Pedestrian collision ; satellites:21,2026-09-08 07:16:40,"106.212402,-6.122297",2026-09-08 07:16:40,"106.212402,-6.122297",2026-09-08 07:16:42,35.07 km/h,No,,,,,GPS,Pending,Not Reviewed,1323.42 km
2590000898,B 9979 SYM,,Lane Departure Warning,"Sankyu,PT",80 Kph [1:Polygon],Alarm End,Identity ID:'' ; Name:'' ; Type:Lane departure ; satellites:22,2026-09-08 07:14:21,"106.220863,-6.123493",2026-09-08 07:14:21,"106.220863,-6.123493",2026-09-08 07:14:23,30.35 km/h,No,,,,,GPS,Pending,Not Reviewed,1322.51 km
2590000898,B 9979 SYM,,Pedestrian Collision Warning,"Sankyu,PT",80 Kph [1:Polygon],Alarm End,Identity ID:'' ; Name:'' ; Type:Pedestrian collision ; satellites:22,2026-09-08 07:14:11,"106.221756,-6.123713",2026-09-08 07:14:11,"106.221756,-6.123713",2026-09-08 07:14:12,43.03 km/h,No,,,,,GPS,Pending,Not Reviewed,1322.38 km
2590000898,B 9979 SYM,,Pedestrian Collision Warning,"Sankyu,PT",80 Kph [1:Polygon],Alarm End,Identity ID:'' ; Name:'' ; Type:Pedestrian collision ; satellites:22,2026-09-08 07:13:49,"106.224007,-6.124183",2026-09-08 07:13:49,"106.224007,-6.124183",2026-09-08 07:13:50,37.48 km/h,No,,,,,GPS,Pending,Not Reviewed,1322.15 km
2590000898,B 9979 SYM,,Pedestrian Collision Warning,"Sankyu,PT",80 Kph [1:Polygon],Alarm End,Identity ID:'' ; Name:'' ; Type:Pedestrian collision ; satellites:22,2026-09-08 07:13:44,"106.224449,-6.124259",2026-09-08 07:13:44,"106.224449,-6.124259",2026-09-08 07:13:45,34.89 km/h,No,,,,,GPS,Pending,Not Reviewed,1322.02 km
2590000898,B 9979 SYM,,Pedestrian Collision Warning,"Sankyu,PT",80 Kph [1:Polygon],Alarm End,Identity ID:'' ; Name:'' ; Type:Pedestrian collision ; satellites:22,2026-09-08 07:13:24,"106.226395,-6.124558",2026-09-08 07:13:24,"106.226395,-6.124558",2026-09-08 07:13:26,38.03 km/h,No,,,,,GPS,Pending,Not Reviewed,1321.89 km
2590000898,B 9979 SYM,,Lane Departure Warning,"Sankyu,PT",80 Kph [1:Polygon],Alarm End,Identity ID:'' ; Name:'' ; Type:Lane departure ; satellites:22,2026-09-08 07:13:16,"106.227005,-6.124637",2026-09-08 07:13:16,"106.227005,-6.124637",2026-09-08 07:13:18,34.03 km/h,No,,,,,GPS,Pending,Not Reviewed,1321.76 km
2590000898,B 9979 SYM,,Pedestrian Collision Warning,"Sankyu,PT",80 Kph [1:Polygon],Alarm End,Identity ID:'' ; Name:'' ; Type:Pedestrian collision ; satellites:22,2026-09-08 07:12:58,"106.228836,-6.124972",2026-09-08 07:12:58,"106.228836,-6.124972",2026-09-08 07:13:00,32.89 km/h,No,,,,,GPS,Pending,Not Reviewed,1321.64 km
2590000898,B 9979 SYM,,Pedestrian Collision Warning,"Sankyu,PT",80 Kph [1:Polygon],Alarm End,Identity ID:'' ; Name:'' ; Type:Pedestrian collision ; satellites:22,2026-09-08 07:12:36,"106.230591,-6.125395",2026-09-08 07:12:36,"106.230591,-6.125395",2026-09-08 07:12:37,32.83 km/h,No,,,,,GPS,Pending,Not Reviewed,1321.42 km
2590000898,B 9979 SYM,,Lane Departure Warning,"Sankyu,PT",80 Kph [1:Polygon],Alarm End,Identity ID:'' ; Name:'' ; Type:Lane departure ; satellites:20,2026-09-08 07:10:02,"106.238686,-6.126606",2026-09-08 07:10:02,"106.238686,-6.126606",2026-09-08 07:10:04,37.03 km/h,No,,,,,GPS,Pending,Not Reviewed,1320.5 km
2590000898,B 9979 SYM,,Pedestrian Collision Warning,"Sankyu,PT",80 Kph [1:Polygon],Alarm End,Identity ID:'' ; Name:'' ; Type:Pedestrian collision ; satellites:21,2026-09-08 07:09:54,"106.239433,-6.12664",2026-09-08 07:09:54,"106.239433,-6.12664",2026-09-08 07:09:56,36.77 km/h,No,,,,,GPS,Pending,Not Reviewed,1320.37 km
2590000898,B 9979 SYM,,Pedestrian Collision Warning,"Sankyu,PT",80 Kph [1:Polygon],Alarm End,Identity ID:'' ; Name:'' ; Type:Pedestrian collision ; satellites:21,2026-09-08 07:09:07,"106.243324,-6.1268",2026-09-08 07:09:07,"106.243324,-6.1268",2026-09-08 07:09:08,34.83 km/h,No,,,,,GPS,Pending,Not Reviewed,1320.0 km
2590000898,B 9979 SYM,,Pedestrian Collision Warning,"Sankyu,PT",80 Kph [1:Polygon],Alarm End,Identity ID:'' ; Name:'' ; Type:Pedestrian collision ; satellites:22,2026-09-08 07:08:53,"106.244453,-6.126852",2026-09-08 07:08:53,"106.244453,-6.126852",2026-09-08 07:08:55,33.87 km/h,No,,,,,GPS,Pending,Not Reviewed,1319.89 km
2590000898,B 9979 SYM,,Pedestrian Collision Warning,"Sankyu,PT",80 Kph [1:Polygon],Alarm End,Identity ID:'' ; Name:'' ; Type:Pedestrian collision ; satellites:22,2026-09-08 07:08:35,"106.246109,-6.126962",2026-09-08 07:08:35,"106.246109,-6.126962",2026-09-08 07:08:37,32.59 km/h,No,,,,,GPS,Pending,Not Reviewed,1319.64 km
2590000898,B 9979 SYM,,Pedestrian Collision Warning,"Sankyu,PT",80 Kph [1:Polygon],Alarm End,Identity ID:'' ; Name:'' ; Type:Pedestrian collision ; satellites:22,2026-09-08 07:07:53,"106.249069,-6.127575",2026-09-08 07:07:53,"106.249069,-6.127575",2026-09-08 07:07:55,33.78 km/h,No,,,,,GPS,Pending,Not Reviewed,1319.41 km
2590000898,B 9979 SYM,,Pedestrian Collision Warning,"Sankyu,PT",80 Kph [1:Polygon],Alarm End,Identity ID:'' ; Name:'' ; Type:Pedestrian collision ; satellites:22,2026-09-08 07:07:27,"106.251137,-6.128023",2026-09-08 07:07:27,"106.251137,-6.128023",2026-09-08 07:07:29,34.26 km/h,No,,,,,GPS,Pending,Not Reviewed,1319.06 km
2590000898,B 9979 SYM,,Pedestrian Collision Warning,"Sankyu,PT",80 Kph [1:Polygon],Alarm End,Identity ID:'' ; Name:'' ; Type:Pedestrian collision ; satellites:22,2026-09-08 07:07:19,"106.2519,-6.128201",2026-09-08 07:07:19,"106.2519,-6.128201",2026-09-08 07:07:20,35.98 km/h,No,,,,,GPS,Pending,Not Reviewed,1319.06 km
2590000898,B 9979 SYM,,Lane Departure Warning,"Sankyu,PT",80 Kph [1:Polygon],Alarm End,Identity ID:'' ; Name:'' ; Type:Lane departure ; satellites:22,2026-09-08 07:06:45,"106.25489,-6.128859",2026-09-08 07:06:45,"106.25489,-6.128859",2026-09-08 07:06:47,32.96 km/h,No,,,,,GPS,Pending,Not Reviewed,1318.71 km
2590000898,B 9979 SYM,,Pedestrian Collision Warning,"Sankyu,PT",80 Kph [1:Polygon],Alarm End,Identity ID:'' ; Name:'' ; Type:Pedestrian collision ; satellites:22,2026-09-08 07:06:43,"106.255051,-6.128893",2026-09-08 07:06:43,"106.255051,-6.128893",2026-09-08 07:06:45,33.54 km/h,No,,,,,GPS,Pending,Not Reviewed,1318.71 km
2590000898,B 9979 SYM,,Pedestrian Collision Warning,"Sankyu,PT",80 Kph [1:Polygon],Alarm End,Identity ID:'' ; Name:'' ; Type:Pedestrian collision ; satellites:22,2026-09-08 07:06:27,"106.256317,-6.129167",2026-09-08 07:06:27,"106.256317,-6.129167",2026-09-08 07:06:29,33.81 km/h,No,,,,,GPS,Pending,Not Reviewed,1318.59 km
2590000898,B 9979 SYM,,Distracted Driving,"Sankyu,PT",80 Kph [1:Polygon],Alarm End,Identity ID:'' ; Name:'' ; Type:Distractions alarm ; satellites:22,2026-09-08 07:04:56,"106.264069,-6.13102",2026-09-08 07:04:56,"106.264069,-6.13102",2026-09-08 07:04:58,25.64 km/h,No,,,,,GPS,Pending,Not Reviewed,1317.62 km
2590000898,B 9979 SYM,,Distracted Driving,"Sankyu,PT",80 Kph [1:Polygon],Alarm End,Identity ID:'' ; Name:'' ; Type:Distractions alarm ; satellites:20,2026-09-08 07:03:10,"106.271355,-6.135888",2026-09-08 07:03:10,"106.271355,-6.135888",2026-09-08 07:03:12,31.09 km/h,No,,,,,GPS,Pending,Not Reviewed,1316.67 km
2590000898,B 9979 SYM,,Pedestrian Collision Warning,"Sankyu,PT",80 Kph [1:Polygon],Alarm End,Identity ID:'' ; Name:'' ; Type:Pedestrian collision ; satellites:19,2026-09-08 07:03:07,"106.271576,-6.135972",2026-09-08 07:03:07,"106.271576,-6.135972",2026-09-08 07:03:09,30.26 km/h,No,,,,,GPS,Pending,Not Reviewed,1316.67 km
2590000898,B 9979 SYM,,Lane Departure Warning,"Sankyu,PT",,Alarm End,Identity ID:'' ; Name:'' ; Type:Lane departure ; satellites:22,2026-09-08 07:02:14,"106.274811,-6.138093",2026-09-08 07:02:14,"106.274811,-6.138093",2026-09-08 07:02:16,31.93 km/h,No,,,,,GPS,Pending,Not Reviewed,1316.2 km
2590000898,B 9979 SYM,,Distracted Driving,"Sankyu,PT",,Alarm End,Identity ID:'' ; Name:'' ; Type:Distractions alarm ; satellites:21,2026-09-08 07:02:08,"106.275307,-6.138363",2026-09-08 07:02:08,"106.275307,-6.138363",2026-09-08 07:02:10,30.67 km/h,No,,,,,GPS,Pending,Not Reviewed,1316.2 km
2590000898,B 9979 SYM,,Lane Departure Warning,"Sankyu,PT",,Alarm End,Identity ID:'' ; Name:'' ; Type:Lane departure ; satellites:20,2026-09-08 06:59:31,"106.284447,-6.140069",2026-09-08 06:59:31,"106.284447,-6.140069",2026-09-08 06:59:33,30.02 km/h,No,,,,,GPS,Pending,Not Reviewed,1315.15 km
2590000898,B 9979 SYM,,Pedestrian Collision Warning,"Sankyu,PT",80 Kph [1:Polygon],Alarm End,Identity ID:'' ; Name:'' ; Type:Pedestrian collision ; satellites:21,2026-09-08 06:57:21,"106.291946,-6.139562",2026-09-08 06:57:21,"106.291946,-6.139562",2026-09-08 06:57:22,30.67 km/h,No,,,,,GPS,Pending,Not Reviewed,1314.24 km
2590000898,B 9979 SYM,,Pedestrian Collision Warning,"Sankyu,PT",80 Kph [1:Polygon],Alarm End,Identity ID:'' ; Name:'' ; Type:Pedestrian collision ; satellites:20,2026-09-08 06:56:30,"106.294823,-6.137979",2026-09-08 06:56:30,"106.294823,-6.137979",2026-09-08 06:56:31,33.0 km/h,No,,,,,GPS,Pending,Not Reviewed,1313.88 km
2590000898,B 9979 SYM,,Pedestrian Collision Warning,"Sankyu,PT",80 Kph [1:Polygon],Alarm End,Identity ID:'' ; Name:'' ; Type:Pedestrian collision ; satellites:20,2026-09-08 06:56:19,"106.295616,-6.137533",2026-09-08 06:56:19,"106.295616,-6.137533",2026-09-08 06:56:21,37.25 km/h,No,,,,,GPS,Pending,Not Reviewed,1313.88 km
2590000898,B 9979 SYM,,Pedestrian Collision Warning,"Sankyu,PT",80 Kph [1:Polygon],Alarm End,Identity ID:'' ; Name:'' ; Type:Pedestrian collision ; satellites:20,2026-09-08 06:55:34,"106.299576,-6.136428",2026-09-08 06:55:34,"106.299576,-6.136428",2026-09-08 06:55:36,37.83 km/h,No,,,,,GPS,Pending,Not Reviewed,1313.35 km
2590000898,B 9979 SYM,,Distracted Driving,"Sankyu,PT",80 Kph [1:Polygon],Alarm End,Identity ID:'' ; Name:'' ; Type:Distractions alarm ; satellites:19,2026-09-08 06:55:32,"106.299728,-6.136522",2026-09-08 06:55:32,"106.299728,-6.136522",2026-09-08 06:55:34,38.38 km/h,No,,,,,GPS,Pending,Not Reviewed,1313.35 km
2590000898,B 9979 SYM,,Lane Departure Warning,"Sankyu,PT",80 Kph [1:Polygon],Alarm End,Identity ID:'' ; Name:'' ; Type:Lane departure ; satellites:20,2026-09-08 06:55:06,"106.302452,-6.138245",2026-09-08 06:55:06,"106.302452,-6.138245",2026-09-08 06:55:08,53.05 km/h,No,,,,,GPS,Pending,Not Reviewed,1312.99 km
2590000898,B 9979 SYM,,Pedestrian Collision Warning,"Sankyu,PT",80 Kph [1:Polygon],Alarm End,Identity ID:'' ; Name:'' ; Type:Pedestrian collision ; satellites:19,2026-09-08 06:54:57,"106.303345,-6.138488",2026-09-08 06:54:57,"106.303345,-6.138488",2026-09-08 06:54:59,39.46 km/h,No,,,,,GPS,Pending,Not Reviewed,1312.85 km
2590000898,B 9979 SYM,,Lane Departure Warning,"Sankyu,PT",80 Kph [1:Polygon],Alarm End,Identity ID:'' ; Name:'' ; Type:Lane departure ; satellites:19,2026-09-08 06:54:53,"106.303825,-6.138623",2026-09-08 06:54:53,"106.303825,-6.138623",2026-09-08 06:54:54,38.49 km/h,No,,,,,GPS,Pending,Not Reviewed,1312.85 km
2590000898,B 9979 SYM,,Distracted Driving,"Sankyu,PT",80 Kph [1:Polygon],Alarm End,Identity ID:'' ; Name:'' ; Type:Distractions alarm ; satellites:19,2026-09-08 06:54:52,"106.303825,-6.138623",2026-09-08 06:54:52,"106.303825,-6.138623",2026-09-08 06:54:54,38.49 km/h,No,,,,,GPS,Pending,Not Reviewed,1312.85 km
2590000898,B 9979 SYM,,Lane Departure Warning,"Sankyu,PT",80 Kph [1:Polygon],Alarm End,Identity ID:'' ; Name:'' ; Type:Lane departure ; satellites:18,2026-09-08 06:54:46,"106.304443,-6.138876",2026-09-08 06:54:46,"106.304443,-6.138876",2026-09-08 06:54:48,37.86 km/h,No,,,,,GPS,Pending,Not Reviewed,1312.72 km
2590000898,B 9979 SYM,,Lane Departure Warning,"Sankyu,PT",80 Kph [1:Polygon],Alarm End,Identity ID:'' ; Name:'' ; Type:Lane departure ; satellites:22,2026-09-08 06:54:35,"106.305092,-6.139663",2026-09-08 06:54:35,"106.305092,-6.139663",2026-09-08 06:54:37,39.81 km/h,No,,,,,GPS,Pending,Not Reviewed,1312.59 km
2590000898,B 9979 SYM,,Pedestrian Collision Warning,"Sankyu,PT",80 Kph [1:Polygon],Alarm End,Identity ID:'' ; Name:'' ; Type:Pedestrian collision ; satellites:19,2026-09-08 06:54:22,"106.305634,-6.14088",2026-09-08 06:54:22,"106.305634,-6.14088",2026-09-08 06:54:24,42.58 km/h,No,,,,,GPS,Pending,Not Reviewed,1312.45 km
2590000898,B 9979 SYM,,Forward Collision Warning,"Sankyu,PT",80 Kph [1:Polygon],Alarm End,Identity ID:'' ; Name:'' ; Type:FCW Forward relative velocity collision ; satellites:20,2026-09-08 06:53:41,"106.307198,-6.143937",2026-09-08 06:53:41,"106.307198,-6.143937",2026-09-08 06:53:42,29.11 km/h,No,,,,,GPS,Pending,Not Reviewed,1312.1 km
2590000898,B 9979 SYM,,Forward Collision Warning,"Sankyu,PT",,Alarm End,Identity ID:'' ; Name:'' ; Type:FCW Forward relative velocity collision ; satellites:21,2026-09-08 06:53:03,"106.308334,-6.14621",2026-09-08 06:53:03,"106.308334,-6.14621",2026-09-08 06:53:05,31.45 km/h,No,,,,,GPS,Pending,Not Reviewed,1311.75 km
2590000898,B 9979 SYM,,Lane Departure Warning,"Sankyu,PT",,Alarm End,Identity ID:'' ; Name:'' ; Type:Lane departure ; satellites:18,2026-09-08 06:51:39,"106.311806,-6.151098",2026-09-08 06:51:39,"106.311806,-6.151098",2026-09-08 06:51:40,30.09 km/h,No,,,,,GPS,Pending,Not Reviewed,1311.16 km
2590000898,B 9979 SYM,,Distracted Driving,"Sankyu,PT",,Alarm End,Identity ID:'' ; Name:'' ; Type:Distractions alarm ; satellites:19,2026-09-08 06:50:44,"106.313904,-6.153332",2026-09-08 06:50:44,"106.313904,-6.153332",2026-09-08 06:50:46,26.19 km/h,No,,,,,GPS,Pending,Not Reviewed,1310.93 km
2590000898,B 9979 SYM,,Pedestrian Collision Warning,"Sankyu,PT",,Alarm End,Identity ID:'' ; Name:'' ; Type:Pedestrian collision ; satellites:18,2026-09-08 06:49:49,"106.316498,-6.154462",2026-09-08 06:49:49,"106.316498,-6.154462",2026-09-08 06:49:50,27.21 km/h,No,,,,,GPS,Pending,Not Reviewed,1310.57 km
2590000898,B 9979 SYM,,Pedestrian Collision Warning,"Sankyu,PT",,Alarm End,Identity ID:'' ; Name:'' ; Type:Pedestrian collision ; satellites:18,2026-09-08 06:49:16,"106.318657,-6.156492",2026-09-08 06:49:16,"106.318657,-6.156492",2026-09-08 06:49:18,43.51 km/h,No,,,,,GPS,Pending,Not Reviewed,1310.17 km
2590000898,B 9979 SYM,,Pedestrian Collision Warning,"Sankyu,PT",,Alarm End,Identity ID:'' ; Name:'' ; Type:Pedestrian collision ; satellites:20,2026-09-08 06:48:55,"106.319748,-6.158315",2026-09-08 06:48:55,"106.319748,-6.158315",2026-09-08 06:48:56,35.87 km/h,No,,,,,GPS,Pending,Not Reviewed,1310.05 km
2590000898,B 9979 SYM,,Pedestrian Collision Warning,"Sankyu,PT",,Alarm End,Identity ID:'' ; Name:'' ; Type:Pedestrian collision ; satellites:20,2026-09-08 06:48:49,"106.320023,-6.158755",2026-09-08 06:48:49,"106.320023,-6.158755",2026-09-08 06:48:50,33.33 km/h,No,,,,,GPS,Pending,Not Reviewed,1309.94 km
2590000898,B 9979 SYM,,Pedestrian Collision Warning,"Sankyu,PT",,Alarm End,Identity ID:'' ; Name:'' ; Type:Pedestrian collision ; satellites:20,2026-09-08 06:48:42,"106.320457,-6.159173",2026-09-08 06:48:42,"106.320457,-6.159173",2026-09-08 06:48:44,36.98 km/h,No,,,,,GPS,Pending,Not Reviewed,1309.81 km
2590000898,B 9979 SYM,,Lane Departure Warning,"Sankyu,PT",,Alarm End,Identity ID:'' ; Name:'' ; Type:Lane departure ; satellites:20,2026-09-08 06:48:42,"106.320457,-6.159173",2026-09-08 06:48:42,"106.320457,-6.159173",2026-09-08 06:48:44,36.98 km/h,No,,,,,GPS,Pending,Not Reviewed,1309.81 km
2590000898,B 9979 SYM,,Pedestrian Collision Warning,"Sankyu,PT",,Alarm End,Identity ID:'' ; Name:'' ; Type:Pedestrian collision ; satellites:21,2026-09-08 06:43:31,"106.327957,-6.163482",2026-09-08 06:43:31,"106.327957,-6.163482",2026-09-08 06:43:33,30.3 km/h,No,,,,,GPS,Pending,Not Reviewed,1309.02 km
2590000898,B 9979 SYM,,Lane Departure Warning,"Sankyu,PT",,Alarm End,Identity ID:'' ; Name:'' ; Type:Lane departure ; satellites:20,2026-09-08 06:43:30,"106.328072,-6.163582",2026-09-08 06:43:30,"106.328072,-6.163582",2026-09-08 06:43:31,31.08 km/h,No,,,,,GPS,Pending,Not Reviewed,1309.02 km
2590000898,B 9979 SYM,,Pedestrian Collision Warning,"Sankyu,PT",,Alarm End,Identity ID:'' ; Name:'' ; Type:Pedestrian collision ; satellites:21,2026-09-08 06:43:17,"106.328743,-6.1643",2026-09-08 06:43:17,"106.328743,-6.1643",2026-09-08 06:43:19,34.55 km/h,No,,,,,GPS,Pending,Not Reviewed,1308.91 km
2590000898,B 9979 SYM,,Pedestrian Collision Warning,"Sankyu,PT",,Alarm End,Identity ID:'' ; Name:'' ; Type:Pedestrian collision ; satellites:19,2026-09-08 06:42:33,"106.331078,-6.166865",2026-09-08 06:42:33,"106.331078,-6.166865",2026-09-08 06:42:35,33.87 km/h,No,,,,,GPS,Pending,Not Reviewed,1308.44 km
2590000898,B 9979 SYM,,Lane Departure Warning,"Sankyu,PT",,Alarm End,Identity ID:'' ; Name:'' ; Type:Lane departure ; satellites:20,2026-09-08 06:42:31,"106.331139,-6.166924",2026-09-08 06:42:31,"106.331139,-6.166924",2026-09-08 06:42:33,33.91 km/h,No,,,,,GPS,Pending,Not Reviewed,1308.44 km
2590000898,B 9979 SYM,,Lane Departure Warning,"Sankyu,PT",,Alarm End,Identity ID:'' ; Name:'' ; Type:Lane departure ; satellites:20,2026-09-08 06:42:08,"106.332581,-6.16814",2026-09-08 06:42:08,"106.332581,-6.16814",2026-09-08 06:42:09,31.87 km/h,No,,,,,GPS,Pending,Not Reviewed,1308.31 km
2590000898,B 9979 SYM,,Pedestrian Collision Warning,"Sankyu,PT",,Alarm End,Identity ID:'' ; Name:'' ; Type:Pedestrian collision ; satellites:19,2026-09-08 06:42:05,"106.332703,-6.16824",2026-09-08 06:42:05,"106.332703,-6.16824",2026-09-08 06:42:07,31.65 km/h,No,,,,,GPS,Pending,Not Reviewed,1308.19 km
2590000898,B 9979 SYM,,Pedestrian Collision Warning,"Sankyu,PT",,Alarm End,Identity ID:'' ; Name:'' ; Type:Pedestrian collision ; satellites:20,2026-09-08 06:41:52,"106.333511,-6.168903",2026-09-08 06:41:52,"106.333511,-6.168903",2026-09-08 06:41:54,31.13 km/h,No,,,,,GPS,Pending,Not Reviewed,1308.07 km
2590000898,B 9979 SYM,,Pedestrian Collision Warning,"Sankyu,PT",,Alarm End,Identity ID:'' ; Name:'' ; Type:Pedestrian collision ; satellites:22,2026-09-08 06:41:21,"106.334564,-6.170745",2026-09-08 06:41:21,"106.334564,-6.170745",2026-09-08 06:41:23,30.22 km/h,No,,,,,GPS,Pending,Not Reviewed,1307.85 km
2590000898,B 9979 SYM,,Pedestrian Collision Warning,"Sankyu,PT",,Alarm End,Identity ID:'' ; Name:'' ; Type:Pedestrian collision ; satellites:20,2026-09-08 06:39:44,"106.337479,-6.175472",2026-09-08 06:39:44,"106.337479,-6.175472",2026-09-08 06:39:46,30.15 km/h,No,,,,,GPS,Pending,Not Reviewed,1307.28 km
2590000898,B 9979 SYM,,Pedestrian Collision Warning,"Sankyu,PT",,Alarm End,Identity ID:'' ; Name:'' ; Type:Pedestrian collision ; satellites:22,2026-09-08 06:38:04,"106.340111,-6.181588",2026-09-08 06:38:04,"106.340111,-6.181588",2026-09-08 06:38:06,37.46 km/h,No,,,,,GPS,Pending,Not Reviewed,1306.59 km
2590000898,B 9979 SYM,,Pedestrian Collision Warning,"Sankyu,PT",,Alarm End,Identity ID:'' ; Name:'' ; Type:Pedestrian collision ; satellites:21,2026-09-08 06:37:53,"106.340355,-6.182505",2026-09-08 06:37:53,"106.340355,-6.182505",2026-09-08 06:37:55,36.46 km/h,No,,,,,GPS,Pending,Not Reviewed,1306.47 km
2590000898,B 9979 SYM,,Pedestrian Collision Warning,"Sankyu,PT",,Alarm End,Identity ID:'' ; Name:'' ; Type:Pedestrian collision ; satellites:22,2026-09-08 06:36:43,"106.341827,-6.186248",2026-09-08 06:36:43,"106.341827,-6.186248",2026-09-08 06:36:45,28.47 km/h,No,,,,,GPS,Pending,Not Reviewed,1306.01 km
2590000898,B 9979 SYM,,Lane Departure Warning,"Sankyu,PT",,Alarm End,Identity ID:'' ; Name:'' ; Type:Lane departure ; satellites:21,2026-09-08 06:36:40,"106.34198,-6.186527",2026-09-08 06:36:40,"106.34198,-6.186527",2026-09-08 06:36:41,32.72 km/h,No,,,,,GPS,Pending,Not Reviewed,1306.01 km
2590000898,B 9979 SYM,,Lane Departure Warning,"Sankyu,PT",,Alarm End,Identity ID:'' ; Name:'' ; Type:Lane departure ; satellites:22,2026-09-08 06:36:30,"106.342346,-6.187223",2026-09-08 06:36:30,"106.342346,-6.187223",2026-09-08 06:36:32,36.55 km/h,No,,,,,GPS,Pending,Not Reviewed,1305.89 km
2590000898,B 9979 SYM,,Pedestrian Collision Warning,"Sankyu,PT",,Alarm End,Identity ID:'' ; Name:'' ; Type:Pedestrian collision ; satellites:21,2026-09-08 06:36:21,"106.342751,-6.188066",2026-09-08 06:36:21,"106.342751,-6.188066",2026-09-08 06:36:23,39.94 km/h,No,,,,,GPS,Pending,Not Reviewed,1305.76 km
2590000898,B 9979 SYM,,Pedestrian Collision Warning,"Sankyu,PT",,Alarm End,Identity ID:'' ; Name:'' ; Type:Pedestrian collision ; satellites:22,2026-09-08 06:36:09,"106.343132,-6.189025",2026-09-08 06:36:09,"106.343132,-6.189025",2026-09-08 06:36:11,33.87 km/h,No,,,,,GPS,Pending,Not Reviewed,1305.64 km
2590000898,B 9979 SYM,,Pedestrian Collision Warning,"Sankyu,PT",,Alarm End,Identity ID:'' ; Name:'' ; Type:Pedestrian collision ; satellites:20,2026-09-08 06:35:39,"106.343864,-6.191045",2026-09-08 06:35:39,"106.343864,-6.191045",2026-09-08 06:35:41,30.76 km/h,No,,,,,GPS,Pending,Not Reviewed,1305.41 km
2590000898,B 9979 SYM,,Pedestrian Collision Warning,"Sankyu,PT",,Alarm End,Identity ID:'' ; Name:'' ; Type:Pedestrian collision ; satellites:21,2026-09-08 06:35:27,"106.344261,-6.192073",2026-09-08 06:35:27,"106.344261,-6.192073",2026-09-08 06:35:29,36.09 km/h,No,,,,,GPS,Pending,Not Reviewed,1305.29 km
2590000898,B 9979 SYM,,Lane Departure Warning,"Sankyu,PT",,Alarm End,Identity ID:'' ; Name:'' ; Type:Lane departure ; satellites:20,2026-09-08 06:35:24,"106.344383,-6.192303",2026-09-08 06:35:24,"106.344383,-6.192303",2026-09-08 06:35:25,36.22 km/h,No,,,,,GPS,Pending,Not Reviewed,1305.29 km
2590000898,B 9979 SYM,,Pedestrian Collision Warning,"Sankyu,PT",,Alarm End,Identity ID:'' ; Name:'' ; Type:Pedestrian collision ; satellites:20,2026-09-08 06:35:20,"106.344597,-6.192622",2026-09-08 06:35:20,"106.344597,-6.192622",2026-09-08 06:35:22,38.22 km/h,No,,,,,GPS,Pending,Not Reviewed,1305.16 km
2590000898,B 9979 SYM,,Pedestrian Collision Warning,"Sankyu,PT",,Alarm End,Identity ID:'' ; Name:'' ; Type:Pedestrian collision ; satellites:18,2026-09-08 06:35:09,"106.345184,-6.1934",2026-09-08 06:35:09,"106.345184,-6.1934",2026-09-08 06:35:11,38.12 km/h,No,,,,,GPS,Pending,Not Reviewed,1305.16 km
2590000898,B 9979 SYM,,Pedestrian Collision Warning,"Sankyu,PT",,Alarm End,Identity ID:'' ; Name:'' ; Type:Pedestrian collision ; satellites:20,2026-09-08 06:34:53,"106.346184,-6.194657",2026-09-08 06:34:53,"106.346184,-6.194657",2026-09-08 06:34:55,36.77 km/h,No,,,,,GPS,Pending,Not Reviewed,1304.91 km
2590000898,B 9979 SYM,,Lane Departure Warning,"Sankyu,PT",,Alarm End,Identity ID:'' ; Name:'' ; Type:Lane departure ; satellites:20,2026-09-08 06:34:09,"106.348053,-6.198653",2026-09-08 06:34:09,"106.348053,-6.198653",2026-09-08 06:34:10,35.18 km/h,No,,,,,GPS,Pending,Not Reviewed,1304.4 km
2590000898,B 9979 SYM,,Pedestrian Collision Warning,"Sankyu,PT",,Alarm End,Identity ID:'' ; Name:'' ; Type:Pedestrian collision ; satellites:19,2026-09-08 06:34:04,"106.34819,-6.19905",2026-09-08 06:34:04,"106.34819,-6.19905",2026-09-08 06:34:06,30.54 km/h,No,,,,,GPS,Pending,Not Reviewed,1304.4 km
2590000898,B 9979 SYM,,Pedestrian Collision Warning,"Sankyu,PT",,Alarm End,Identity ID:'' ; Name:'' ; Type:Pedestrian collision ; satellites:19,2026-09-08 06:33:58,"106.348343,-6.199488",2026-09-08 06:33:58,"106.348343,-6.199488",2026-09-08 06:34:00,30.76 km/h,No,,,,,GPS,Pending,Not Reviewed,1304.4 km
2590000898,B 9979 SYM,,Lane Departure Warning,"Sankyu,PT",,Alarm End,Identity ID:'' ; Name:'' ; Type:Lane departure ; satellites:22,2026-09-08 06:33:38,"106.348862,-6.200967",2026-09-08 06:33:38,"106.348862,-6.200967",2026-09-08 06:33:40,39.05 km/h,No,,,,,GPS,Pending,Not Reviewed,1304.14 km
2590000898,B 9979 SYM,,Pedestrian Collision Warning,"Sankyu,PT",,Alarm End,Identity ID:'' ; Name:'' ; Type:Pedestrian collision ; satellites:22,2026-09-08 06:33:31,"106.349106,-6.201638",2026-09-08 06:33:31,"106.349106,-6.201638",2026-09-08 06:33:33,41.38 km/h,No,,,,,GPS,Pending,Not Reviewed,1304.14 km
2590000898,B 9979 SYM,,Lane Departure Warning,"Sankyu,PT",,Alarm End,Identity ID:'' ; Name:'' ; Type:Lane departure ; satellites:21,2026-09-08 06:33:25,"106.349274,-6.202212",2026-09-08 06:33:25,"106.349274,-6.202212",2026-09-08 06:33:27,39.34 km/h,No,,,,,GPS,Pending,Not Reviewed,1304.0 km
2590000898,B 9979 SYM,,Pedestrian Collision Warning,"Sankyu,PT",,Alarm End,Identity ID:'' ; Name:'' ; Type:Pedestrian collision ; satellites:20,2026-09-08 06:32:50,"106.351097,-6.205435",2026-09-08 06:32:50,"106.351097,-6.205435",2026-09-08 06:32:52,44.15 km/h,No,,,,,GPS,Pending,Not Reviewed,1303.65 km
2590000898,B 9979 SYM,,Pedestrian Collision Warning,"Sankyu,PT",,Alarm End,Identity ID:'' ; Name:'' ; Type:Pedestrian collision ; satellites:21,2026-09-08 06:32:41,"106.351852,-6.206218",2026-09-08 06:32:41,"106.351852,-6.206218",2026-09-08 06:32:43,41.99 km/h,No,,,,,GPS,Pending,Not Reviewed,1303.51 km
2590000898,B 9979 SYM,,Pedestrian Collision Warning,"Sankyu,PT",,Alarm End,Identity ID:'' ; Name:'' ; Type:Pedestrian collision ; satellites:21,2026-09-08 06:32:29,"106.352791,-6.207032",2026-09-08 06:32:29,"106.352791,-6.207032",2026-09-08 06:32:30,39.27 km/h,No,,,,,GPS,Pending,Not Reviewed,1303.37 km
2590000898,B 9979 SYM,,Pedestrian Collision Warning,"Sankyu,PT",,Alarm End,Identity ID:'' ; Name:'' ; Type:Pedestrian collision ; satellites:21,2026-09-08 06:32:24,"106.353226,-6.207247",2026-09-08 06:32:24,"106.353226,-6.207247",2026-09-08 06:32:26,37.38 km/h,No,,,,,GPS,Pending,Not Reviewed,1303.37 km
2590000898,B 9979 SYM,,Pedestrian Collision Warning,"Sankyu,PT",,Alarm End,Identity ID:'' ; Name:'' ; Type:Pedestrian collision ; satellites:21,2026-09-08 06:31:58,"106.355766,-6.207827",2026-09-08 06:31:58,"106.355766,-6.207827",2026-09-08 06:31:59,37.57 km/h,No,,,,,GPS,Pending,Not Reviewed,1302.98 km
2590000898,B 9979 SYM,,Pedestrian Collision Warning,"Sankyu,PT",,Alarm End,Identity ID:'' ; Name:'' ; Type:Pedestrian collision ; satellites:20,2026-09-08 06:31:51,"106.356415,-6.207917",2026-09-08 06:31:51,"106.356415,-6.207917",2026-09-08 06:31:53,34.98 km/h,No,,,,,GPS,Pending,Not Reviewed,1302.98 km
2590000898,B 9979 SYM,,Pedestrian Collision Warning,"Sankyu,PT",,Alarm End,Identity ID:'' ; Name:'' ; Type:Pedestrian collision ; satellites:21,2026-09-08 06:31:22,"106.358849,-6.207891",2026-09-08 06:31:22,"106.358849,-6.207891",2026-09-08 06:31:24,38.51 km/h,No,,,,,GPS,Pending,Not Reviewed,1302.64 km
2590000898,B 9979 SYM,,Pedestrian Collision Warning,"Sankyu,PT",,Alarm End,Identity ID:'' ; Name:'' ; Type:Pedestrian collision ; satellites:20,2026-09-08 06:30:10,"106.363312,-6.206157",2026-09-08 06:30:10,"106.363312,-6.206157",2026-09-08 06:30:12,44.86 km/h,No,,,,,GPS,Pending,Not Reviewed,1302.17 km
2590000898,B 9979 SYM,,Pedestrian Collision Warning,"Sankyu,PT",,Alarm End,Identity ID:'' ; Name:'' ; Type:Pedestrian collision ; satellites:21,2026-09-08 06:29:34,"106.366379,-6.20522",2026-09-08 06:29:34,"106.366379,-6.20522",2026-09-08 06:29:36,30.06 km/h,No,,,,,GPS,Pending,Not Reviewed,1301.81 km
2590000898,B 9979 SYM,,Distracted Driving,"Sankyu,PT",,Alarm End,Identity ID:'' ; Name:'' ; Type:Distractions alarm ; satellites:21,2026-09-08 06:29:33,"106.366455,-6.205218",2026-09-08 06:29:33,"106.366455,-6.205218",2026-09-08 06:29:35,29.98 km/h,No,,,,,GPS,Pending,Not Reviewed,1301.81 km
2590000898,B 9979 SYM,,Distracted Driving,"Sankyu,PT",,Alarm End,Identity ID:'' ; Name:'' ; Type:Distractions alarm ; satellites:21,2026-09-08 06:27:35,"106.373451,-6.205848",2026-09-08 06:27:35,"106.373451,-6.205848",2026-09-08 06:27:37,22.36 km/h,No,,,,,GPS,Pending,Not Reviewed,1300.89 km
2590000898,B 9979 SYM,,Forward Collision Warning,"Sankyu,PT",,Alarm End,Identity ID:'' ; Name:'' ; Type:FCW Forward relative velocity collision ; satellites:21,2026-09-08 06:27:10,"106.374397,-6.206612",2026-09-08 06:27:10,"106.374397,-6.206612",2026-09-08 06:27:12,24.1 km/h,No,,,,,GPS,Pending,Not Reviewed,1300.78 km
2590000898,B 9979 SYM,,Pedestrian Collision Warning,"Sankyu,PT",,Alarm End,Identity ID:'' ; Name:'' ; Type:Pedestrian collision ; satellites:20,2026-09-08 06:27:01,"106.374863,-6.20702",2026-09-08 06:27:01,"106.374863,-6.20702",2026-09-08 06:27:03,31.11 km/h,No,,,,,GPS,Pending,Not Reviewed,1300.78 km
2590000898,B 9979 SYM,,Forward Collision Warning,"Sankyu,PT",,Alarm End,Identity ID:'' ; Name:'' ; Type:FCW Forward relative velocity collision ; satellites:20,2026-09-08 06:26:36,"106.376114,-6.20847",2026-09-08 06:26:36,"106.376114,-6.20847",2026-09-08 06:26:37,30.35 km/h,No,,,,,GPS,Pending,Not Reviewed,1300.54 km
2590000898,B 9979 SYM,,Pedestrian Collision Warning,"Sankyu,PT",,Alarm End,Identity ID:'' ; Name:'' ; Type:Pedestrian collision ; satellites:20,2026-09-08 06:26:24,"106.376747,-6.20892",2026-09-08 06:26:24,"106.376747,-6.20892",2026-09-08 06:26:26,32.7 km/h,No,,,,,GPS,Pending,Not Reviewed,1300.42 km
2590000898,B 9979 SYM,,Pedestrian Collision Warning,"Sankyu,PT",,Alarm End,Identity ID:'' ; Name:'' ; Type:Pedestrian collision ; satellites:20,2026-09-08 06:26:08,"106.377831,-6.209905",2026-09-08 06:26:08,"106.377831,-6.209905",2026-09-08 06:26:10,38.55 km/h,No,,,,,GPS,Pending,Not Reviewed,1300.3 km
2590000898,B 9979 SYM,,Lane Departure Warning,"Sankyu,PT",,Alarm End,Identity ID:'' ; Name:'' ; Type:Lane departure ; satellites:17,2026-09-08 06:24:40,"106.38414,-6.207447",2026-09-08 06:24:40,"106.38414,-6.207447",2026-09-08 06:24:42,31.37 km/h,No,,,,,GPS,Pending,Not Reviewed,1299.45 km
2590000898,B 9979 SYM,,Pedestrian Collision Warning,"Sankyu,PT",,Alarm End,Identity ID:'' ; Name:'' ; Type:Pedestrian collision ; satellites:18,2026-09-08 06:24:24,"106.38549,-6.207665",2026-09-08 06:24:24,"106.38549,-6.207665",2026-09-08 06:24:25,32.59 km/h,No,,,,,GPS,Pending,Not Reviewed,1299.32 km
2590000898,B 9979 SYM,,Pedestrian Collision Warning,"Sankyu,PT",,Alarm End,Identity ID:'' ; Name:'' ; Type:Pedestrian collision ; satellites:17,2026-09-08 06:24:16,"106.386009,-6.207873",2026-09-08 06:24:16,"106.386009,-6.207873",2026-09-08 06:24:18,31.48 km/h,No,,,,,GPS,Pending,Not Reviewed,1299.32 km
2590000898,B 9979 SYM,,Pedestrian Collision Warning,"Sankyu,PT",,Alarm End,Identity ID:'' ; Name:'' ; Type:Pedestrian collision ; satellites:16,2026-09-08 06:24:03,"106.386833,-6.208472",2026-09-08 06:24:03,"106.386833,-6.208472",2026-09-08 06:24:05,31.26 km/h,No,,,,,GPS,Pending,Not Reviewed,1299.19 km
2590000898,B 9979 SYM,,Lane Departure Warning,"Sankyu,PT",80 Kph [4:Polygon],Alarm End,Identity ID:'' ; Name:'' ; Type:Lane departure ; satellites:22,2026-09-08 05:25:19,"106.39476,-6.213817",2026-09-08 05:25:19,"106.39476,-6.213817",2026-09-08 05:25:21,37.14 km/h,No,,,,,GPS,Pending,Not Reviewed,1298.24 km
2590000898,B 9979 SYM,,Lane Departure Warning,"Sankyu,PT",80 Kph [4:Polygon],Alarm End,Identity ID:'' ; Name:'' ; Type:Lane departure ; satellites:21,2026-09-08 05:25:12,"106.395363,-6.21407",2026-09-08 05:25:12,"106.395363,-6.21407",2026-09-08 05:25:14,40.44 km/h,No,,,,,GPS,Pending,Not Reviewed,1298.11 km
2590000898,B 9979 SYM,,Lane Departure Warning,"Sankyu,PT",80 Kph [4:Polygon],Alarm End,Identity ID:'' ; Name:'' ; Type:Lane departure ; satellites:21,2026-09-08 05:25:04,"106.396057,-6.214182",2026-09-08 05:25:04,"106.396057,-6.214182",2026-09-08 05:25:06,34.76 km/h,No,,,,,GPS,Pending,Not Reviewed,1298.11 km
2590000898,B 9979 SYM,,Lane Departure Warning,"Sankyu,PT",80 Kph [4:Polygon],Alarm End,Identity ID:'' ; Name:'' ; Type:Lane departure ; satellites:22,2026-09-08 05:24:19,"106.39994,-6.214803",2026-09-08 05:24:19,"106.39994,-6.214803",2026-09-08 05:24:21,38.49 km/h,No,,,,,GPS,Pending,Not Reviewed,1297.6 km
2590000898,B 9979 SYM,,Lane Departure Warning,"Sankyu,PT",80 Kph [4:Polygon],Alarm End,Identity ID:'' ; Name:'' ; Type:Lane departure ; satellites:22,2026-09-08 05:23:50,"106.402344,-6.215724",2026-09-08 05:23:50,"106.402344,-6.215724",2026-09-08 05:23:52,36.31 km/h,No,,,,,GPS,Pending,Not Reviewed,1297.36 km
2590000898,B 9979 SYM,,Lane Departure Warning,"Sankyu,PT",80 Kph [4:Polygon],Alarm End,Identity ID:'' ; Name:'' ; Type:Lane departure ; satellites:21,2026-09-08 05:23:22,"106.404572,-6.215776",2026-09-08 05:23:22,"106.404572,-6.215776",2026-09-08 05:23:24,37.16 km/h,No,,,,,GPS,Pending,Not Reviewed,1297.12 km
2590000898,B 9979 SYM,,Pedestrian Collision Warning,"Sankyu,PT",80 Kph [4:Polygon],Alarm End,Identity ID:'' ; Name:'' ; Type:Pedestrian collision ; satellites:20,2026-09-08 05:23:05,"106.406166,-6.215845",2026-09-08 05:23:05,"106.406166,-6.215845",2026-09-08 05:23:07,34.9 km/h,No,,,,,GPS,Pending,Not Reviewed,1296.87 km
2590000898,B 9979 SYM,,Pedestrian Collision Warning,"Sankyu,PT",80 Kph [4:Polygon],Alarm End,Identity ID:'' ; Name:'' ; Type:Pedestrian collision ; satellites:21,2026-09-08 05:21:35,"106.4142,-6.218105",2026-09-08 05:21:35,"106.4142,-6.218105",2026-09-08 05:21:38,33.42 km/h,No,,,,,GPS,Pending,Not Reviewed,1295.97 km
2590000898,B 9979 SYM,,Lane Departure Warning,"Sankyu,PT",80 Kph [4:Polygon],Alarm End,Identity ID:'' ; Name:'' ; Type:Lane departure ; satellites:22,2026-09-08 05:21:33,"106.41436,-6.218158",2026-09-08 05:21:33,"106.41436,-6.218158",2026-09-08 05:21:35,32.11 km/h,No,,,,,GPS,Pending,Not Reviewed,1295.97 km
2590000898,B 9979 SYM,,Forward Collision Warning,"Sankyu,PT",80 Kph [4:Polygon],Alarm End,Identity ID:'' ; Name:'' ; Type:FCW Forward relative velocity collision ; satellites:20,2026-09-08 05:19:17,"106.418976,-6.219635",2026-09-08 05:19:17,"106.418976,-6.219635",2026-09-08 05:19:20,29.65 km/h,No,,,,,GPS,Pending,Not Reviewed,1295.39 km
2590000898,B 9979 SYM,,Headway Monitoring Warning,"Sankyu,PT",80 Kph [4:Polygon],Alarm End,Identity ID:'' ; Name:'' ; Type:HMW Forward absolute velocity collision ; satellites:22,2026-09-08 04:58:47,"106.442551,-6.216653",2026-09-08 04:58:47,"106.442551,-6.216653",2026-09-08 04:58:49,40.81 km/h,No,,,,,GPS,Pending,Not Reviewed,1291.86 km
2590000898,B 9979 SYM,,Yawning,"Sankyu,PT",80 Kph [4:Polygon],Alarm End,Identity ID:'' ; Name:'' ; Type:yawn ; satellites:22,2026-09-08 04:57:48,"106.445396,-6.213678",2026-09-08 04:57:48,"106.445396,-6.213678",2026-09-08 04:57:50,28.63 km/h,No,,,,,GPS,Pending,Not Reviewed,1291.4 km
2590000898,B 9979 SYM,,Pedestrian Collision Warning,"Sankyu,PT",,Alarm End,Identity ID:'' ; Name:'' ; Type:Pedestrian collision ; satellites:21,2026-09-08 04:55:06,"106.452553,-6.204125",2026-09-08 04:55:06,"106.452553,-6.204125",2026-09-08 04:55:08,30.78 km/h,No,,,,,GPS,Pending,Not Reviewed,1290.09 km
2590000898,B 9979 SYM,,Lane Departure Warning,"Sankyu,PT",,Alarm End,Identity ID:'' ; Name:'' ; Type:Lane departure ; satellites:21,2026-09-08 04:55:06,"106.452553,-6.204125",2026-09-08 04:55:06,"106.452553,-6.204125",2026-09-08 04:55:09,30.78 km/h,No,,,,,GPS,Pending,Not Reviewed,1290.09 km
2590000898,B 9979 SYM,,Pedestrian Collision Warning,"Sankyu,PT",,Alarm End,Identity ID:'' ; Name:'' ; Type:Pedestrian collision ; satellites:22,2026-09-08 04:53:31,"106.456154,-6.199268",2026-09-08 04:53:31,"106.456154,-6.199268",2026-09-08 04:53:33,42.75 km/h,No,,,,,GPS,Pending,Not Reviewed,1289.38 km
2590000898,B 9979 SYM,,Pedestrian Collision Warning,"Sankyu,PT",,Alarm End,Identity ID:'' ; Name:'' ; Type:Pedestrian collision ; satellites:22,2026-09-08 04:53:19,"106.456726,-6.198493",2026-09-08 04:53:19,"106.456726,-6.198493",2026-09-08 04:53:21,33.52 km/h,No,,,,,GPS,Pending,Not Reviewed,1289.26 km
2590000898,B 9979 SYM,,Forward Collision Warning,"Sankyu,PT",80 Kph [1:Polygon],Alarm End,Identity ID:'' ; Name:'' ; Type:FCW Forward relative velocity collision ; satellites:22,2026-09-08 04:51:40,"106.462265,-6.191795",2026-09-08 04:51:40,"106.462265,-6.191795",2026-09-08 04:51:42,40.64 km/h,No,,,,,GPS,Pending,Not Reviewed,1288.29 km
2590000898,B 9979 SYM,,Pedestrian Collision Warning,"Sankyu,PT",80 Kph [1:Polygon],Alarm End,Identity ID:'' ; Name:'' ; Type:Pedestrian collision ; satellites:21,2026-09-08 04:50:44,"106.467438,-6.19146",2026-09-08 04:50:44,"106.467438,-6.19146",2026-09-08 04:50:46,34.29 km/h,No,,,,,GPS,Pending,Not Reviewed,1287.69 km
2590000898,B 9979 SYM,,Pedestrian Collision Warning,"Sankyu,PT",80 Kph [1:Polygon],Alarm End,Identity ID:'' ; Name:'' ; Type:Pedestrian collision ; satellites:22,2026-09-08 04:50:39,"106.467766,-6.191645",2026-09-08 04:50:39,"106.467766,-6.191645",2026-09-08 04:50:41,38.36 km/h,No,,,,,GPS,Pending,Not Reviewed,1287.69 km
2590000898,B 9979 SYM,,Headway Monitoring Warning,"Sankyu,PT",80 Kph [1:Polygon],Alarm End,Identity ID:'' ; Name:'' ; Type:HMW Forward absolute velocity collision ; satellites:22,2026-09-08 04:50:19,"106.468834,-6.193387",2026-09-08 04:50:19,"106.468834,-6.193387",2026-09-08 04:50:22,42.36 km/h,No,,,,,GPS,Pending,Not Reviewed,1287.45 km
2590000898,B 9979 SYM,,Lane Departure Warning,"Sankyu,PT",80 Kph [1:Polygon],Alarm End,Identity ID:'' ; Name:'' ; Type:Lane departure ; satellites:21,2026-09-08 04:49:28,"106.472382,-6.197358",2026-09-08 04:49:28,"106.472382,-6.197358",2026-09-08 04:49:30,39.86 km/h,No,,,,,GPS,Pending,Not Reviewed,1286.94 km
2590000898,B 9979 SYM,,Pedestrian Collision Warning,"Sankyu,PT",80 Kph [1:Polygon],Alarm End,Identity ID:'' ; Name:'' ; Type:Pedestrian collision ; satellites:22,2026-09-08 04:49:04,"106.474022,-6.199227",2026-09-08 04:49:04,"106.474022,-6.199227",2026-09-08 04:49:06,37.18 km/h,No,,,,,GPS,Pending,Not Reviewed,1286.59 km
2590000898,B 9979 SYM,,Pedestrian Collision Warning,"Sankyu,PT",,Alarm End,Identity ID:'' ; Name:'' ; Type:Pedestrian collision ; satellites:22,2026-09-08 04:48:40,"106.476151,-6.200163",2026-09-08 04:48:40,"106.476151,-6.200163",2026-09-08 04:48:43,36.75 km/h,No,,,,,GPS,Pending,Not Reviewed,1286.35 km
2590000898,B 9979 SYM,,Pedestrian Collision Warning,"Sankyu,PT",,Alarm End,Identity ID:'' ; Name:'' ; Type:Pedestrian collision ; satellites:22,2026-09-08 04:48:07,"106.478989,-6.200233",2026-09-08 04:48:07,"106.478989,-6.200233",2026-09-08 04:48:09,45.54 km/h,No,,,,,GPS,Pending,Not Reviewed,1286.02 km
2590000898,B 9979 SYM,,Lane Departure Warning,"Sankyu,PT",,Alarm End,Identity ID:'' ; Name:'' ; Type:Lane departure ; satellites:21,2026-09-08 04:47:38,"106.48111,-6.201985",2026-09-08 04:47:38,"106.48111,-6.201985",2026-09-08 04:47:41,32.96 km/h,No,,,,,GPS,Pending,Not Reviewed,1285.68 km
2590000898,B 9979 SYM,,Lane Departure Warning,"Sankyu,PT",,Alarm End,Identity ID:'' ; Name:'' ; Type:Lane departure ; satellites:22,2026-09-08 04:47:28,"106.481247,-6.20289",2026-09-08 04:47:28,"106.481247,-6.20289",2026-09-08 04:47:30,30.43 km/h,No,,,,,GPS,Pending,Not Reviewed,1285.56 km
2590000898,B 9979 SYM,,Yawning,"Sankyu,PT",,Alarm End,Identity ID:'' ; Name:'' ; Type:yawn ; satellites:22,2026-09-08 04:46:05,"106.482956,-6.204268",2026-09-08 04:46:05,"106.482956,-6.204268",2026-09-08 04:46:07,27.93 km/h,No,,,,,GPS,Pending,Not Reviewed,1285.32 km
2590000898,B 9979 SYM,,Lane Departure Warning,"Sankyu,PT",,Alarm End,Identity ID:'' ; Name:'' ; Type:Lane departure ; satellites:21,2026-09-08 04:44:42,"106.487045,-6.202193",2026-09-08 04:44:42,"106.487045,-6.202193",2026-09-08 04:44:44,40.95 km/h,No,,,,,GPS,Pending,Not Reviewed,1284.71 km
2590000898,B 9979 SYM,,Lane Departure Warning,"Sankyu,PT",,Alarm End,Identity ID:'' ; Name:'' ; Type:Lane departure ; satellites:21,2026-09-08 04:44:13,"106.488693,-6.200333",2026-09-08 04:44:13,"106.488693,-6.200333",2026-09-08 04:44:15,39.34 km/h,No,,,,,GPS,Pending,Not Reviewed,1284.33 km
2590000898,B 9979 SYM,,Headway Monitoring Warning,"Sankyu,PT",,Alarm End,Identity ID:'' ; Name:'' ; Type:HMW Forward absolute velocity collision ; satellites:22,2026-09-08 04:42:36,"106.501572,-6.202155",2026-09-08 04:42:36,"106.501572,-6.202155",2026-09-08 04:42:38,50.11 km/h,No,,,,,GPS,Pending,Not Reviewed,1282.95 km
2590000898,B 9979 SYM,,Headway Monitoring Warning,"Sankyu,PT",,Alarm End,Identity ID:'' ; Name:'' ; Type:HMW Forward absolute velocity collision ; satellites:22,2026-09-08 04:42:31,"106.502197,-6.202285",2026-09-08 04:42:31,"106.502197,-6.202285",2026-09-08 04:42:33,49.74 km/h,No,,,,,GPS,Pending,Not Reviewed,1282.83 km
2590000898,B 9979 SYM,,Headway Monitoring Warning,"Sankyu,PT",,Alarm End,Identity ID:'' ; Name:'' ; Type:HMW Forward absolute velocity collision ; satellites:21,2026-09-08 04:42:26,"106.502777,-6.202418",2026-09-08 04:42:26,"106.502777,-6.202418",2026-09-08 04:42:28,44.38 km/h,No,,,,,GPS,Pending,Not Reviewed,1282.83 km
2590000898,B 9979 SYM,,Headway Monitoring Warning,"Sankyu,PT",,Alarm End,Identity ID:'' ; Name:'' ; Type:HMW Forward absolute velocity collision ; satellites:19,2026-09-08 04:42:21,"106.503342,-6.202555",2026-09-08 04:42:21,"106.503342,-6.202555",2026-09-08 04:42:24,47.39 km/h,No,,,,,GPS,Pending,Not Reviewed,1282.7 km
2590000898,B 9979 SYM,,Headway Monitoring Warning,"Sankyu,PT",,Alarm End,Identity ID:'' ; Name:'' ; Type:HMW Forward absolute velocity collision ; satellites:21,2026-09-08 04:42:16,"106.503967,-6.202695",2026-09-08 04:42:16,"106.503967,-6.202695",2026-09-08 04:42:18,53.37 km/h,No,,,,,GPS,Pending,Not Reviewed,1282.7 km
2590000898,B 9979 SYM,,Headway Monitoring Warning,"Sankyu,PT",,Alarm End,Identity ID:'' ; Name:'' ; Type:HMW Forward absolute velocity collision ; satellites:21,2026-09-08 04:42:11,"106.504616,-6.202833",2026-09-08 04:42:11,"106.504616,-6.202833",2026-09-08 04:42:13,55.09 km/h,No,,,,,GPS,Pending,Not Reviewed,1282.56 km
2590000898,B 9979 SYM,,Headway Monitoring Warning,"Sankyu,PT",,Alarm End,Identity ID:'' ; Name:'' ; Type:HMW Forward absolute velocity collision ; satellites:22,2026-09-08 04:42:06,"106.505196,-6.20296",2026-09-08 04:42:06,"106.505196,-6.20296",2026-09-08 04:42:09,59.44 km/h,No,,,,,GPS,Pending,Not Reviewed,1282.56 km
2590000898,B 9979 SYM,,Lane Departure Warning,"Sankyu,PT",,Alarm End,Identity ID:'' ; Name:'' ; Type:Lane departure ; satellites:22,2026-09-08 04:41:26,"106.510445,-6.20414",2026-09-08 04:41:26,"106.510445,-6.20414",2026-09-08 04:41:28,51.96 km/h,No,,,,,GPS,Pending,Not Reviewed,1281.89 km
2590000898,B 9979 SYM,,Lane Departure Warning,"Sankyu,PT",,Alarm End,Identity ID:'' ; Name:'' ; Type:Lane departure ; satellites:20,2026-09-08 04:41:15,"106.511963,-6.20444",2026-09-08 04:41:15,"106.511963,-6.20444",2026-09-08 04:41:17,52.59 km/h,No,,,,,GPS,Pending,Not Reviewed,1281.77 km
2590000898,B 9979 SYM,,Headway Monitoring Warning,"Sankyu,PT",,Alarm End,Identity ID:'' ; Name:'' ; Type:HMW Forward absolute velocity collision ; satellites:22,2026-09-08 04:40:18,"106.517708,-6.205369",2026-09-08 04:40:18,"106.517708,-6.205369",2026-09-08 04:40:20,42.03 km/h,No,,,,,GPS,Pending,Not Reviewed,1281.08 km
2590000898,B 9979 SYM,,Lane Departure Warning,"Sankyu,PT",,Alarm End,Identity ID:'' ; Name:'' ; Type:Lane departure ; satellites:22,2026-09-08 04:37:53,"106.530869,-6.205715",2026-09-08 04:37:53,"106.530869,-6.205715",2026-09-08 04:37:55,53.0 km/h,No,,,,,GPS,Pending,Not Reviewed,1279.62 km
2590000898,B 9979 SYM,,Lane Departure Warning,"Sankyu,PT",,Alarm End,Identity ID:'' ; Name:'' ; Type:Lane departure ; satellites:21,2026-09-08 04:37:35,"106.533203,-6.20597",2026-09-08 04:37:35,"106.533203,-6.20597",2026-09-08 04:37:38,53.11 km/h,No,,,,,GPS,Pending,Not Reviewed,1279.35 km
2590000898,B 9979 SYM,,Lane Departure Warning,"Sankyu,PT",,Alarm End,Identity ID:'' ; Name:'' ; Type:Lane departure ; satellites:19,2026-09-08 04:35:16,"106.550156,-6.212405",2026-09-08 04:35:16,"106.550156,-6.212405",2026-09-08 04:35:18,57.83 km/h,No,,,,,GPS,Pending,Not Reviewed,1277.35 km
2590000898,B 9979 SYM,,Lane Departure Warning,"Sankyu,PT",,Alarm End,Identity ID:'' ; Name:'' ; Type:Lane departure ; satellites:20,2026-09-08 04:35:08,"106.550995,-6.213153",2026-09-08 04:35:08,"106.550995,-6.213153",2026-09-08 04:35:11,51.26 km/h,No,,,,,GPS,Pending,Not Reviewed,1277.22 km
2590000898,B 9979 SYM,,Headway Monitoring Warning,"Sankyu,PT",,Alarm End,Identity ID:'' ; Name:'' ; Type:HMW Forward absolute velocity collision ; satellites:22,2026-09-08 04:35:05,"106.551277,-6.213402",2026-09-08 04:35:05,"106.551277,-6.213402",2026-09-08 04:35:07,49.06 km/h,No,,,,,GPS,Pending,Not Reviewed,1277.22 km
2590000898,B 9979 SYM,,Lane Departure Warning,"Sankyu,PT",,Alarm End,Identity ID:'' ; Name:'' ; Type:Lane departure ; satellites:22,2026-09-08 04:34:59,"106.551956,-6.213995",2026-09-08 04:34:59,"106.551956,-6.213995",2026-09-08 04:35:01,53.03 km/h,No,,,,,GPS,Pending,Not Reviewed,1277.09 km
2590000898,B 9979 SYM,,Forward Collision Warning,"Sankyu,PT",,Alarm End,Identity ID:'' ; Name:'' ; Type:FCW Forward relative velocity collision ; satellites:21,2026-09-08 04:34:54,"106.552376,-6.214348",2026-09-08 04:34:54,"106.552376,-6.214348",2026-09-08 04:34:56,53.87 km/h,No,,,,,GPS,Pending,Not Reviewed,1277.09 km
2590000898,B 9979 SYM,,Lane Departure Warning,"Sankyu,PT",,Alarm End,Identity ID:'' ; Name:'' ; Type:Lane departure ; satellites:22,2026-09-08 04:34:32,"106.554932,-6.216097",2026-09-08 04:34:32,"106.554932,-6.216097",2026-09-08 04:34:34,55.31 km/h,No,,,,,GPS,Pending,Not Reviewed,1276.67 km
2590000898,B 9979 SYM,,Lane Departure Warning,"Sankyu,PT",,Alarm End,Identity ID:'' ; Name:'' ; Type:Lane departure ; satellites:22,2026-09-08 04:34:21,"106.556358,-6.216952",2026-09-08 04:34:21,"106.556358,-6.216952",2026-09-08 04:34:23,56.61 km/h,No,,,,,GPS,Pending,Not Reviewed,1276.53 km
2590000898,B 9979 SYM,,Lane Departure Warning,"Sankyu,PT",,Alarm End,Identity ID:'' ; Name:'' ; Type:Lane departure ; satellites:22,2026-09-08 04:33:15,"106.565025,-6.220267",2026-09-08 04:33:15,"106.565025,-6.220267",2026-09-08 04:33:17,51.44 km/h,No,,,,,GPS,Pending,Not Reviewed,1275.44 km
2590000898,B 9979 SYM,,Lane Departure Warning,"Sankyu,PT",,Alarm End,Identity ID:'' ; Name:'' ; Type:Lane departure ; satellites:22,2026-09-08 04:33:08,"106.565857,-6.220462",2026-09-08 04:33:08,"106.565857,-6.220462",2026-09-08 04:33:10,48.52 km/h,No,,,,,GPS,Pending,Not Reviewed,1275.44 km
2590000898,B 9979 SYM,,Lane Departure Warning,"Sankyu,PT",,Alarm End,Identity ID:'' ; Name:'' ; Type:Lane departure ; satellites:21,2026-09-08 04:32:40,"106.569672,-6.221108",2026-09-08 04:32:40,"106.569672,-6.221108",2026-09-08 04:32:42,54.98 km/h,No,,,,,GPS,Pending,Not Reviewed,1274.91 km
2590000898,B 9979 SYM,,Lane Departure Warning,"Sankyu,PT",,Alarm End,Identity ID:'' ; Name:'' ; Type:Lane departure ; satellites:21,2026-09-08 04:32:33,"106.570549,-6.22125",2026-09-08 04:32:33,"106.570549,-6.22125",2026-09-08 04:32:35,45.12 km/h,No,,,,,GPS,Pending,Not Reviewed,1274.91 km
2590000898,B 9979 SYM,,Lane Departure Warning,"Sankyu,PT",,Alarm End,Identity ID:'' ; Name:'' ; Type:Lane departure ; satellites:22,2026-09-08 04:31:58,"106.574989,-6.221725",2026-09-08 04:31:58,"106.574989,-6.221725",2026-09-08 04:32:00,53.96 km/h,No,,,,,GPS,Pending,Not Reviewed,1274.39 km
2590000898,B 9979 SYM,,Lane Departure Warning,"Sankyu,PT",,Alarm End,Identity ID:'' ; Name:'' ; Type:Lane departure ; satellites:21,2026-09-08 04:30:29,"106.58432,-6.222543",2026-09-08 04:30:29,"106.58432,-6.222543",2026-09-08 04:30:31,40.31 km/h,No,,,,,GPS,Pending,Not Reviewed,1273.34 km
2590000898,B 9979 SYM,,Headway Monitoring Warning,"Sankyu,PT",,Alarm End,Identity ID:'' ; Name:'' ; Type:HMW Forward absolute velocity collision ; satellites:21,2026-09-08 04:30:28,"106.584526,-6.22256",2026-09-08 04:30:28,"106.584526,-6.22256",2026-09-08 04:30:30,41.25 km/h,No,,,,,GPS,Pending,Not Reviewed,1273.34 km
2590000898,B 9979 SYM,,Lane Departure Warning,"Sankyu,PT",,Alarm End,Identity ID:'' ; Name:'' ; Type:Lane departure ; satellites:21,2026-09-08 04:30:16,"106.585739,-6.222678",2026-09-08 04:30:16,"106.585739,-6.222678",2026-09-08 04:30:18,44.78 km/h,No,,,,,GPS,Pending,Not Reviewed,1273.23 km
2590000898,B 9979 SYM,,Forward Collision Warning,"Sankyu,PT",,Alarm End,Identity ID:'' ; Name:'' ; Type:FCW Forward relative velocity collision ; satellites:22,2026-09-08 04:30:14,"106.585945,-6.222712",2026-09-08 04:30:14,"106.585945,-6.222712",2026-09-08 04:30:16,44.56 km/h,No,,,,,GPS,Pending,Not Reviewed,1273.11 km
2590000898,B 9979 SYM,,Eyes Closed,"Sankyu,PT",,Alarm End,Identity ID:'' ; Name:'' ; Type:Eyes closed ; satellites:22,2026-09-08 04:30:13,"106.586174,-6.222723",2026-09-08 04:30:13,"106.586174,-6.222723",2026-09-08 04:30:15,45.12 km/h,No,,,,,GPS,Pending,Not Reviewed,1273.11 km
2590000898,B 9979 SYM,,Eyes Closed,"Sankyu,PT",,Alarm End,Identity ID:'' ; Name:'' ; Type:Eyes closed ; satellites:21,2026-09-08 04:29:31,"106.59079,-6.223146",2026-09-08 04:29:31,"106.59079,-6.223146",2026-09-08 04:29:33,42.27 km/h,No,,,,,GPS,Pending,Not Reviewed,1272.63 km
2590000898,B 9979 SYM,,Lane Departure Warning,"Sankyu,PT",,Alarm End,Identity ID:'' ; Name:'' ; Type:Lane departure ; satellites:21,2026-09-08 04:29:22,"106.591797,-6.223272",2026-09-08 04:29:22,"106.591797,-6.223272",2026-09-08 04:29:24,42.29 km/h,No,,,,,GPS,Pending,Not Reviewed,1272.52 km
2590000898,B 9979 SYM,,Lane Departure Warning,"Sankyu,PT",,Alarm End,Identity ID:'' ; Name:'' ; Type:Lane departure ; satellites:20,2026-09-08 04:29:04,"106.593773,-6.223438",2026-09-08 04:29:04,"106.593773,-6.223438",2026-09-08 04:29:06,47.69 km/h,No,,,,,GPS,Pending,Not Reviewed,1272.29 km
2590000898,B 9979 SYM,,Eyes Closed,"Sankyu,PT",,Alarm End,Identity ID:'' ; Name:'' ; Type:Eyes closed ; satellites:19,2026-09-08 04:27:14,"106.605614,-6.224562",2026-09-08 04:27:14,"106.605614,-6.224562",2026-09-08 04:27:16,39.86 km/h,No,,,,,GPS,Pending,Not Reviewed,1270.92 km
2590000898,B 9979 SYM,,Lane Departure Warning,"Sankyu,PT",,Alarm End,Identity ID:'' ; Name:'' ; Type:Lane departure ; satellites:20,2026-09-08 04:26:53,"106.607735,-6.224763",2026-09-08 04:26:53,"106.607735,-6.224763",2026-09-08 04:26:55,41.6 km/h,No,,,,,GPS,Pending,Not Reviewed,1270.79 km
2590000898,B 9979 SYM,,Eyes Closed,"Sankyu,PT",,Alarm End,Identity ID:'' ; Name:'' ; Type:Eyes closed ; satellites:21,2026-09-08 04:26:23,"106.61042,-6.225025",2026-09-08 04:26:23,"106.61042,-6.225025",2026-09-08 04:26:25,37.27 km/h,No,,,,,GPS,Pending,Not Reviewed,1270.42 km
2590000898,B 9979 SYM,,Eyes Closed,"Sankyu,PT",,Alarm End,Identity ID:'' ; Name:'' ; Type:Eyes closed ; satellites:21,2026-09-08 04:25:02,"106.618301,-6.224952",2026-09-08 04:25:02,"106.618301,-6.224952",2026-09-08 04:25:04,46.74 km/h,No,,,,,GPS,Pending,Not Reviewed,1269.58 km
2590000898,B 9979 SYM,,Eyes Closed,"Sankyu,PT",,Alarm End,Identity ID:'' ; Name:'' ; Type:Eyes closed ; satellites:22,2026-09-08 04:23:18,"106.630142,-6.223263",2026-09-08 04:23:18,"106.630142,-6.223263",2026-09-08 04:23:20,31.2 km/h,No,,,,,GPS,Pending,Not Reviewed,1268.31 km
2590000898,B 9979 SYM,,Lane Departure Warning,"Sankyu,PT",,Alarm End,Identity ID:'' ; Name:'' ; Type:Lane departure ; satellites:20,2026-09-08 04:23:10,"106.630783,-6.22317",2026-09-08 04:23:10,"106.630783,-6.22317",2026-09-08 04:23:12,34.57 km/h,No,,,,,GPS,Pending,Not Reviewed,1268.19 km
2590000898,B 9979 SYM,,Eyes Closed,"Sankyu,PT",,Alarm End,Identity ID:'' ; Name:'' ; Type:Eyes closed ; satellites:22,2026-09-08 04:22:41,"106.633774,-6.222715",2026-09-08 04:22:41,"106.633774,-6.222715",2026-09-08 04:22:43,42.53 km/h,No,,,,,GPS,Pending,Not Reviewed,1267.82 km
2590000898,B 9979 SYM,,Lane Departure Warning,"Sankyu,PT",,Alarm End,Identity ID:'' ; Name:'' ; Type:Lane departure ; satellites:19,2026-09-08 04:22:36,"106.634354,-6.222627",2026-09-08 04:22:36,"106.634354,-6.222627",2026-09-08 04:22:38,42.08 km/h,No,,,,,GPS,Pending,Not Reviewed,1267.82 km
2590000898,B 9979 SYM,,Eyes Closed,"Sankyu,PT",,Alarm End,Identity ID:'' ; Name:'' ; Type:Eyes closed ; satellites:20,2026-09-08 04:21:53,"106.638863,-6.221987",2026-09-08 04:21:53,"106.638863,-6.221987",2026-09-08 04:21:55,44.52 km/h,No,,,,,GPS,Pending,Not Reviewed,1267.33 km
2590000898,B 9979 SYM,,Eyes Closed,"Sankyu,PT",,Alarm End,Identity ID:'' ; Name:'' ; Type:Eyes closed ; satellites:21,2026-09-08 04:21:16,"106.642891,-6.221423",2026-09-08 04:21:16,"106.642891,-6.221423",2026-09-08 04:21:18,42.62 km/h,No,,,,,GPS,Pending,Not Reviewed,1266.88 km
2590000898,B 9979 SYM,,Lane Departure Warning,"Sankyu,PT",,Alarm End,Identity ID:'' ; Name:'' ; Type:Lane departure ; satellites:21,2026-09-08 04:20:38,"106.647156,-6.220852",2026-09-08 04:20:38,"106.647156,-6.220852",2026-09-08 04:20:40,47.47 km/h,No,,,,,GPS,Pending,Not Reviewed,1266.31 km
2590000898,B 9979 SYM,,Lane Departure Warning,"Sankyu,PT",,Alarm End,Identity ID:'' ; Name:'' ; Type:Lane departure ; satellites:20,2026-09-08 04:20:27,"106.648521,-6.220665",2026-09-08 04:20:27,"106.648521,-6.220665",2026-09-08 04:20:29,43.86 km/h,No,,,,,GPS,Pending,Not Reviewed,1266.2 km
2590000898,B 9979 SYM,,Headway Monitoring Warning,"Sankyu,PT",,Alarm End,Identity ID:'' ; Name:'' ; Type:HMW Forward absolute velocity collision ; satellites:22,2026-09-08 04:20:16,"106.64962,-6.220457",2026-09-08 04:20:16,"106.64962,-6.220457",2026-09-08 04:20:18,41.14 km/h,No,,,,,GPS,Pending,Not Reviewed,1266.06 km
2590000898,B 9979 SYM,,Headway Monitoring Warning,"Sankyu,PT",,Alarm End,Identity ID:'' ; Name:'' ; Type:HMW Forward absolute velocity collision ; satellites:20,2026-09-08 04:20:11,"106.650139,-6.220383",2026-09-08 04:20:11,"106.650139,-6.220383",2026-09-08 04:20:13,42.06 km/h,No,,,,,GPS,Pending,Not Reviewed,1266.06 km
2590000898,B 9979 SYM,,Headway Monitoring Warning,"Sankyu,PT",,Alarm End,Identity ID:'' ; Name:'' ; Type:HMW Forward absolute velocity collision ; satellites:22,2026-09-08 04:20:06,"106.650558,-6.22033",2026-09-08 04:20:06,"106.650558,-6.22033",2026-09-08 04:20:08,42.97 km/h,No,,,,,GPS,Pending,Not Reviewed,1265.95 km
2590000898,B 9979 SYM,,Lane Departure Warning,"Sankyu,PT",,Alarm End,Identity ID:'' ; Name:'' ; Type:Lane departure ; satellites:21,2026-09-08 04:19:28,"106.655472,-6.219605",2026-09-08 04:19:28,"106.655472,-6.219605",2026-09-08 04:19:30,59.57 km/h,No,,,,,GPS,Pending,Not Reviewed,1265.41 km
2590000898,B 9979 SYM,,Headway Monitoring Warning,"Sankyu,PT",,Alarm End,Identity ID:'' ; Name:'' ; Type:HMW Forward absolute velocity collision ; satellites:21,2026-09-08 04:18:33,"106.662132,-6.218695",2026-09-08 04:18:33,"106.662132,-6.218695",2026-09-08 04:18:35,53.77 km/h,No,,,,,GPS,Pending,Not Reviewed,1264.66 km
2590000898,B 9979 SYM,,Headway Monitoring Warning,"Sankyu,PT",,Alarm End,Identity ID:'' ; Name:'' ; Type:HMW Forward absolute velocity collision ; satellites:21,2026-09-08 04:18:28,"106.662659,-6.218598",2026-09-08 04:18:28,"106.662659,-6.218598",2026-09-08 04:18:31,54.27 km/h,No,,,,,GPS,Pending,Not Reviewed,1264.66 km
2590000898,B 9979 SYM,,Lane Departure Warning,"Sankyu,PT",,Alarm End,Identity ID:'' ; Name:'' ; Type:Lane departure ; satellites:22,2026-09-08 04:17:44,"106.668327,-6.217582",2026-09-08 04:17:44,"106.668327,-6.217582",2026-09-08 04:17:46,49.33 km/h,No,,,,,GPS,Pending,Not Reviewed,1264.02 km
2590000898,B 9979 SYM,,Lane Departure Warning,"Sankyu,PT",,Alarm End,Identity ID:'' ; Name:'' ; Type:Lane departure ; satellites:21,2026-09-08 04:17:33,"106.669632,-6.217243",2026-09-08 04:17:33,"106.669632,-6.217243",2026-09-08 04:17:35,44.91 km/h,No,,,,,GPS,Pending,Not Reviewed,1263.9 km
2590000898,B 9979 SYM,,Lane Departure Warning,"Sankyu,PT",,Alarm End,Identity ID:'' ; Name:'' ; Type:Lane departure ; satellites:22,2026-09-08 04:17:17,"106.671455,-6.216772",2026-09-08 04:17:17,"106.671455,-6.216772",2026-09-08 04:17:19,45.99 km/h,No,,,,,GPS,Pending,Not Reviewed,1263.64 km
2590000898,B 9979 SYM,,Lane Departure Warning,"Sankyu,PT",,Alarm End,Identity ID:'' ; Name:'' ; Type:Lane departure ; satellites:22,2026-09-08 04:17:10,"106.672127,-6.21658",2026-09-08 04:17:10,"106.672127,-6.21658",2026-09-08 04:17:12,45.26 km/h,No,,,,,GPS,Pending,Not Reviewed,1263.52 km
2590000898,B 9979 SYM,,Lane Departure Warning,"Sankyu,PT",,Alarm End,Identity ID:'' ; Name:'' ; Type:Lane departure ; satellites:22,2026-09-08 04:16:47,"106.674995,-6.215745",2026-09-08 04:16:47,"106.674995,-6.215745",2026-09-08 04:16:49,52.72 km/h,No,,,,,GPS,Pending,Not Reviewed,1263.27 km
2590000898,B 9979 SYM,,Lane Departure Warning,"Sankyu,PT",,Alarm End,Identity ID:'' ; Name:'' ; Type:Lane departure ; satellites:22,2026-09-08 04:16:38,"106.676041,-6.215455",2026-09-08 04:16:38,"106.676041,-6.215455",2026-09-08 04:16:40,55.72 km/h,No,,,,,GPS,Pending,Not Reviewed,1263.13 km
2590000898,B 9979 SYM,,Headway Monitoring Warning,"Sankyu,PT",,Alarm End,Identity ID:'' ; Name:'' ; Type:HMW Forward absolute velocity collision ; satellites:22,2026-09-08 04:16:11,"106.679794,-6.214442",2026-09-08 04:16:11,"106.679794,-6.214442",2026-09-08 04:16:13,54.4 km/h,No,,,,,GPS,Pending,Not Reviewed,1262.72 km
2590000898,B 9979 SYM,,Lane Departure Warning,"Sankyu,PT",,Alarm End,Identity ID:'' ; Name:'' ; Type:Lane departure ; satellites:21,2026-09-08 04:15:57,"106.681488,-6.214002",2026-09-08 04:15:57,"106.681488,-6.214002",2026-09-08 04:15:59,51.28 km/h,No,,,,,GPS,Pending,Not Reviewed,1262.46 km
2590000898,B 9979 SYM,,Forward Collision Warning,"Sankyu,PT",,Alarm End,Identity ID:'' ; Name:'' ; Type:FCW Forward relative velocity collision ; satellites:22,2026-09-08 04:15:11,"106.685402,-6.21288",2026-09-08 04:15:11,"106.685402,-6.21288",2026-09-08 04:15:13,25.53 km/h,No,,,,,GPS,Pending,Not Reviewed,1262.11 km
2590000898,B 9979 SYM,,Forward Collision Warning,"Sankyu,PT",,Alarm End,Identity ID:'' ; Name:'' ; Type:FCW Forward relative velocity collision ; satellites:22,2026-09-08 04:14:48,"106.687325,-6.212335",2026-09-08 04:14:48,"106.687325,-6.212335",2026-09-08 04:14:50,39.07 km/h,No,,,,,GPS,Pending,Not Reviewed,1261.87 km
2590000898,B 9979 SYM,,Forward Collision Warning,"Sankyu,PT",,Alarm End,Identity ID:'' ; Name:'' ; Type:FCW Forward relative velocity collision ; satellites:21,2026-09-08 04:14:41,"106.68808,-6.212128",2026-09-08 04:14:41,"106.68808,-6.212128",2026-09-08 04:14:43,55.07 km/h,No,,,,,GPS,Pending,Not Reviewed,1261.75 km
2590000898,B 9979 SYM,,Headway Monitoring Warning,"Sankyu,PT",,Alarm End,Identity ID:'' ; Name:'' ; Type:HMW Forward absolute velocity collision ; satellites:21,2026-09-08 04:14:24,"106.690498,-6.211455",2026-09-08 04:14:24,"106.690498,-6.211455",2026-09-08 04:14:26,53.11 km/h,No,,,,,GPS,Pending,Not Reviewed,1261.48 km
2590000898,B 9979 SYM,,Lane Departure Warning,"Sankyu,PT",,Alarm End,Identity ID:'' ; Name:'' ; Type:Lane departure ; satellites:22,2026-09-08 04:14:07,"106.69252,-6.210856",2026-09-08 04:14:07,"106.69252,-6.210856",2026-09-08 04:14:09,55.01 km/h,No,,,,,GPS,Pending,Not Reviewed,1261.21 km
2590000898,B 9979 SYM,,Headway Monitoring Warning,"Sankyu,PT",,Alarm End,Identity ID:'' ; Name:'' ; Type:HMW Forward absolute velocity collision ; satellites:22,2026-09-08 04:13:56,"106.69416,-6.210282",2026-09-08 04:13:56,"106.69416,-6.210282",2026-09-08 04:13:58,60.93 km/h,No,,,,,GPS,Pending,Not Reviewed,1261.06 km
2590000898,B 9979 SYM,,Headway Monitoring Warning,"Sankyu,PT",,Alarm End,Identity ID:'' ; Name:'' ; Type:HMW Forward absolute velocity collision ; satellites:21,2026-09-08 04:13:51,"106.694893,-6.210011",2026-09-08 04:13:51,"106.694893,-6.210011",2026-09-08 04:13:53,60.43 km/h,No,,,,,GPS,Pending,Not Reviewed,1260.91 km
2590000898,B 9979 SYM,,Headway Monitoring Warning,"Sankyu,PT",,Alarm End,Identity ID:'' ; Name:'' ; Type:HMW Forward absolute velocity collision ; satellites:21,2026-09-08 04:13:46,"106.69558,-6.209692",2026-09-08 04:13:46,"106.69558,-6.209692",2026-09-08 04:13:48,60.69 km/h,No,,,,,GPS,Pending,Not Reviewed,1260.91 km
2590000898,B 9979 SYM,,Forward Collision Warning,"Sankyu,PT",,Alarm End,Identity ID:'' ; Name:'' ; Type:FCW Forward relative velocity collision ; satellites:21,2026-09-08 04:13:45,"106.69558,-6.209692",2026-09-08 04:13:45,"106.69558,-6.209692",2026-09-08 04:13:47,60.69 km/h,No,,,,,GPS,Pending,Not Reviewed,1260.91 km
2590000898,B 9979 SYM,,Lane Departure Warning,"Sankyu,PT",,Alarm End,Identity ID:'' ; Name:'' ; Type:Lane departure ; satellites:22,2026-09-08 04:13:33,"106.697189,-6.208862",2026-09-08 04:13:33,"106.697189,-6.208862",2026-09-08 04:13:35,60.14 km/h,No,,,,,GPS,Pending,Not Reviewed,1260.65 km
2590000898,B 9979 SYM,,Lane Departure Warning,"Sankyu,PT",,Alarm End,Identity ID:'' ; Name:'' ; Type:Lane departure ; satellites:21,2026-09-08 04:13:01,"106.701141,-6.206035",2026-09-08 04:13:01,"106.701141,-6.206035",2026-09-08 04:13:03,56.77 km/h,No,,,,,GPS,Pending,Not Reviewed,1260.08 km
2590000898,B 9979 SYM,,Lane Departure Warning,"Sankyu,PT",,Alarm End,Identity ID:'' ; Name:'' ; Type:Lane departure ; satellites:22,2026-09-08 04:12:45,"106.702782,-6.20478",2026-09-08 04:12:45,"106.702782,-6.20478",2026-09-08 04:12:47,55.66 km/h,No,,,,,GPS,Pending,Not Reviewed,1259.94 km
2590000898,B 9979 SYM,,Lane Departure Warning,"Sankyu,PT",,Alarm End,Identity ID:'' ; Name:'' ; Type:Lane departure ; satellites:22,2026-09-08 04:12:15,"106.70578,-6.202423",2026-09-08 04:12:15,"106.70578,-6.202423",2026-09-08 04:12:17,45.17 km/h,No,,,,,GPS,Pending,Not Reviewed,1259.46 km
2590000898,B 9979 SYM,,Headway Monitoring Warning,"Sankyu,PT",,Alarm End,Identity ID:'' ; Name:'' ; Type:HMW Forward absolute velocity collision ; satellites:21,2026-09-08 04:11:50,"106.707993,-6.200705",2026-09-08 04:11:50,"106.707993,-6.200705",2026-09-08 04:11:52,47.19 km/h,No,,,,,GPS,Pending,Not Reviewed,1259.23 km
2590000898,B 9979 SYM,,Headway Monitoring Warning,"Sankyu,PT",,Alarm End,Identity ID:'' ; Name:'' ; Type:HMW Forward absolute velocity collision ; satellites:22,2026-09-08 04:11:45,"106.708481,-6.200316",2026-09-08 04:11:45,"106.708481,-6.200316",2026-09-08 04:11:47,52.05 km/h,No,,,,,GPS,Pending,Not Reviewed,1259.1 km
2590000898,B 9979 SYM,,Lane Departure Warning,"Sankyu,PT",,Alarm End,Identity ID:'' ; Name:'' ; Type:Lane departure ; satellites:21,2026-09-08 04:11:35,"106.709404,-6.199598",2026-09-08 04:11:35,"106.709404,-6.199598",2026-09-08 04:11:37,51.91 km/h,No,,,,,GPS,Pending,Not Reviewed,1258.97 km
2590000898,B 9979 SYM,,Headway Monitoring Warning,"Sankyu,PT",,Alarm End,Identity ID:'' ; Name:'' ; Type:HMW Forward absolute velocity collision ; satellites:20,2026-09-08 04:11:11,"106.711945,-6.197558",2026-09-08 04:11:11,"106.711945,-6.197558",2026-09-08 04:11:13,47.11 km/h,No,,,,,GPS,Pending,Not Reviewed,1258.6 km
2590000898,B 9979 SYM,,Lane Departure Warning,"Sankyu,PT",,Alarm End,Identity ID:'' ; Name:'' ; Type:Lane departure ; satellites:20,2026-09-08 04:11:03,"106.712563,-6.197135",2026-09-08 04:11:03,"106.712563,-6.197135",2026-09-08 04:11:05,35.96 km/h,No,,,,,GPS,Pending,Not Reviewed,1258.6 km
2590000898,B 9979 SYM,,Headway Monitoring Warning,"Sankyu,PT",,Alarm End,Identity ID:'' ; Name:'' ; Type:HMW Forward absolute velocity collision ; satellites:21,2026-09-08 04:10:52,"106.713417,-6.196482",2026-09-08 04:10:52,"106.713417,-6.196482",2026-09-08 04:10:54,43.32 km/h,No,,,,,GPS,Pending,Not Reviewed,1258.48 km
2590000898,B 9979 SYM,,Headway Monitoring Warning,"Sankyu,PT",,Alarm End,Identity ID:'' ; Name:'' ; Type:HMW Forward absolute velocity collision ; satellites:21,2026-09-08 04:10:47,"106.713791,-6.196193",2026-09-08 04:10:47,"106.713791,-6.196193",2026-09-08 04:10:49,51.18 km/h,No,,,,,GPS,Pending,Not Reviewed,1258.35 km
2590000898,B 9979 SYM,,Lane Departure Warning,"Sankyu,PT",,Alarm End,Identity ID:'' ; Name:'' ; Type:Lane departure ; satellites:21,2026-09-08 04:10:23,"106.716415,-6.194095",2026-09-08 04:10:23,"106.716415,-6.194095",2026-09-08 04:10:25,50.06 km/h,No,,,,,GPS,Pending,Not Reviewed,1257.94 km
2590000898,B 9979 SYM,,Lane Departure Warning,"Sankyu,PT",,Alarm End,Identity ID:'' ; Name:'' ; Type:Lane departure ; satellites:21,2026-09-08 04:09:51,"106.720329,-6.191718",2026-09-08 04:09:51,"106.720329,-6.191718",2026-09-08 04:09:53,59.69 km/h,No,,,,,GPS,Pending,Not Reviewed,1257.5 km
2590000898,B 9979 SYM,,Lane Departure Warning,"Sankyu,PT",,Alarm End,Identity ID:'' ; Name:'' ; Type:Lane departure ; satellites:22,2026-09-08 04:09:21,"106.724663,-6.190723",2026-09-08 04:09:21,"106.724663,-6.190723",2026-09-08 04:09:23,58.51 km/h,No,,,,,GPS,Pending,Not Reviewed,1257.06 km
2590000898,B 9979 SYM,,Headway Monitoring Warning,"Sankyu,PT",,Alarm End,Identity ID:'' ; Name:'' ; Type:HMW Forward absolute velocity collision ; satellites:22,2026-09-08 04:09:14,"106.725716,-6.190832",2026-09-08 04:09:14,"106.725716,-6.190832",2026-09-08 04:09:16,47.52 km/h,No,,,,,GPS,Pending,Not Reviewed,1256.93 km
2590000898,B 9979 SYM,,Headway Monitoring Warning,"Sankyu,PT",,Alarm End,Identity ID:'' ; Name:'' ; Type:HMW Forward absolute velocity collision ; satellites:21,2026-09-08 04:09:09,"106.726288,-6.190945",2026-09-08 04:09:09,"106.726288,-6.190945",2026-09-08 04:09:11,45.01 km/h,No,,,,,GPS,Pending,Not Reviewed,1256.81 km
2590000898,B 9979 SYM,,Headway Monitoring Warning,"Sankyu,PT",,Alarm End,Identity ID:'' ; Name:'' ; Type:HMW Forward absolute velocity collision ; satellites:22,2026-09-08 04:09:04,"106.726738,-6.191023",2026-09-08 04:09:04,"106.726738,-6.191023",2026-09-08 04:09:06,48.76 km/h,No,,,,,GPS,Pending,Not Reviewed,1256.81 km
2590000898,B 9979 SYM,,Lane Departure Warning,"Sankyu,PT",,Alarm End,Identity ID:'' ; Name:'' ; Type:Lane departure ; satellites:21,2026-09-08 04:08:53,"106.72821,-6.191236",2026-09-08 04:08:53,"106.72821,-6.191236",2026-09-08 04:08:55,51.65 km/h,No,,,,,GPS,Pending,Not Reviewed,1256.56 km
2590000898,B 9979 SYM,,Lane Departure Warning,"Sankyu,PT",,Alarm End,Identity ID:'' ; Name:'' ; Type:Lane departure ; satellites:19,2026-09-08 04:08:37,"106.730217,-6.191437",2026-09-08 04:08:37,"106.730217,-6.191437",2026-09-08 04:08:39,43.12 km/h,No,,,,,GPS,Pending,Not Reviewed,1256.44 km
2590000898,B 9979 SYM,,Headway Monitoring Warning,"Sankyu,PT",,Alarm End,Identity ID:'' ; Name:'' ; Type:HMW Forward absolute velocity collision ; satellites:22,2026-09-08 04:08:00,"106.734123,-6.191598",2026-09-08 04:08:00,"106.734123,-6.191598",2026-09-08 04:08:02,46.69 km/h,No,,,,,GPS,Pending,Not Reviewed,1255.94 km
2590000898,B 9979 SYM,,Headway Monitoring Warning,"Sankyu,PT",,Alarm End,Identity ID:'' ; Name:'' ; Type:HMW Forward absolute velocity collision ; satellites:22,2026-09-08 04:07:55,"106.734726,-6.191592",2026-09-08 04:07:55,"106.734726,-6.191592",2026-09-08 04:07:57,49.09 km/h,No,,,,,GPS,Pending,Not Reviewed,1255.94 km
2590000898,B 9979 SYM,,Headway Monitoring Warning,"Sankyu,PT",,Alarm End,Identity ID:'' ; Name:'' ; Type:HMW Forward absolute velocity collision ; satellites:19,2026-09-08 04:07:50,"106.735329,-6.191602",2026-09-08 04:07:50,"106.735329,-6.191602",2026-09-08 04:07:52,47.84 km/h,No,,,,,GPS,Pending,Not Reviewed,1255.83 km
2590000898,B 9979 SYM,,Headway Monitoring Warning,"Sankyu,PT",,Alarm End,Identity ID:'' ; Name:'' ; Type:HMW Forward absolute velocity collision ; satellites:21,2026-09-08 04:07:45,"106.735924,-6.191625",2026-09-08 04:07:45,"106.735924,-6.191625",2026-09-08 04:07:47,47.89 km/h,No,,,,,GPS,Pending,Not Reviewed,1255.7 km
2590000898,B 9979 SYM,,Headway Monitoring Warning,"Sankyu,PT",,Alarm End,Identity ID:'' ; Name:'' ; Type:HMW Forward absolute velocity collision ; satellites:22,2026-09-08 04:07:40,"106.736542,-6.191633",2026-09-08 04:07:40,"106.736542,-6.191633",2026-09-08 04:07:42,50.35 km/h,No,,,,,GPS,Pending,Not Reviewed,1255.7 km
2590000898,B 9979 SYM,,Headway Monitoring Warning,"Sankyu,PT",,Alarm End,Identity ID:'' ; Name:'' ; Type:HMW Forward absolute velocity collision ; satellites:20,2026-09-08 04:07:35,"106.73719,-6.191637",2026-09-08 04:07:35,"106.73719,-6.191637",2026-09-08 04:07:37,54.74 km/h,No,,,,,GPS,Pending,Not Reviewed,1255.56 km
2590000898,B 9979 SYM,,Lane Departure Warning,"Sankyu,PT",,Alarm End,Identity ID:'' ; Name:'' ; Type:Lane departure ; satellites:21,2026-09-08 04:07:28,"106.73819,-6.191658",2026-09-08 04:07:28,"106.73819,-6.191658",2026-09-08 04:07:30,59.31 km/h,No,,,,,GPS,Pending,Not Reviewed,1255.56 km
2590000898,B 9979 SYM,,Lane Departure Warning,"Sankyu,PT",,Alarm End,Identity ID:'' ; Name:'' ; Type:Lane departure ; satellites:21,2026-09-08 04:07:12,"106.740402,-6.191643",2026-09-08 04:07:12,"106.740402,-6.191643",2026-09-08 04:07:14,52.7 km/h,No,,,,,GPS,Pending,Not Reviewed,1255.29 km
2590000898,B 9979 SYM,,Headway Monitoring Warning,"Sankyu,PT",,Alarm End,Identity ID:'' ; Name:'' ; Type:HMW Forward absolute velocity collision ; satellites:20,2026-09-08 04:07:10,"106.74054,-6.19164",2026-09-08 04:07:10,"106.74054,-6.19164",2026-09-08 04:07:12,53.96 km/h,No,,,,,GPS,Pending,Not Reviewed,1255.29 km
2590000898,B 9979 SYM,,Lane Departure Warning,"Sankyu,PT",,Alarm End,Identity ID:'' ; Name:'' ; Type:Lane departure ; satellites:21,2026-09-08 04:07:05,"106.741264,-6.191597",2026-09-08 04:07:05,"106.741264,-6.191597",2026-09-08 04:07:07,59.95 km/h,No,,,,,GPS,Pending,Not Reviewed,1255.14 km
2590000898,B 9979 SYM,,Lane Departure Warning,"Sankyu,PT",,Alarm End,Identity ID:'' ; Name:'' ; Type:Lane departure ; satellites:20,2026-09-08 04:06:56,"106.742538,-6.191556",2026-09-08 04:06:56,"106.742538,-6.191556",2026-09-08 04:06:58,50.07 km/h,No,,,,,GPS,Pending,Not Reviewed,1255.0 km
2590000898,B 9979 SYM,,Lane Departure Warning,"Sankyu,PT",,Alarm End,Identity ID:'' ; Name:'' ; Type:Lane departure ; satellites:21,2026-09-08 04:06:25,"106.746803,-6.19132",2026-09-08 04:06:25,"106.746803,-6.19132",2026-09-08 04:06:28,61.21 km/h,No,,,,,GPS,Pending,Not Reviewed,1254.58 km
2590000898,B 9979 SYM,,Lane Departure Warning,"Sankyu,PT",,Alarm End,Identity ID:'' ; Name:'' ; Type:Lane departure ; satellites:20,2026-09-08 04:06:13,"106.748535,-6.191225",2026-09-08 04:06:13,"106.748535,-6.191225",2026-09-08 04:06:15,47.15 km/h,No,,,,,GPS,Pending,Not Reviewed,1254.29 km
2590000898,B 9979 SYM,,Headway Monitoring Warning,"Sankyu,PT",,Alarm End,Identity ID:'' ; Name:'' ; Type:HMW Forward absolute velocity collision ; satellites:22,2026-09-08 04:06:06,"106.749382,-6.191215",2026-09-08 04:06:06,"106.749382,-6.191215",2026-09-08 04:06:08,41.73 km/h,No,,,,,GPS,Pending,Not Reviewed,1254.29 km
2590000898,B 9979 SYM,,Headway Monitoring Warning,"Sankyu,PT",,Alarm End,Identity ID:'' ; Name:'' ; Type:HMW Forward absolute velocity collision ; satellites:20,2026-09-08 04:06:01,"106.749817,-6.191192",2026-09-08 04:06:01,"106.749817,-6.191192",2026-09-08 04:06:03,44.36 km/h,No,,,,,GPS,Pending,Not Reviewed,1254.18 km
2590000898,B 9979 SYM,,Headway Monitoring Warning,"Sankyu,PT",,Alarm End,Identity ID:'' ; Name:'' ; Type:HMW Forward absolute velocity collision ; satellites:20,2026-09-08 04:05:37,"106.752838,-6.191015",2026-09-08 04:05:37,"106.752838,-6.191015",2026-09-08 04:05:39,54.72 km/h,No,,,,,GPS,Pending,Not Reviewed,1253.93 km
2590000898,B 9979 SYM,,Lane Departure Warning,"Sankyu,PT",,Alarm End,Identity ID:'' ; Name:'' ; Type:Lane departure ; satellites:19,2026-09-08 04:05:20,"106.75528,-6.190866",2026-09-08 04:05:20,"106.75528,-6.190866",2026-09-08 04:05:22,50.65 km/h,No,,,,,GPS,Pending,Not Reviewed,1253.65 km
2590000898,B 9979 SYM,,Headway Monitoring Warning,"Sankyu,PT",,Alarm End,Identity ID:'' ; Name:'' ; Type:HMW Forward absolute velocity collision ; satellites:20,2026-09-08 04:05:02,"106.75721,-6.19071",2026-09-08 04:05:02,"106.75721,-6.19071",2026-09-08 04:05:04,43.38 km/h,No,,,,,GPS,Pending,Not Reviewed,1253.42 km
2590000898,B 9979 SYM,,Eyes Closed,"Sankyu,PT",,Alarm End,Identity ID:'' ; Name:'' ; Type:Eyes closed ; satellites:22,2026-09-08 04:04:08,"106.763573,-6.190185",2026-09-08 04:04:08,"106.763573,-6.190185",2026-09-08 04:04:10,43.12 km/h,No,,,,,GPS,Pending,Not Reviewed,1252.73 km
2590000898,B 9979 SYM,,Lane Departure Warning,"Sankyu,PT",,Alarm End,Identity ID:'' ; Name:'' ; Type:Lane departure ; satellites:22,2026-09-08 04:03:46,"106.765869,-6.190122",2026-09-08 04:03:46,"106.765869,-6.190122",2026-09-08 04:03:48,42.42 km/h,No,,,,,GPS,Pending,Not Reviewed,1252.4 km
2590000898,B 9979 SYM,,Headway Monitoring Warning,"Sankyu,PT",,Alarm End,Identity ID:'' ; Name:'' ; Type:HMW Forward absolute velocity collision ; satellites:18,2026-09-08 04:03:38,"106.766861,-6.190092",2026-09-08 04:03:38,"106.766861,-6.190092",2026-09-08 04:03:40,45.52 km/h,No,,,,,GPS,Pending,Not Reviewed,1252.4 km
2590000898,B 9979 SYM,,Headway Monitoring Warning,"Sankyu,PT",,Alarm End,Identity ID:'' ; Name:'' ; Type:HMW Forward absolute velocity collision ; satellites:22,2026-09-08 04:03:33,"106.767441,-6.190087",2026-09-08 04:03:33,"106.767441,-6.190087",2026-09-08 04:03:35,48.89 km/h,No,,,,,GPS,Pending,Not Reviewed,1252.28 km
2590000898,B 9979 SYM,,Headway Monitoring Warning,"Sankyu,PT",,Alarm End,Identity ID:'' ; Name:'' ; Type:HMW Forward absolute velocity collision ; satellites:17,2026-09-08 04:03:28,"106.76812,-6.190028",2026-09-08 04:03:28,"106.76812,-6.190028",2026-09-08 04:03:30,56.01 km/h,No,,,,,GPS,Pending,Not Reviewed,1252.14 km
2590000898,B 9979 SYM,,Lane Departure Warning,"Sankyu,PT",,Alarm End,Identity ID:'' ; Name:'' ; Type:Lane departure ; satellites:21,2026-09-08 04:03:22,"106.768845,-6.189967",2026-09-08 04:03:22,"106.768845,-6.189967",2026-09-08 04:03:24,60.47 km/h,No,,,,,GPS,Pending,Not Reviewed,1252.14 km
2590000898,B 9979 SYM,,Headway Monitoring Warning,"Sankyu,PT",,Alarm End,Identity ID:'' ; Name:'' ; Type:HMW Forward absolute velocity collision ; satellites:20,2026-09-08 04:03:12,"106.770393,-6.189745",2026-09-08 04:03:12,"106.770393,-6.189745",2026-09-08 04:03:14,45.75 km/h,No,,,,,GPS,Pending,Not Reviewed,1252.0 km
2590000898,B 9979 SYM,,Lane Departure Warning,"Sankyu,PT",,Alarm End,Identity ID:'' ; Name:'' ; Type:Lane departure ; satellites:19,2026-09-08 04:03:08,"106.770721,-6.189688",2026-09-08 04:03:08,"106.770721,-6.189688",2026-09-08 04:03:10,42.93 km/h,No,,,,,GPS,Pending,Not Reviewed,1251.86 km
2590000898,B 9979 SYM,,Lane Departure Warning,"Sankyu,PT",,Alarm End,Identity ID:'' ; Name:'' ; Type:Lane departure ; satellites:22,2026-09-08 04:02:54,"106.772163,-6.189278",2026-09-08 04:02:54,"106.772163,-6.189278",2026-09-08 04:02:57,42.56 km/h,No,,,,,GPS,Pending,Not Reviewed,1251.75 km
2590000898,B 9979 SYM,,Forward Collision Warning,"Sankyu,PT",,Alarm End,Identity ID:'' ; Name:'' ; Type:FCW Forward relative velocity collision ; satellites:22,2026-09-08 04:02:19,"106.775482,-6.188008",2026-09-08 04:02:19,"106.775482,-6.188008",2026-09-08 04:02:21,41.84 km/h,No,,,,,GPS,Pending,Not Reviewed,1251.38 km
2590000898,B 9979 SYM,,Headway Monitoring Warning,"Sankyu,PT",,Alarm End,Identity ID:'' ; Name:'' ; Type:HMW Forward absolute velocity collision ; satellites:21,2026-09-08 04:02:13,"106.776176,-6.187715",2026-09-08 04:02:13,"106.776176,-6.187715",2026-09-08 04:02:15,41.36 km/h,No,,,,,GPS,Pending,Not Reviewed,1251.24 km
2590000898,B 9979 SYM,,Headway Monitoring Warning,"Sankyu,PT",,Alarm End,Identity ID:'' ; Name:'' ; Type:HMW Forward absolute velocity collision ; satellites:19,2026-09-08 04:02:04,"106.777039,-6.18737",2026-09-08 04:02:04,"106.777039,-6.18737",2026-09-08 04:02:06,41.73 km/h,No,,,,,GPS,Pending,Not Reviewed,1251.11 km
2590000898,B 9979 SYM,,Yawning,"Sankyu,PT",,Alarm End,Identity ID:'' ; Name:'' ; Type:yawn ; satellites:19,2026-09-08 04:02:03,"106.777039,-6.18737",2026-09-08 04:02:03,"106.777039,-6.18737",2026-09-08 04:02:05,41.73 km/h,No,,,,,GPS,Pending,Not Reviewed,1251.11 km
2590000898,B 9979 SYM,,Headway Monitoring Warning,"Sankyu,PT",,Alarm End,Identity ID:'' ; Name:'' ; Type:HMW Forward absolute velocity collision ; satellites:20,2026-09-08 04:01:59,"106.777512,-6.187181",2026-09-08 04:01:59,"106.777512,-6.187181",2026-09-08 04:02:01,40.38 km/h,No,,,,,GPS,Pending,Not Reviewed,1251.11 km
2590000898,B 9979 SYM,,Headway Monitoring Warning,"Sankyu,PT",,Alarm End,Identity ID:'' ; Name:'' ; Type:HMW Forward absolute velocity collision ; satellites:21,2026-09-08 04:01:48,"106.778549,-6.186815",2026-09-08 04:01:48,"106.778549,-6.186815",2026-09-08 04:01:50,42.12 km/h,No,,,,,GPS,Pending,Not Reviewed,1251.0 km
2590000898,B 9979 SYM,,Headway Monitoring Warning,"Sankyu,PT",,Alarm End,Identity ID:'' ; Name:'' ; Type:HMW Forward absolute velocity collision ; satellites:21,2026-09-08 04:01:43,"106.779053,-6.186633",2026-09-08 04:01:43,"106.779053,-6.186633",2026-09-08 04:01:45,43.9 km/h,No,,,,,GPS,Pending,Not Reviewed,1250.89 km
2590000898,B 9979 SYM,,Headway Monitoring Warning,"Sankyu,PT",,Alarm End,Identity ID:'' ; Name:'' ; Type:HMW Forward absolute velocity collision ; satellites:22,2026-09-08 04:01:38,"106.779488,-6.186491",2026-09-08 04:01:38,"106.779488,-6.186491",2026-09-08 04:01:40,49.78 km/h,No,,,,,GPS,Pending,Not Reviewed,1250.89 km
2590000898,B 9979 SYM,,Lane Departure Warning,"Sankyu,PT",,Alarm End,Identity ID:'' ; Name:'' ; Type:Lane departure ; satellites:21,2026-09-08 04:01:32,"106.780388,-6.1862",2026-09-08 04:01:32,"106.780388,-6.1862",2026-09-08 04:01:34,57.27 km/h,No,,,,,GPS,Pending,Not Reviewed,1250.75 km
2590000898,B 9979 SYM,,Headway Monitoring Warning,"Sankyu,PT",,Alarm End,Identity ID:'' ; Name:'' ; Type:HMW Forward absolute velocity collision ; satellites:22,2026-09-08 04:01:22,"106.781586,-6.185761",2026-09-08 04:01:22,"106.781586,-6.185761",2026-09-08 04:01:24,54.77 km/h,No,,,,,GPS,Pending,Not Reviewed,1250.61 km
2590000898,B 9979 SYM,,Lane Departure Warning,"Sankyu,PT",,Alarm End,Identity ID:'' ; Name:'' ; Type:Lane departure ; satellites:22,2026-09-08 04:00:50,"106.786011,-6.185212",2026-09-08 04:00:50,"106.786011,-6.185212",2026-09-08 04:00:53,57.79 km/h,No,,,,,GPS,Pending,Not Reviewed,1250.19 km
2590000898,B 9979 SYM,,Lane Departure Warning,"Sankyu,PT",,Alarm End,Identity ID:'' ; Name:'' ; Type:Lane departure ; satellites:21,2026-09-08 04:00:29,"106.789001,-6.185003",2026-09-08 04:00:29,"106.789001,-6.185003",2026-09-08 04:00:32,55.99 km/h,No,,,,,GPS,Pending,Not Reviewed,1249.76 km
2590000898,B 9979 SYM,,Eyes Closed,"Sankyu,PT",,Alarm End,Identity ID:'' ; Name:'' ; Type:Eyes closed ; satellites:21,2026-09-08 04:00:29,"106.789001,-6.185003",2026-09-08 04:00:29,"106.789001,-6.185003",2026-09-08 04:00:32,55.99 km/h,No,,,,,GPS,Pending,Not Reviewed,1249.76 km
2590000898,B 9979 SYM,,Lane Departure Warning,"Sankyu,PT",,Alarm End,Identity ID:'' ; Name:'' ; Type:Lane departure ; satellites:20,2026-09-08 04:00:16,"106.790924,-6.184289",2026-09-08 04:00:16,"106.790924,-6.184289",2026-09-08 04:00:18,60.27 km/h,No,,,,,GPS,Pending,Not Reviewed,1249.61 km
2590000898,B 9979 SYM,,Lane Departure Warning,"Sankyu,PT",,Alarm End,Identity ID:'' ; Name:'' ; Type:Lane departure ; satellites:19,2026-09-08 04:00:02,"106.792488,-6.183347",2026-09-08 04:00:02,"106.792488,-6.183347",2026-09-08 04:00:04,51.54 km/h,No,,,,,GPS,Pending,Not Reviewed,1249.37 km
2590000898,B 9979 SYM,,Headway Monitoring Warning,"Sankyu,PT",,Alarm End,Identity ID:'' ; Name:'' ; Type:HMW Forward absolute velocity collision ; satellites:19,2026-09-08 03:59:57,"106.792938,-6.182792",2026-09-08 03:59:57,"106.792938,-6.182792",2026-09-08 03:59:59,46.71 km/h,No,,,,,GPS,Pending,Not Reviewed,1249.25 km
2590000898,B 9979 SYM,,Lane Departure Warning,"Sankyu,PT",,Alarm End,Identity ID:'' ; Name:'' ; Type:Lane departure ; satellites:15,2026-09-08 03:59:38,"106.794365,-6.181018",2026-09-08 03:59:38,"106.794365,-6.181018",2026-09-08 03:59:40,40.73 km/h,No,,,,,GPS,Pending,Not Reviewed,1249.0 km
2590000898,B 9979 SYM,,Lane Departure Warning,"Sankyu,PT",,Alarm End,Identity ID:'' ; Name:'' ; Type:Lane departure ; satellites:21,2026-09-08 03:58:33,"106.796753,-6.185122",2026-09-08 03:58:33,"106.796753,-6.185122",2026-09-08 03:58:36,46.69 km/h,No,,,,,GPS,Pending,Not Reviewed,1248.3 km
2590000898,B 9979 SYM,,Lane Departure Warning,"Sankyu,PT",,Alarm End,Identity ID:'' ; Name:'' ; Type:Lane departure ; satellites:19,2026-09-08 03:58:26,"106.796715,-6.186069",2026-09-08 03:58:26,"106.796715,-6.186069",2026-09-08 03:58:28,48.37 km/h,No,,,,,GPS,Pending,Not Reviewed,1248.18 km
2590000898,B 9979 SYM,,Lane Departure Warning,"Sankyu,PT",,Alarm End,Identity ID:'' ; Name:'' ; Type:Lane departure ; satellites:20,2026-09-08 03:58:11,"106.796829,-6.1879",2026-09-08 03:58:11,"106.796829,-6.1879",2026-09-08 03:58:13,49.32 km/h,No,,,,,GPS,Pending,Not Reviewed,1248.05 km
2590000898,B 9979 SYM,,Pedestrian Collision Warning,"Sankyu,PT",,Alarm End,Identity ID:'' ; Name:'' ; Type:Pedestrian collision ; satellites:18,2026-09-08 03:58:09,"106.796837,-6.188026",2026-09-08 03:58:09,"106.796837,-6.188026",2026-09-08 03:58:11,49.41 km/h,No,,,,,GPS,Pending,Not Reviewed,1247.93 km
2590000898,B 9979 SYM,,Pedestrian Collision Warning,"Sankyu,PT",,Alarm End,Identity ID:'' ; Name:'' ; Type:Pedestrian collision ; satellites:21,2026-09-08 03:57:09,"106.79718,-6.195085",2026-09-08 03:57:09,"106.79718,-6.195085",2026-09-08 03:57:11,45.25 km/h,No,,,,,GPS,Pending,Not Reviewed,1247.24 km
2590000898,B 9979 SYM,,Pedestrian Collision Warning,"Sankyu,PT",,Alarm End,Identity ID:'' ; Name:'' ; Type:Pedestrian collision ; satellites:22,2026-09-08 03:55:30,"106.801712,-6.205976",2026-09-08 03:55:30,"106.801712,-6.205976",2026-09-08 03:55:32,57.86 km/h,No,,,,,GPS,Pending,Not Reviewed,1245.92 km
2590000898,B 9979 SYM,,Pedestrian Collision Warning,"Sankyu,PT",,Alarm End,Identity ID:'' ; Name:'' ; Type:Pedestrian collision ; satellites:21,2026-09-08 03:55:16,"106.802933,-6.207455",2026-09-08 03:55:16,"106.802933,-6.207455",2026-09-08 03:55:18,47.61 km/h,No,,,,,GPS,Pending,Not Reviewed,1245.66 km
2590000898,B 9979 SYM,,Pedestrian Collision Warning,"Sankyu,PT",,Alarm End,Identity ID:'' ; Name:'' ; Type:Pedestrian collision ; satellites:21,2026-09-08 03:55:11,"106.803238,-6.207787",2026-09-08 03:55:11,"106.803238,-6.207787",2026-09-08 03:55:13,43.84 km/h,No,,,,,GPS,Pending,Not Reviewed,1245.66 km
2590000898,B 9979 SYM,,Lane Departure Warning,"Sankyu,PT",,Alarm End,Identity ID:'' ; Name:'' ; Type:Lane departure ; satellites:21,2026-09-08 03:55:09,"106.803467,-6.208056",2026-09-08 03:55:09,"106.803467,-6.208056",2026-09-08 03:55:11,46.47 km/h,No,,,,,GPS,Pending,Not Reviewed,1245.66 km
2590000898,B 9979 SYM,,Headway Monitoring Warning,"Sankyu,PT",,Alarm End,Identity ID:'' ; Name:'' ; Type:HMW Forward absolute velocity collision ; satellites:21,2026-09-08 03:54:56,"106.804306,-6.209048",2026-09-08 03:54:56,"106.804306,-6.209048",2026-09-08 03:54:59,42.53 km/h,No,,,,,GPS,Pending,Not Reviewed,1245.44 km
2590000898,B 9979 SYM,,Forward Collision Warning,"Sankyu,PT",,Alarm End,Identity ID:'' ; Name:'' ; Type:FCW Forward relative velocity collision ; satellites:20,2026-09-08 03:54:55,"106.804375,-6.209132",2026-09-08 03:54:55,"106.804375,-6.209132",2026-09-08 03:54:57,42.82 km/h,No,,,,,GPS,Pending,Not Reviewed,1245.44 km
2590000898,B 9979 SYM,,Lane Departure Warning,"Sankyu,PT",,Alarm End,Identity ID:'' ; Name:'' ; Type:Lane departure ; satellites:22,2026-09-08 03:54:48,"106.804848,-6.209723",2026-09-08 03:54:48,"106.804848,-6.209723",2026-09-08 03:54:50,44.77 km/h,No,,,,,GPS,Pending,Not Reviewed,1245.3 km
2590000898,B 9979 SYM,,Lane Departure Warning,"Sankyu,PT",,Alarm End,Identity ID:'' ; Name:'' ; Type:Lane departure ; satellites:21,2026-09-08 03:54:24,"106.806328,-6.211638",2026-09-08 03:54:24,"106.806328,-6.211638",2026-09-08 03:54:26,37.99 km/h,No,,,,,GPS,Pending,Not Reviewed,1245.04 km
2590000898,B 9979 SYM,,Pedestrian Collision Warning,"Sankyu,PT",,Alarm End,Identity ID:'' ; Name:'' ; Type:Pedestrian collision ; satellites:16,2026-09-08 03:54:14,"106.806892,-6.212428",2026-09-08 03:54:14,"106.806892,-6.212428",2026-09-08 03:54:16,39.7 km/h,No,,,,,GPS,Pending,Not Reviewed,1244.92 km
2590000898,B 9979 SYM,,Pedestrian Collision Warning,"Sankyu,PT",,Alarm End,Identity ID:'' ; Name:'' ; Type:Pedestrian collision ; satellites:20,2026-09-08 03:54:07,"106.807365,-6.21287",2026-09-08 03:54:07,"106.807365,-6.21287",2026-09-08 03:54:09,35.77 km/h,No,,,,,GPS,Pending,Not Reviewed,1244.92 km
2590000898,B 9979 SYM,,Lane Departure Warning,"Sankyu,PT",,Alarm End,Identity ID:'' ; Name:'' ; Type:Lane departure ; satellites:20,2026-09-08 03:54:07,"106.807365,-6.21287",2026-09-08 03:54:07,"106.807365,-6.21287",2026-09-08 03:54:09,35.77 km/h,No,,,,,GPS,Pending,Not Reviewed,1244.92 km
2590000898,B 9979 SYM,,Pedestrian Collision Warning,"Sankyu,PT",,Alarm End,Identity ID:'' ; Name:'' ; Type:Pedestrian collision ; satellites:19,2026-09-08 03:53:32,"106.809433,-6.215579",2026-09-08 03:53:32,"106.809433,-6.215579",2026-09-08 03:53:35,35.55 km/h,No,,,,,GPS,Pending,Not Reviewed,1244.54 km
2590000898,B 9979 SYM,,Pedestrian Collision Warning,"Sankyu,PT",,Alarm End,Identity ID:'' ; Name:'' ; Type:Pedestrian collision ; satellites:21,2026-09-08 03:53:22,"106.810013,-6.216338",2026-09-08 03:53:22,"106.810013,-6.216338",2026-09-08 03:53:24,30.22 km/h,No,,,,,GPS,Pending,Not Reviewed,1244.43 km
2590000898,B 9979 SYM,,Pedestrian Collision Warning,"Sankyu,PT",,Alarm End,Identity ID:'' ; Name:'' ; Type:Pedestrian collision ; satellites:21,2026-09-08 03:53:17,"106.810181,-6.216605",2026-09-08 03:53:17,"106.810181,-6.216605",2026-09-08 03:53:19,31.48 km/h,No,,,,,GPS,Pending,Not Reviewed,1244.43 km
2590000898,B 9979 SYM,,Pedestrian Collision Warning,"Sankyu,PT",,Alarm End,Identity ID:'' ; Name:'' ; Type:Pedestrian collision ; satellites:20,2026-09-08 03:52:39,"106.811584,-6.218642",2026-09-08 03:52:39,"106.811584,-6.218642",2026-09-08 03:52:41,39.44 km/h,No,,,,,GPS,Pending,Not Reviewed,1244.07 km
2590000898,B 9979 SYM,,Pedestrian Collision Warning,"Sankyu,PT",,Alarm End,Identity ID:'' ; Name:'' ; Type:Pedestrian collision ; satellites:20,2026-09-08 03:52:14,"106.813217,-6.22104",2026-09-08 03:52:14,"106.813217,-6.22104",2026-09-08 03:52:16,50.93 km/h,No,,,,,GPS,Pending,Not Reviewed,1243.82 km
2590000898,B 9979 SYM,,Lane Departure Warning,"Sankyu,PT",,Alarm End,Identity ID:'' ; Name:'' ; Type:Lane departure ; satellites:17,2026-09-08 03:50:54,"106.818398,-6.228613",2026-09-08 03:50:54,"106.818398,-6.228613",2026-09-08 03:50:57,49.89 km/h,No,,,,,GPS,Pending,Not Reviewed,1242.76 km
2590000898,B 9979 SYM,,Lane Departure Warning,"Sankyu,PT",,Alarm End,Identity ID:'' ; Name:'' ; Type:Lane departure ; satellites:15,2026-09-08 03:50:40,"106.819519,-6.230245",2026-09-08 03:50:40,"106.819519,-6.230245",2026-09-08 03:50:42,58.33 km/h,No,,,,,GPS,Pending,Not Reviewed,1242.62 km
2590000898,B 9979 SYM,,Headway Monitoring Warning,"Sankyu,PT",,Alarm End,Identity ID:'' ; Name:'' ; Type:HMW Forward absolute velocity collision ; satellites:20,2026-09-08 03:50:16,"106.821251,-6.23283",2026-09-08 03:50:16,"106.821251,-6.23283",2026-09-08 03:50:18,43.14 km/h,No,,,,,GPS,Pending,Not Reviewed,1242.23 km
2590000898,B 9979 SYM,,Headway Monitoring Warning,"Sankyu,PT",,Alarm End,Identity ID:'' ; Name:'' ; Type:HMW Forward absolute velocity collision ; satellites:17,2026-09-08 03:50:11,"106.821457,-6.233198",2026-09-08 03:50:11,"106.821457,-6.233198",2026-09-08 03:50:13,40.29 km/h,No,,,,,GPS,Pending,Not Reviewed,1242.23 km
2590000898,B 9979 SYM,,Headway Monitoring Warning,"Sankyu,PT",,Alarm End,Identity ID:'' ; Name:'' ; Type:HMW Forward absolute velocity collision ; satellites:18,2026-09-08 03:49:31,"106.824524,-6.235261",2026-09-08 03:49:31,"106.824524,-6.235261",2026-09-08 03:49:33,40.33 km/h,No,,,,,GPS,Pending,Not Reviewed,1241.78 km
2590000898,B 9979 SYM,,Headway Monitoring Warning,"Sankyu,PT",,Alarm End,Identity ID:'' ; Name:'' ; Type:HMW Forward absolute velocity collision ; satellites:19,2026-09-08 03:49:26,"106.825035,-6.235595",2026-09-08 03:49:26,"106.825035,-6.235595",2026-09-08 03:49:28,51.39 km/h,No,,,,,GPS,Pending,Not Reviewed,1241.78 km
2590000898,B 9979 SYM,,Headway Monitoring Warning,"Sankyu,PT",,Alarm End,Identity ID:'' ; Name:'' ; Type:HMW Forward absolute velocity collision ; satellites:18,2026-09-08 03:49:21,"106.825462,-6.235893",2026-09-08 03:49:21,"106.825462,-6.235893",2026-09-08 03:49:23,51.28 km/h,No,,,,,GPS,Pending,Not Reviewed,1241.66 km
2590000898,B 9979 SYM,,Forward Collision Warning,"Sankyu,PT",,Alarm End,Identity ID:'' ; Name:'' ; Type:FCW Forward relative velocity collision ; satellites:19,2026-09-08 03:49:05,"106.827133,-6.23696",2026-09-08 03:49:05,"106.827133,-6.23696",2026-09-08 03:49:08,50.19 km/h,No,,,,,GPS,Pending,Not Reviewed,1241.42 km
2590000898,B 9979 SYM,,Pedestrian Collision Warning,"Sankyu,PT",,Alarm End,Identity ID:'' ; Name:'' ; Type:Pedestrian collision ; satellites:18,2026-09-08 03:49:01,"106.827652,-6.237243",2026-09-08 03:49:01,"106.827652,-6.237243",2026-09-08 03:49:03,42.69 km/h,No,,,,,GPS,Pending,Not Reviewed,1241.42 km
2590000898,B 9979 SYM,,Pedestrian Collision Warning,"Sankyu,PT",,Alarm End,Identity ID:'' ; Name:'' ; Type:Pedestrian collision ; satellites:17,2026-09-08 03:48:56,"106.828117,-6.237565",2026-09-08 03:48:56,"106.828117,-6.237565",2026-09-08 03:48:58,46.82 km/h,No,,,,,GPS,Pending,Not Reviewed,1241.3 km
2590000898,B 9979 SYM,,Pedestrian Collision Warning,"Sankyu,PT",,Alarm End,Identity ID:'' ; Name:'' ; Type:Pedestrian collision ; satellites:19,2026-09-08 03:48:51,"106.828613,-6.237892",2026-09-08 03:48:51,"106.828613,-6.237892",2026-09-08 03:48:53,48.19 km/h,No,,,,,GPS,Pending,Not Reviewed,1241.3 km
2590000898,B 9979 SYM,,Pedestrian Collision Warning,"Sankyu,PT",,Alarm End,Identity ID:'' ; Name:'' ; Type:Pedestrian collision ; satellites:15,2026-09-08 03:48:42,"106.829582,-6.23853",2026-09-08 03:48:42,"106.829582,-6.23853",2026-09-08 03:48:44,50.33 km/h,No,,,,,GPS,Pending,Not Reviewed,1241.17 km
2590000898,B 9979 SYM,,Pedestrian Collision Warning,"Sankyu,PT",,Alarm End,Identity ID:'' ; Name:'' ; Type:Pedestrian collision ; satellites:15,2026-09-08 03:48:37,"106.830078,-6.23888",2026-09-08 03:48:37,"106.830078,-6.23888",2026-09-08 03:48:39,42.73 km/h,No,,,,,GPS,Pending,Not Reviewed,1241.06 km
2590000898,B 9979 SYM,,Pedestrian Collision Warning,"Sankyu,PT",,Alarm End,Identity ID:'' ; Name:'' ; Type:Pedestrian collision ; satellites:14,2026-09-08 03:48:32,"106.830536,-6.239182",2026-09-08 03:48:32,"106.830536,-6.239182",2026-09-08 03:48:34,40.97 km/h,No,,,,,GPS,Pending,Not Reviewed,1241.06 km
2590000898,B 9979 SYM,,Pedestrian Collision Warning,"Sankyu,PT",,Alarm End,Identity ID:'' ; Name:'' ; Type:Pedestrian collision ; satellites:16,2026-09-08 03:48:27,"106.83091,-6.239412",2026-09-08 03:48:27,"106.83091,-6.239412",2026-09-08 03:48:29,40.42 km/h,No,,,,,GPS,Pending,Not Reviewed,1240.94 km
2590000898,B 9979 SYM,,Pedestrian Collision Warning,"Sankyu,PT",,Alarm End,Identity ID:'' ; Name:'' ; Type:Pedestrian collision ; satellites:21,2026-09-08 03:48:12,"106.832283,-6.240265",2026-09-08 03:48:12,"106.832283,-6.240265",2026-09-08 03:48:14,35.92 km/h,No,,,,,GPS,Pending,Not Reviewed,1240.81 km
2590000898,B 9979 SYM,,Yawning,"Sankyu,PT",,Alarm End,Identity ID:'' ; Name:'' ; Type:yawn ; satellites:21,2026-09-08 03:48:08,"106.832634,-6.240452",2026-09-08 03:48:08,"106.832634,-6.240452",2026-09-08 03:48:10,37.16 km/h,No,,,,,GPS,Pending,Not Reviewed,1240.69 km
2590000898,B 9979 SYM,,Pedestrian Collision Warning,"Sankyu,PT",,Alarm End,Identity ID:'' ; Name:'' ; Type:Pedestrian collision ; satellites:20,2026-09-08 03:48:07,"106.832718,-6.240479",2026-09-08 03:48:07,"106.832718,-6.240479",2026-09-08 03:48:09,36.64 km/h,No,,,,,GPS,Pending,Not Reviewed,1240.69 km
2590000898,B 9979 SYM,,Pedestrian Collision Warning,"Sankyu,PT",,Alarm End,Identity ID:'' ; Name:'' ; Type:Pedestrian collision ; satellites:20,2026-09-08 03:48:02,"106.833122,-6.240658",2026-09-08 03:48:02,"106.833122,-6.240658",2026-09-08 03:48:04,37.05 km/h,No,,,,,GPS,Pending,Not Reviewed,1240.69 km
2590000898,B 9979 SYM,,Pedestrian Collision Warning,"Sankyu,PT",,Alarm End,Identity ID:'' ; Name:'' ; Type:Pedestrian collision ; satellites:18,2026-09-08 03:47:57,"106.833611,-6.240807",2026-09-08 03:47:57,"106.833611,-6.240807",2026-09-08 03:47:59,42.84 km/h,No,,,,,GPS,Pending,Not Reviewed,1240.57 km
2590000898,B 9979 SYM,,Pedestrian Collision Warning,"Sankyu,PT",,Alarm End,Identity ID:'' ; Name:'' ; Type:Pedestrian collision ; satellites:20,2026-09-08 03:47:52,"106.83416,-6.240968",2026-09-08 03:47:52,"106.83416,-6.240968",2026-09-08 03:47:54,49.22 km/h,No,,,,,GPS,Pending,Not Reviewed,1240.57 km
2590000898,B 9979 SYM,,Pedestrian Collision Warning,"Sankyu,PT",,Alarm End,Identity ID:'' ; Name:'' ; Type:Pedestrian collision ; satellites:21,2026-09-08 03:47:46,"106.83477,-6.241122",2026-09-08 03:47:46,"106.83477,-6.241122",2026-09-08 03:47:49,51.09 km/h,No,,,,,GPS,Pending,Not Reviewed,1240.44 km
2590000898,B 9979 SYM,,Lane Departure Warning,"Sankyu,PT",,Alarm End,Identity ID:'' ; Name:'' ; Type:Lane departure ; satellites:18,2026-09-08 03:47:31,"106.836617,-6.241547",2026-09-08 03:47:31,"106.836617,-6.241547",2026-09-08 03:47:34,49.13 km/h,No,,,,,GPS,Pending,Not Reviewed,1240.32 km
2590000898,B 9979 SYM,,Lane Departure Warning,"Sankyu,PT",,Alarm End,Identity ID:'' ; Name:'' ; Type:Lane departure ; satellites:20,2026-09-08 03:46:56,"106.840858,-6.24265",2026-09-08 03:46:56,"106.840858,-6.24265",2026-09-08 03:46:59,50.78 km/h,No,,,,,GPS,Pending,Not Reviewed,1239.82 km
2590000898,B 9979 SYM,,Lane Departure Warning,"Sankyu,PT",,Alarm End,Identity ID:'' ; Name:'' ; Type:Lane departure ; satellites:18,2026-09-08 03:46:12,"106.846695,-6.243678",2026-09-08 03:46:12,"106.846695,-6.243678",2026-09-08 03:46:14,55.01 km/h,No,,,,,GPS,Pending,Not Reviewed,1239.14 km
2590000898,B 9979 SYM,,Lane Departure Warning,"Sankyu,PT",,Alarm End,Identity ID:'' ; Name:'' ; Type:Lane departure ; satellites:16,2026-09-08 03:45:49,"106.849831,-6.243577",2026-09-08 03:45:49,"106.849831,-6.243577",2026-09-08 03:45:51,50.96 km/h,No,,,,,GPS,Pending,Not Reviewed,1238.74 km
2590000898,B 9979 SYM,,Pedestrian Collision Warning,"Sankyu,PT",,Alarm End,Identity ID:'' ; Name:'' ; Type:Pedestrian collision ; satellites:18,2026-09-08 03:45:25,"106.85331,-6.243413",2026-09-08 03:45:25,"106.85331,-6.243413",2026-09-08 03:45:27,60.77 km/h,No,,,,,GPS,Pending,Not Reviewed,1238.45 km
2590000898,B 9979 SYM,,Pedestrian Collision Warning,"Sankyu,PT",,Alarm End,Identity ID:'' ; Name:'' ; Type:Pedestrian collision ; satellites:18,2026-09-08 03:45:20,"106.854073,-6.243382",2026-09-08 03:45:20,"106.854073,-6.243382",2026-09-08 03:45:22,61.19 km/h,No,,,,,GPS,Pending,Not Reviewed,1238.3 km
2590000898,B 9979 SYM,,Headway Monitoring Warning,"Sankyu,PT",,Alarm End,Identity ID:'' ; Name:'' ; Type:HMW Forward absolute velocity collision ; satellites:21,2026-09-08 03:44:57,"106.857346,-6.243403",2026-09-08 03:44:57,"106.857346,-6.243403",2026-09-08 03:44:59,42.29 km/h,No,,,,,GPS,Pending,Not Reviewed,1238.01 km
2590000898,B 9979 SYM,,Lane Departure Warning,"Sankyu,PT",,Alarm End,Identity ID:'' ; Name:'' ; Type:Lane departure ; satellites:20,2026-09-08 03:44:35,"106.859268,-6.243428",2026-09-08 03:44:35,"106.859268,-6.243428",2026-09-08 03:44:38,38.18 km/h,No,,,,,GPS,Pending,Not Reviewed,1237.77 km
2590000898,B 9979 SYM,,Headway Monitoring Warning,"Sankyu,PT",,Alarm End,Identity ID:'' ; Name:'' ; Type:HMW Forward absolute velocity collision ; satellites:21,2026-09-08 03:44:32,"106.859665,-6.2434",2026-09-08 03:44:32,"106.859665,-6.2434",2026-09-08 03:44:34,40.9 km/h,No,,,,,GPS,Pending,Not Reviewed,1237.66 km
2590000898,B 9979 SYM,,Headway Monitoring Warning,"Sankyu,PT",,Alarm End,Identity ID:'' ; Name:'' ; Type:HMW Forward absolute velocity collision ; satellites:20,2026-09-08 03:44:23,"106.860634,-6.24337",2026-09-08 03:44:23,"106.860634,-6.24337",2026-09-08 03:44:25,41.68 km/h,No,,,,,GPS,Pending,Not Reviewed,1237.55 km
2590000898,B 9979 SYM,,Pedestrian Collision Warning,"Sankyu,PT",,Alarm End,Identity ID:'' ; Name:'' ; Type:Pedestrian collision ; satellites:21,2026-09-08 03:43:17,"106.867859,-6.244477",2026-09-08 03:43:17,"106.867859,-6.244477",2026-09-08 03:43:19,41.99 km/h,No,,,,,GPS,Pending,Not Reviewed,1236.71 km
2590000898,B 9979 SYM,,Pedestrian Collision Warning,"Sankyu,PT",,Alarm End,Identity ID:'' ; Name:'' ; Type:Pedestrian collision ; satellites:21,2026-09-08 03:43:12,"106.868233,-6.244612",2026-09-08 03:43:12,"106.868233,-6.244612",2026-09-08 03:43:14,39.83 km/h,No,,,,,GPS,Pending,Not Reviewed,1236.71 km
2590000898,B 9979 SYM,,Headway Monitoring Warning,"Sankyu,PT",,Alarm End,Identity ID:'' ; Name:'' ; Type:HMW Forward absolute velocity collision ; satellites:20,2026-09-08 03:43:10,"106.86853,-6.244728",2026-09-08 03:43:10,"106.86853,-6.244728",2026-09-08 03:43:12,40.42 km/h,No,,,,,GPS,Pending,Not Reviewed,1236.71 km
2590000898,B 9979 SYM,,Pedestrian Collision Warning,"Sankyu,PT",,Alarm End,Identity ID:'' ; Name:'' ; Type:Pedestrian collision ; satellites:17,2026-09-08 03:43:04,"106.869041,-6.244938",2026-09-08 03:43:04,"106.869041,-6.244938",2026-09-08 03:43:06,33.35 km/h,No,,,,,GPS,Pending,Not Reviewed,1236.58 km
2590000898,B 9979 SYM,,Pedestrian Collision Warning,"Sankyu,PT",,Alarm End,Identity ID:'' ; Name:'' ; Type:Pedestrian collision ; satellites:14,2026-09-08 03:42:55,"106.869812,-6.245429",2026-09-08 03:42:55,"106.869812,-6.245429",2026-09-08 03:42:57,41.51 km/h,No,,,,,GPS,Pending,Not Reviewed,1236.58 km
2590000898,B 9979 SYM,,Pedestrian Collision Warning,"Sankyu,PT",,Alarm End,Identity ID:'' ; Name:'' ; Type:Pedestrian collision ; satellites:9,2026-09-08 03:42:50,"106.870293,-6.245742",2026-09-08 03:42:50,"106.870293,-6.245742",2026-09-08 03:42:52,42.62 km/h,No,,,,,GPS,Pending,Not Reviewed,1236.45 km
2590000898,B 9979 SYM,,Lane Departure Warning,"Sankyu,PT",,Alarm End,Identity ID:'' ; Name:'' ; Type:Lane departure ; satellites:9,2026-09-08 03:42:50,"106.870201,-6.245687",2026-09-08 03:42:50,"106.870201,-6.245687",2026-09-08 03:42:52,42.56 km/h,No,,,,,GPS,Pending,Not Reviewed,1236.45 km
2590000898,B 9979 SYM,,Pedestrian Collision Warning,"Sankyu,PT",,Alarm End,Identity ID:'' ; Name:'' ; Type:Pedestrian collision ; satellites:5,2026-09-08 03:42:45,"106.870804,-6.24586",2026-09-08 03:42:45,"106.870804,-6.24586",2026-09-08 03:42:47,39.79 km/h,No,,,,,GPS,Pending,Not Reviewed,1236.45 km
2590000898,B 9979 SYM,,Pedestrian Collision Warning,"Sankyu,PT",,Alarm End,Identity ID:'' ; Name:'' ; Type:Pedestrian collision ; satellites:7,2026-09-08 03:42:40,"106.871307,-6.245967",2026-09-08 03:42:40,"106.871307,-6.245967",2026-09-08 03:42:42,35.59 km/h,No,,,,,GPS,Pending,Not Reviewed,1236.33 km
2590000898,B 9979 SYM,,Pedestrian Collision Warning,"Sankyu,PT",,Alarm End,Identity ID:'' ; Name:'' ; Type:Pedestrian collision ; satellites:17,2026-09-08 03:42:35,"106.871643,-6.246083",2026-09-08 03:42:35,"106.871643,-6.246083",2026-09-08 03:42:37,35.72 km/h,No,,,,,GPS,Pending,Not Reviewed,1236.33 km
2590000898,B 9979 SYM,,Headway Monitoring Warning,"Sankyu,PT",,Alarm End,Identity ID:'' ; Name:'' ; Type:HMW Forward absolute velocity collision ; satellites:19,2026-09-08 03:42:25,"106.872673,-6.246336",2026-09-08 03:42:25,"106.872673,-6.246336",2026-09-08 03:42:27,42.9 km/h,No,,,,,GPS,Pending,Not Reviewed,1236.19 km
2590000898,B 9979 SYM,,Lane Departure Warning,"Sankyu,PT",,Alarm End,Identity ID:'' ; Name:'' ; Type:Lane departure ; satellites:17,2026-09-08 03:42:20,"106.873192,-6.246463",2026-09-08 03:42:20,"106.873192,-6.246463",2026-09-08 03:42:22,41.99 km/h,No,,,,,GPS,Pending,Not Reviewed,1236.19 km
2590000898,B 9979 SYM,,Lane Departure Warning,"Sankyu,PT",,Alarm End,Identity ID:'' ; Name:'' ; Type:Lane departure ; satellites:16,2026-09-08 03:42:12,"106.873932,-6.246708",2026-09-08 03:42:12,"106.873932,-6.246708",2026-09-08 03:42:14,39.7 km/h,No,,,,,GPS,Pending,Not Reviewed,1236.08 km
2590000898,B 9979 SYM,,Pedestrian Collision Warning,"Sankyu,PT",,Alarm End,Identity ID:'' ; Name:'' ; Type:Pedestrian collision ; satellites:17,2026-09-08 03:42:06,"106.874451,-6.246995",2026-09-08 03:42:06,"106.874451,-6.246995",2026-09-08 03:42:08,34.0 km/h,No,,,,,GPS,Pending,Not Reviewed,1235.96 km
2590000898,B 9979 SYM,,Lane Departure Warning,"Sankyu,PT",,Alarm End,Identity ID:'' ; Name:'' ; Type:Lane departure ; satellites:20,2026-09-08 03:41:21,"106.877281,-6.248755",2026-09-08 03:41:21,"106.877281,-6.248755",2026-09-08 03:41:23,32.07 km/h,No,,,,,GPS,Pending,Not Reviewed,1235.61 km
2590000898,B 9979 SYM,,Headway Monitoring Warning,"Sankyu,PT",,Alarm End,Identity ID:'' ; Name:'' ; Type:HMW Forward absolute velocity collision ; satellites:18,2026-09-08 03:40:15,"106.881004,-6.247833",2026-09-08 03:40:15,"106.881004,-6.247833",2026-09-08 03:40:17,44.93 km/h,No,,,,,GPS,Pending,Not Reviewed,1235.27 km
2590000898,B 9979 SYM,,Lane Departure Warning,"Sankyu,PT",,Alarm End,Identity ID:'' ; Name:'' ; Type:Lane departure ; satellites:21,2026-09-08 03:39:39,"106.885498,-6.247386",2026-09-08 03:39:39,"106.885498,-6.247386",2026-09-08 03:39:41,50.8 km/h,No,,,,,GPS,Pending,Not Reviewed,1234.66 km
2590000898,B 9979 SYM,,Lane Departure Warning,"Sankyu,PT",,Alarm End,Identity ID:'' ; Name:'' ; Type:Lane departure ; satellites:22,2026-09-08 03:39:27,"106.88694,-6.246789",2026-09-08 03:39:27,"106.88694,-6.246789",2026-09-08 03:39:29,52.11 km/h,No,,,,,GPS,Pending,Not Reviewed,1234.52 km
2590000898,B 9979 SYM,,Lane Departure Warning,"Sankyu,PT",,Alarm End,Identity ID:'' ; Name:'' ; Type:Lane departure ; satellites:22,2026-09-08 03:39:17,"106.888077,-6.246113",2026-09-08 03:39:17,"106.888077,-6.246113",2026-09-08 03:39:20,52.59 km/h,No,,,,,GPS,Pending,Not Reviewed,1234.39 km
2590000898,B 9979 SYM,,Headway Monitoring Warning,"Sankyu,PT",,Alarm End,Identity ID:'' ; Name:'' ; Type:HMW Forward absolute velocity collision ; satellites:22,2026-09-08 03:39:09,"106.888924,-6.24555",2026-09-08 03:39:09,"106.888924,-6.24555",2026-09-08 03:39:11,48.17 km/h,No,,,,,GPS,Pending,Not Reviewed,1234.27 km
2590000898,B 9979 SYM,,Lane Departure Warning,"Sankyu,PT",,Alarm End,Identity ID:'' ; Name:'' ; Type:Lane departure ; satellites:20,2026-09-08 03:38:38,"106.892166,-6.244032",2026-09-08 03:38:38,"106.892166,-6.244032",2026-09-08 03:38:40,46.49 km/h,No,,,,,GPS,Pending,Not Reviewed,1233.92 km
2590000898,B 9979 SYM,,Lane Departure Warning,"Sankyu,PT",,Alarm End,Identity ID:'' ; Name:'' ; Type:Lane departure ; satellites:21,2026-09-08 03:37:20,"106.900085,-6.249637",2026-09-08 03:37:20,"106.900085,-6.249637",2026-09-08 03:37:23,47.45 km/h,No,,,,,GPS,Pending,Not Reviewed,1232.75 km
2590000898,B 9979 SYM,,Distracted Driving,"Sankyu,PT",,Alarm End,Identity ID:'' ; Name:'' ; Type:Distractions alarm ; satellites:21,2026-09-08 03:36:52,"106.901962,-6.252463",2026-09-08 03:36:52,"106.901962,-6.252463",2026-09-08 03:36:54,42.29 km/h,No,,,,,GPS,Pending,Not Reviewed,1232.37 km
2590000898,B 9979 SYM,,Lane Departure Warning,"Sankyu,PT",,Alarm End,Identity ID:'' ; Name:'' ; Type:Lane departure ; satellites:22,2026-09-08 03:36:48,"106.902245,-6.252777",2026-09-08 03:36:48,"106.902245,-6.252777",2026-09-08 03:36:50,41.82 km/h,No,,,,,GPS,Pending,Not Reviewed,1232.37 km
2590000898,B 9979 SYM,,Lane Departure Warning,"Sankyu,PT",,Alarm End,Identity ID:'' ; Name:'' ; Type:Lane departure ; satellites:21,2026-09-08 03:36:40,"106.902855,-6.253352",2026-09-08 03:36:40,"106.902855,-6.253352",2026-09-08 03:36:42,43.69 km/h,No,,,,,GPS,Pending,Not Reviewed,1232.26 km
2590000898,B 9979 SYM,,Lane Departure Warning,"Sankyu,PT",,Alarm End,Identity ID:'' ; Name:'' ; Type:Lane departure ; satellites:22,2026-09-08 03:36:25,"106.904213,-6.254368",2026-09-08 03:36:25,"106.904213,-6.254368",2026-09-08 03:36:27,52.28 km/h,No,,,,,GPS,Pending,Not Reviewed,1232.0 km
2590000898,B 9979 SYM,,Lane Departure Warning,"Sankyu,PT",,Alarm End,Identity ID:'' ; Name:'' ; Type:Lane departure ; satellites:22,2026-09-08 03:36:16,"106.905434,-6.255033",2026-09-08 03:36:16,"106.905434,-6.255033",2026-09-08 03:36:18,57.16 km/h,No,,,,,GPS,Pending,Not Reviewed,1231.86 km
2590000898,B 9979 SYM,,Lane Departure Warning,"Sankyu,PT",,Alarm End,Identity ID:'' ; Name:'' ; Type:Lane departure ; satellites:22,2026-09-08 03:36:06,"106.906631,-6.255573",2026-09-08 03:36:06,"106.906631,-6.255573",2026-09-08 03:36:08,57.86 km/h,No,,,,,GPS,Pending,Not Reviewed,1231.72 km
2590000898,B 9979 SYM,,Lane Departure Warning,"Sankyu,PT",,Alarm End,Identity ID:'' ; Name:'' ; Type:Lane departure ; satellites:22,2026-09-08 03:35:45,"106.9095,-6.256639",2026-09-08 03:35:45,"106.9095,-6.256639",2026-09-08 03:35:47,58.58 km/h,No,,,,,GPS,Pending,Not Reviewed,1231.43 km
2590000898,B 9979 SYM,,Forward Collision Warning,"Sankyu,PT",,Alarm End,Identity ID:'' ; Name:'' ; Type:FCW Forward relative velocity collision ; satellites:18,2026-09-08 03:35:44,"106.909782,-6.256747",2026-09-08 03:35:44,"106.909782,-6.256747",2026-09-08 03:35:46,58.12 km/h,No,,,,,GPS,Pending,Not Reviewed,1231.43 km
2590000898,B 9979 SYM,,Lane Departure Warning,"Sankyu,PT",,Alarm End,Identity ID:'' ; Name:'' ; Type:Lane departure ; satellites:19,2026-09-08 03:33:30,"106.928139,-6.258057",2026-09-08 03:33:30,"106.928139,-6.258057",2026-09-08 03:33:32,46.49 km/h,No,,,,,GPS,Pending,Not Reviewed,1229.37 km
2590000898,B 9979 SYM,,Headway Monitoring Warning,"Sankyu,PT",,Alarm End,Identity ID:'' ; Name:'' ; Type:HMW Forward absolute velocity collision ; satellites:20,2026-09-08 03:33:26,"106.928688,-6.258057",2026-09-08 03:33:26,"106.928688,-6.258057",2026-09-08 03:33:28,45.17 km/h,No,,,,,GPS,Pending,Not Reviewed,1229.26 km
2590000898,B 9979 SYM,,Headway Monitoring Warning,"Sankyu,PT",,Alarm End,Identity ID:'' ; Name:'' ; Type:HMW Forward absolute velocity collision ; satellites:21,2026-09-08 03:33:21,"106.929169,-6.258045",2026-09-08 03:33:21,"106.929169,-6.258045",2026-09-08 03:33:23,45.89 km/h,No,,,,,GPS,Pending,Not Reviewed,1229.26 km
2590000898,B 9979 SYM,,Lane Departure Warning,"Sankyu,PT",,Alarm End,Identity ID:'' ; Name:'' ; Type:Lane departure ; satellites:20,2026-09-08 03:33:06,"106.931,-6.257945",2026-09-08 03:33:06,"106.931,-6.257945",2026-09-08 03:33:08,54.5 km/h,No,,,,,GPS,Pending,Not Reviewed,1229.01 km
2590000898,B 9979 SYM,,Lane Departure Warning,"Sankyu,PT",,Alarm End,Identity ID:'' ; Name:'' ; Type:Lane departure ; satellites:21,2026-09-08 03:32:51,"106.933113,-6.257812",2026-09-08 03:32:51,"106.933113,-6.257812",2026-09-08 03:32:53,50.02 km/h,No,,,,,GPS,Pending,Not Reviewed,1228.75 km
2590000898,B 9979 SYM,,Headway Monitoring Warning,"Sankyu,PT",,Alarm End,Identity ID:'' ; Name:'' ; Type:HMW Forward absolute velocity collision ; satellites:21,2026-09-08 03:32:50,"106.933113,-6.257812",2026-09-08 03:32:50,"106.933113,-6.257812",2026-09-08 03:32:52,50.02 km/h,No,,,,,GPS,Pending,Not Reviewed,1228.75 km
2590000898,B 9979 SYM,,Lane Departure Warning,"Sankyu,PT",,Alarm End,Identity ID:'' ; Name:'' ; Type:Lane departure ; satellites:19,2026-09-08 03:32:26,"106.936424,-6.257675",2026-09-08 03:32:26,"106.936424,-6.257675",2026-09-08 03:32:28,62.77 km/h,No,,,,,GPS,Pending,Not Reviewed,1228.32 km
2590000898,B 9979 SYM,,Lane Departure Warning,"Sankyu,PT",,Alarm End,Identity ID:'' ; Name:'' ; Type:Lane departure ; satellites:19,2026-09-08 03:31:31,"106.944534,-6.257246",2026-09-08 03:31:31,"106.944534,-6.257246",2026-09-08 03:31:33,52.61 km/h,No,,,,,GPS,Pending,Not Reviewed,1227.46 km
2590000898,B 9979 SYM,,Headway Monitoring Warning,"Sankyu,PT",,Alarm End,Identity ID:'' ; Name:'' ; Type:HMW Forward absolute velocity collision ; satellites:20,2026-09-08 03:31:31,"106.944405,-6.257253",2026-09-08 03:31:31,"106.944405,-6.257253",2026-09-08 03:31:34,52.55 km/h,No,,,,,GPS,Pending,Not Reviewed,1227.46 km
2590000898,B 9979 SYM,,Pedestrian Collision Warning,"Sankyu,PT",,Alarm End,Identity ID:'' ; Name:'' ; Type:Pedestrian collision ; satellites:18,2026-09-08 03:31:12,"106.947128,-6.257127",2026-09-08 03:31:12,"106.947128,-6.257127",2026-09-08 03:31:14,52.89 km/h,No,,,,,GPS,Pending,Not Reviewed,1227.19 km
2590000898,B 9979 SYM,,Pedestrian Collision Warning,"Sankyu,PT",,Alarm End,Identity ID:'' ; Name:'' ; Type:Pedestrian collision ; satellites:19,2026-09-08 03:31:07,"106.9478,-6.25707",2026-09-08 03:31:07,"106.9478,-6.25707",2026-09-08 03:31:09,54.7 km/h,No,,,,,GPS,Pending,Not Reviewed,1227.19 km
2590000898,B 9979 SYM,,Headway Monitoring Warning,"Sankyu,PT",,Alarm End,Identity ID:'' ; Name:'' ; Type:HMW Forward absolute velocity collision ; satellites:19,2026-09-08 03:31:02,"106.948463,-6.25701",2026-09-08 03:31:02,"106.948463,-6.25701",2026-09-08 03:31:04,52.78 km/h,No,,,,,GPS,Pending,Not Reviewed,1227.05 km
2590000898,B 9979 SYM,,Pedestrian Collision Warning,"Sankyu,PT",,Alarm End,Identity ID:'' ; Name:'' ; Type:Pedestrian collision ; satellites:18,2026-09-08 03:31:02,"106.948326,-6.257022",2026-09-08 03:31:02,"106.948326,-6.257022",2026-09-08 03:31:05,53.16 km/h,No,,,,,GPS,Pending,Not Reviewed,1227.05 km
2590000898,B 9979 SYM,,Lane Departure Warning,"Sankyu,PT",,Alarm End,Identity ID:'' ; Name:'' ; Type:Lane departure ; satellites:18,2026-09-08 03:31:00,"106.94873,-6.256993",2026-09-08 03:31:00,"106.94873,-6.256993",2026-09-08 03:31:02,51.81 km/h,No,,,,,GPS,Pending,Not Reviewed,1227.05 km
2590000898,B 9979 SYM,,Pedestrian Collision Warning,"Sankyu,PT",,Alarm End,Identity ID:'' ; Name:'' ; Type:Pedestrian collision ; satellites:16,2026-09-08 03:30:48,"106.950226,-6.25692",2026-09-08 03:30:48,"106.950226,-6.25692",2026-09-08 03:30:50,49.02 km/h,No,,,,,GPS,Pending,Not Reviewed,1226.93 km
2590000898,B 9979 SYM,,Pedestrian Collision Warning,"Sankyu,PT",,Alarm End,Identity ID:'' ; Name:'' ; Type:Pedestrian collision ; satellites:14,2026-09-08 03:30:43,"106.950836,-6.256918",2026-09-08 03:30:43,"106.950836,-6.256918",2026-09-08 03:30:45,47.63 km/h,No,,,,,GPS,Pending,Not Reviewed,1226.81 km
2590000898,B 9979 SYM,,Pedestrian Collision Warning,"Sankyu,PT",,Alarm End,Identity ID:'' ; Name:'' ; Type:Pedestrian collision ; satellites:17,2026-09-08 03:30:38,"106.951317,-6.256872",2026-09-08 03:30:38,"106.951317,-6.256872",2026-09-08 03:30:40,49.72 km/h,No,,,,,GPS,Pending,Not Reviewed,1226.69 km
2590000898,B 9979 SYM,,Headway Monitoring Warning,"Sankyu,PT",,Alarm End,Identity ID:'' ; Name:'' ; Type:HMW Forward absolute velocity collision ; satellites:18,2026-09-08 03:30:36,"106.951569,-6.256858",2026-09-08 03:30:36,"106.951569,-6.256858",2026-09-08 03:30:38,49.56 km/h,No,,,,,GPS,Pending,Not Reviewed,1226.69 km
2590000898,B 9979 SYM,,Pedestrian Collision Warning,"Sankyu,PT",,Alarm End,Identity ID:'' ; Name:'' ; Type:Pedestrian collision ; satellites:18,2026-09-08 03:30:30,"106.952415,-6.256827",2026-09-08 03:30:30,"106.952415,-6.256827",2026-09-08 03:30:32,48.76 km/h,No,,,,,GPS,Pending,Not Reviewed,1226.69 km
2590000898,B 9979 SYM,,Pedestrian Collision Warning,"Sankyu,PT",,Alarm End,Identity ID:'' ; Name:'' ; Type:Pedestrian collision ; satellites:19,2026-09-08 03:30:25,"106.953011,-6.2568",2026-09-08 03:30:25,"106.953011,-6.2568",2026-09-08 03:30:27,45.63 km/h,No,,,,,GPS,Pending,Not Reviewed,1226.57 km
2590000898,B 9979 SYM,,Pedestrian Collision Warning,"Sankyu,PT",,Alarm End,Identity ID:'' ; Name:'' ; Type:Pedestrian collision ; satellites:19,2026-09-08 03:30:20,"106.953575,-6.256762",2026-09-08 03:30:20,"106.953575,-6.256762",2026-09-08 03:30:22,44.6 km/h,No,,,,,GPS,Pending,Not Reviewed,1226.46 km
2590000898,B 9979 SYM,,Pedestrian Collision Warning,"Sankyu,PT",,Alarm End,Identity ID:'' ; Name:'' ; Type:Pedestrian collision ; satellites:19,2026-09-08 03:30:15,"106.954124,-6.256748",2026-09-08 03:30:15,"106.954124,-6.256748",2026-09-08 03:30:17,42.3 km/h,No,,,,,GPS,Pending,Not Reviewed,1226.46 km
2590000898,B 9979 SYM,,Lane Departure Warning,"Sankyu,PT",,Alarm End,Identity ID:'' ; Name:'' ; Type:Lane departure ; satellites:18,2026-09-08 03:30:15,"106.95401,-6.256752",2026-09-08 03:30:15,"106.95401,-6.256752",2026-09-08 03:30:18,42.95 km/h,No,,,,,GPS,Pending,Not Reviewed,1226.46 km
2590000898,B 9979 SYM,,Pedestrian Collision Warning,"Sankyu,PT",,Alarm End,Identity ID:'' ; Name:'' ; Type:Pedestrian collision ; satellites:17,2026-09-08 03:30:10,"106.954666,-6.2567",2026-09-08 03:30:10,"106.954666,-6.2567",2026-09-08 03:30:12,47.32 km/h,No,,,,,GPS,Pending,Not Reviewed,1226.34 km
2590000898,B 9979 SYM,,Pedestrian Collision Warning,"Sankyu,PT",,Alarm End,Identity ID:'' ; Name:'' ; Type:Pedestrian collision ; satellites:19,2026-09-08 03:30:05,"106.955299,-6.256662",2026-09-08 03:30:05,"106.955299,-6.256662",2026-09-08 03:30:07,51.33 km/h,No,,,,,GPS,Pending,Not Reviewed,1226.34 km
2590000898,B 9979 SYM,,Lane Departure Warning,"Sankyu,PT",,Alarm End,Identity ID:'' ; Name:'' ; Type:Lane departure ; satellites:17,2026-09-08 03:29:54,"106.956627,-6.256572",2026-09-08 03:29:54,"106.956627,-6.256572",2026-09-08 03:29:56,54.16 km/h,No,,,,,GPS,Pending,Not Reviewed,1226.21 km
2590000898,B 9979 SYM,,Lane Departure Warning,"Sankyu,PT",,Alarm End,Identity ID:'' ; Name:'' ; Type:Lane departure ; satellites:17,2026-09-08 03:29:43,"106.958015,-6.25643",2026-09-08 03:29:43,"106.958015,-6.25643",2026-09-08 03:29:46,43.91 km/h,No,,,,,GPS,Pending,Not Reviewed,1225.97 km
2590000898,B 9979 SYM,,Lane Departure Warning,"Sankyu,PT",,Alarm End,Identity ID:'' ; Name:'' ; Type:Lane departure ; satellites:12,2026-09-08 03:28:48,"106.964287,-6.254714",2026-09-08 03:28:48,"106.964287,-6.254714",2026-09-08 03:28:50,49.11 km/h,No,,,,,GPS,Pending,Not Reviewed,1225.26 km
2590000898,B 9979 SYM,,Lane Departure Warning,"Sankyu,PT",,Alarm End,Identity ID:'' ; Name:'' ; Type:Lane departure ; satellites:14,2026-09-08 03:28:35,"106.965759,-6.253978",2026-09-08 03:28:35,"106.965759,-6.253978",2026-09-08 03:28:38,45.84 km/h,No,,,,,GPS,Pending,Not Reviewed,1225.15 km
2590000898,B 9979 SYM,,Lane Departure Warning,"Sankyu,PT",,Alarm End,Identity ID:'' ; Name:'' ; Type:Lane departure ; satellites:12,2026-09-08 03:28:23,"106.96698,-6.253302",2026-09-08 03:28:23,"106.96698,-6.253302",2026-09-08 03:28:25,45.36 km/h,No,,,,,GPS,Pending,Not Reviewed,1225.04 km
2590000898,B 9979 SYM,,Headway Monitoring Warning,"Sankyu,PT",,Alarm End,Identity ID:'' ; Name:'' ; Type:HMW Forward absolute velocity collision ; satellites:15,2026-09-08 03:27:52,"106.970406,-6.251093",2026-09-08 03:27:52,"106.970406,-6.251093",2026-09-08 03:27:54,42.51 km/h,No,,,,,GPS,Pending,Not Reviewed,1224.51 km
2590000898,B 9979 SYM,,Headway Monitoring Warning,"Sankyu,PT",,Alarm End,Identity ID:'' ; Name:'' ; Type:HMW Forward absolute velocity collision ; satellites:15,2026-09-08 03:27:47,"106.97084,-6.250818",2026-09-08 03:27:47,"106.97084,-6.250818",2026-09-08 03:27:49,41.01 km/h,No,,,,,GPS,Pending,Not Reviewed,1224.51 km
2590000898,B 9979 SYM,,Headway Monitoring Warning,"Sankyu,PT",,Alarm End,Identity ID:'' ; Name:'' ; Type:HMW Forward absolute velocity collision ; satellites:14,2026-09-08 03:27:42,"106.971306,-6.25054",2026-09-08 03:27:42,"106.971306,-6.25054",2026-09-08 03:27:44,42.62 km/h,No,,,,,GPS,Pending,Not Reviewed,1224.4 km
2590000898,B 9979 SYM,,Headway Monitoring Warning,"Sankyu,PT",,Alarm End,Identity ID:'' ; Name:'' ; Type:HMW Forward absolute velocity collision ; satellites:14,2026-09-08 03:27:37,"106.97171,-6.250323",2026-09-08 03:27:37,"106.97171,-6.250323",2026-09-08 03:27:39,42.49 km/h,No,,,,,GPS,Pending,Not Reviewed,1224.4 km
2590000898,B 9979 SYM,,Headway Monitoring Warning,"Sankyu,PT",,Alarm End,Identity ID:'' ; Name:'' ; Type:HMW Forward absolute velocity collision ; satellites:12,2026-09-08 03:27:32,"106.972321,-6.250041",2026-09-08 03:27:32,"106.972321,-6.250041",2026-09-08 03:27:34,43.71 km/h,No,,,,,GPS,Pending,Not Reviewed,1224.29 km
2590000898,B 9979 SYM,,Headway Monitoring Warning,"Sankyu,PT",,Alarm End,Identity ID:'' ; Name:'' ; Type:HMW Forward absolute velocity collision ; satellites:16,2026-09-08 03:27:10,"106.974617,-6.249352",2026-09-08 03:27:10,"106.974617,-6.249352",2026-09-08 03:27:12,41.88 km/h,No,,,,,GPS,Pending,Not Reviewed,1224.04 km
2590000898,B 9979 SYM,,Lane Departure Warning,"Sankyu,PT",,Alarm End,Identity ID:'' ; Name:'' ; Type:Lane departure ; satellites:16,2026-09-08 03:27:07,"106.974823,-6.249315",2026-09-08 03:27:07,"106.974823,-6.249315",2026-09-08 03:27:10,43.38 km/h,No,,,,,GPS,Pending,Not Reviewed,1224.04 km
2590000898,B 9979 SYM,,Headway Monitoring Warning,"Sankyu,PT",,Alarm End,Identity ID:'' ; Name:'' ; Type:HMW Forward absolute velocity collision ; satellites:17,2026-09-08 03:26:48,"106.977539,-6.248855",2026-09-08 03:26:48,"106.977539,-6.248855",2026-09-08 03:26:51,55.33 km/h,No,,,,,GPS,Pending,Not Reviewed,1223.76 km
2590000898,B 9979 SYM,,Headway Monitoring Warning,"Sankyu,PT",,Alarm End,Identity ID:'' ; Name:'' ; Type:HMW Forward absolute velocity collision ; satellites:16,2026-09-08 03:26:43,"106.978172,-6.24886",2026-09-08 03:26:43,"106.978172,-6.24886",2026-09-08 03:26:45,44.75 km/h,No,,,,,GPS,Pending,Not Reviewed,1223.64 km
2590000898,B 9979 SYM,,Headway Monitoring Warning,"Sankyu,PT",,Alarm End,Identity ID:'' ; Name:'' ; Type:HMW Forward absolute velocity collision ; satellites:19,2026-09-08 03:26:38,"106.97876,-6.24888",2026-09-08 03:26:38,"106.97876,-6.24888",2026-09-08 03:26:40,45.21 km/h,No,,,,,GPS,Pending,Not Reviewed,1223.64 km
2590000898,B 9979 SYM,,Headway Monitoring Warning,"Sankyu,PT",,Alarm End,Identity ID:'' ; Name:'' ; Type:HMW Forward absolute velocity collision ; satellites:17,2026-09-08 03:26:33,"106.979279,-6.248933",2026-09-08 03:26:33,"106.979279,-6.248933",2026-09-08 03:26:35,42.71 km/h,No,,,,,GPS,Pending,Not Reviewed,1223.52 km
2590000898,B 9979 SYM,,Headway Monitoring Warning,"Sankyu,PT",,Alarm End,Identity ID:'' ; Name:'' ; Type:HMW Forward absolute velocity collision ; satellites:18,2026-09-08 03:26:28,"106.979729,-6.249002",2026-09-08 03:26:28,"106.979729,-6.249002",2026-09-08 03:26:30,46.1 km/h,No,,,,,GPS,Pending,Not Reviewed,1223.4 km
2590000898,B 9979 SYM,,Headway Monitoring Warning,"Sankyu,PT",,Alarm End,Identity ID:'' ; Name:'' ; Type:HMW Forward absolute velocity collision ; satellites:16,2026-09-08 03:26:23,"106.980431,-6.24911",2026-09-08 03:26:23,"106.980431,-6.24911",2026-09-08 03:26:25,47.3 km/h,No,,,,,GPS,Pending,Not Reviewed,1223.4 km
2590000898,B 9979 SYM,,Headway Monitoring Warning,"Sankyu,PT",,Alarm End,Identity ID:'' ; Name:'' ; Type:HMW Forward absolute velocity collision ; satellites:19,2026-09-08 03:26:18,"106.980995,-6.249232",2026-09-08 03:26:18,"106.980995,-6.249232",2026-09-08 03:26:20,45.73 km/h,No,,,,,GPS,Pending,Not Reviewed,1223.29 km
2590000898,B 9979 SYM,,Headway Monitoring Warning,"Sankyu,PT",,Alarm End,Identity ID:'' ; Name:'' ; Type:HMW Forward absolute velocity collision ; satellites:18,2026-09-08 03:26:13,"106.981552,-6.24937",2026-09-08 03:26:13,"106.981552,-6.24937",2026-09-08 03:26:15,44.67 km/h,No,,,,,GPS,Pending,Not Reviewed,1223.29 km
2590000898,B 9979 SYM,,Headway Monitoring Warning,"Sankyu,PT",,Alarm End,Identity ID:'' ; Name:'' ; Type:HMW Forward absolute velocity collision ; satellites:16,2026-09-08 03:26:08,"106.982086,-6.249533",2026-09-08 03:26:08,"106.982086,-6.249533",2026-09-08 03:26:10,45.65 km/h,No,,,,,GPS,Pending,Not Reviewed,1223.17 km
2590000898,B 9979 SYM,,Headway Monitoring Warning,"Sankyu,PT",,Alarm End,Identity ID:'' ; Name:'' ; Type:HMW Forward absolute velocity collision ; satellites:14,2026-09-08 03:26:03,"106.982651,-6.249752",2026-09-08 03:26:03,"106.982651,-6.249752",2026-09-08 03:26:05,48.1 km/h,No,,,,,GPS,Pending,Not Reviewed,1223.17 km
2590000898,B 9979 SYM,,Headway Monitoring Warning,"Sankyu,PT",,Alarm End,Identity ID:'' ; Name:'' ; Type:HMW Forward absolute velocity collision ; satellites:15,2026-09-08 03:25:58,"106.983124,-6.249927",2026-09-08 03:25:58,"106.983124,-6.249927",2026-09-08 03:26:00,51.09 km/h,No,,,,,GPS,Pending,Not Reviewed,1223.05 km
2590000898,B 9979 SYM,,Lane Departure Warning,"Sankyu,PT",,Alarm End,Identity ID:'' ; Name:'' ; Type:Lane departure ; satellites:13,2026-09-08 03:25:48,"106.98436,-6.25047",2026-09-08 03:25:48,"106.98436,-6.25047",2026-09-08 03:25:50,42.93 km/h,No,,,,,GPS,Pending,Not Reviewed,1222.93 km
2590000898,B 9979 SYM,,Headway Monitoring Warning,"Sankyu,PT",,Alarm End,Identity ID:'' ; Name:'' ; Type:HMW Forward absolute velocity collision ; satellites:15,2026-09-08 03:25:46,"106.984558,-6.250545",2026-09-08 03:25:46,"106.984558,-6.250545",2026-09-08 03:25:48,43.25 km/h,No,,,,,GPS,Pending,Not Reviewed,1222.93 km
2590000898,B 9979 SYM,,Headway Monitoring Warning,"Sankyu,PT",,Alarm End,Identity ID:'' ; Name:'' ; Type:HMW Forward absolute velocity collision ; satellites:13,2026-09-08 03:25:41,"106.984955,-6.250767",2026-09-08 03:25:41,"106.984955,-6.250767",2026-09-08 03:25:43,43.14 km/h,No,,,,,GPS,Pending,Not Reviewed,1222.82 km
2590000898,B 9979 SYM,,Headway Monitoring Warning,"Sankyu,PT",,Alarm End,Identity ID:'' ; Name:'' ; Type:HMW Forward absolute velocity collision ; satellites:13,2026-09-08 03:25:36,"106.98555,-6.251067",2026-09-08 03:25:36,"106.98555,-6.251067",2026-09-08 03:25:38,46.56 km/h,No,,,,,GPS,Pending,Not Reviewed,1222.82 km
2590000898,B 9979 SYM,,Headway Monitoring Warning,"Sankyu,PT",,Alarm End,Identity ID:'' ; Name:'' ; Type:HMW Forward absolute velocity collision ; satellites:13,2026-09-08 03:25:31,"106.986069,-6.251325",2026-09-08 03:25:31,"106.986069,-6.251325",2026-09-08 03:25:33,44.93 km/h,No,,,,,GPS,Pending,Not Reviewed,1222.71 km
2590000898,B 9979 SYM,,Headway Monitoring Warning,"Sankyu,PT",,Alarm End,Identity ID:'' ; Name:'' ; Type:HMW Forward absolute velocity collision ; satellites:13,2026-09-08 03:25:26,"106.986481,-6.251572",2026-09-08 03:25:26,"106.986481,-6.251572",2026-09-08 03:25:29,45.49 km/h,No,,,,,GPS,Pending,Not Reviewed,1222.71 km
2590000898,B 9979 SYM,,Forward Collision Warning,"Sankyu,PT",,Alarm End,Identity ID:'' ; Name:'' ; Type:FCW Forward relative velocity collision ; satellites:17,2026-09-08 03:24:49,"106.990257,-6.253363",2026-09-08 03:24:49,"106.990257,-6.253363",2026-09-08 03:24:51,53.09 km/h,No,,,,,GPS,Pending,Not Reviewed,1222.21 km
2590000898,B 9979 SYM,,Lane Departure Warning,"Sankyu,PT",,Alarm End,Identity ID:'' ; Name:'' ; Type:Lane departure ; satellites:17,2026-09-08 03:24:45,"106.990784,-6.253608",2026-09-08 03:24:45,"106.990784,-6.253608",2026-09-08 03:24:47,54.29 km/h,No,,,,,GPS,Pending,Not Reviewed,1222.08 km
2590000898,B 9979 SYM,,Headway Monitoring Warning,"Sankyu,PT",,Alarm End,Identity ID:'' ; Name:'' ; Type:HMW Forward absolute velocity collision ; satellites:17,2026-09-08 03:24:41,"106.991409,-6.253839",2026-09-08 03:24:41,"106.991409,-6.253839",2026-09-08 03:24:43,54.79 km/h,No,,,,,GPS,Pending,Not Reviewed,1222.08 km
2590000898,B 9979 SYM,,Headway Monitoring Warning,"Sankyu,PT",,Alarm End,Identity ID:'' ; Name:'' ; Type:HMW Forward absolute velocity collision ; satellites:16,2026-09-08 03:24:36,"106.991913,-6.254025",2026-09-08 03:24:36,"106.991913,-6.254025",2026-09-08 03:24:38,53.66 km/h,No,,,,,GPS,Pending,Not Reviewed,1221.94 km
2590000898,B 9979 SYM,,Lane Departure Warning,"Sankyu,PT",,Alarm End,Identity ID:'' ; Name:'' ; Type:Lane departure ; satellites:14,2026-09-08 03:22:58,"107.003242,-6.258025",2026-09-08 03:22:58,"107.003242,-6.258025",2026-09-08 03:23:00,49.43 km/h,No,,,,,GPS,Pending,Not Reviewed,1220.72 km
2590000898,B 9979 SYM,,Headway Monitoring Warning,"Sankyu,PT",,Alarm End,Identity ID:'' ; Name:'' ; Type:HMW Forward absolute velocity collision ; satellites:14,2026-09-08 03:22:20,"107.007439,-6.259479",2026-09-08 03:22:20,"107.007439,-6.259479",2026-09-08 03:22:22,46.0 km/h,No,,,,,GPS,Pending,Not Reviewed,1220.23 km
2590000898,B 9979 SYM,,Lane Departure Warning,"Sankyu,PT",,Alarm End,Identity ID:'' ; Name:'' ; Type:Lane departure ; satellites:15,2026-09-08 03:22:16,"107.007782,-6.259578",2026-09-08 03:22:16,"107.007782,-6.259578",2026-09-08 03:22:18,45.93 km/h,No,,,,,GPS,Pending,Not Reviewed,1220.11 km
2590000898,B 9979 SYM,,Headway Monitoring Warning,"Sankyu,PT",,Alarm End,Identity ID:'' ; Name:'' ; Type:HMW Forward absolute velocity collision ; satellites:15,2026-09-08 03:22:15,"107.007996,-6.259645",2026-09-08 03:22:15,"107.007996,-6.259645",2026-09-08 03:22:17,46.04 km/h,No,,,,,GPS,Pending,Not Reviewed,1220.11 km
2590000898,B 9979 SYM,,Headway Monitoring Warning,"Sankyu,PT",,Alarm End,Identity ID:'' ; Name:'' ; Type:HMW Forward absolute velocity collision ; satellites:15,2026-09-08 03:22:10,"107.008545,-6.259823",2026-09-08 03:22:10,"107.008545,-6.259823",2026-09-08 03:22:12,46.93 km/h,No,,,,,GPS,Pending,Not Reviewed,1220.11 km
2590000898,B 9979 SYM,,Headway Monitoring Warning,"Sankyu,PT",,Alarm End,Identity ID:'' ; Name:'' ; Type:HMW Forward absolute velocity collision ; satellites:14,2026-09-08 03:22:05,"107.009102,-6.260005",2026-09-08 03:22:05,"107.009102,-6.260005",2026-09-08 03:22:07,47.43 km/h,No,,,,,GPS,Pending,Not Reviewed,1220.0 km
2590000898,B 9979 SYM,,Headway Monitoring Warning,"Sankyu,PT",,Alarm End,Identity ID:'' ; Name:'' ; Type:HMW Forward absolute velocity collision ; satellites:16,2026-09-08 03:22:00,"107.009659,-6.260181",2026-09-08 03:22:00,"107.009659,-6.260181",2026-09-08 03:22:02,47.1 km/h,No,,,,,GPS,Pending,Not Reviewed,1219.87 km
2590000898,B 9979 SYM,,Headway Monitoring Warning,"Sankyu,PT",,Alarm End,Identity ID:'' ; Name:'' ; Type:HMW Forward absolute velocity collision ; satellites:17,2026-09-08 03:21:55,"107.010132,-6.260344",2026-09-08 03:21:55,"107.010132,-6.260344",2026-09-08 03:21:57,50.76 km/h,No,,,,,GPS,Pending,Not Reviewed,1219.87 km
2590000898,B 9979 SYM,,Lane Departure Warning,"Sankyu,PT",,Alarm End,Identity ID:'' ; Name:'' ; Type:Lane departure ; satellites:15,2026-09-08 03:21:16,"107.015045,-6.262095",2026-09-08 03:21:16,"107.015045,-6.262095",2026-09-08 03:21:18,50.89 km/h,No,,,,,GPS,Pending,Not Reviewed,1219.34 km
2590000898,B 9979 SYM,,Lane Departure Warning,"Sankyu,PT",,Alarm End,Identity ID:'' ; Name:'' ; Type:Lane departure ; satellites:17,2026-09-08 03:20:40,"107.019875,-6.263844",2026-09-08 03:20:40,"107.019875,-6.263844",2026-09-08 03:20:42,57.16 km/h,No,,,,,GPS,Pending,Not Reviewed,1218.79 km
2590000898,B 9979 SYM,,Lane Departure Warning,"Sankyu,PT",,Alarm End,Identity ID:'' ; Name:'' ; Type:Lane departure ; satellites:17,2026-09-08 03:20:34,"107.020706,-6.264143",2026-09-08 03:20:34,"107.020706,-6.264143",2026-09-08 03:20:36,58.36 km/h,No,,,,,GPS,Pending,Not Reviewed,1218.64 km
2590000898,B 9979 SYM,,Lane Departure Warning,"Sankyu,PT",,Alarm End,Identity ID:'' ; Name:'' ; Type:Lane departure ; satellites:15,2026-09-08 03:20:27,"107.02153,-6.264441",2026-09-08 03:20:27,"107.02153,-6.264441",2026-09-08 03:20:30,58.38 km/h,No,,,,,GPS,Pending,Not Reviewed,1218.49 km
2590000898,B 9979 SYM,,Headway Monitoring Warning,"Sankyu,PT",,Alarm End,Identity ID:'' ; Name:'' ; Type:HMW Forward absolute velocity collision ; satellites:15,2026-09-08 03:20:11,"107.023621,-6.265105",2026-09-08 03:20:11,"107.023621,-6.265105",2026-09-08 03:20:13,48.59 km/h,No,,,,,GPS,Pending,Not Reviewed,1218.24 km
2590000898,B 9979 SYM,,Headway Monitoring Warning,"Sankyu,PT",,Alarm End,Identity ID:'' ; Name:'' ; Type:HMW Forward absolute velocity collision ; satellites:16,2026-09-08 03:20:06,"107.024323,-6.265333",2026-09-08 03:20:06,"107.024323,-6.265333",2026-09-08 03:20:08,48.56 km/h,No,,,,,GPS,Pending,Not Reviewed,1218.24 km
2590000898,B 9979 SYM,,Headway Monitoring Warning,"Sankyu,PT",,Alarm End,Identity ID:'' ; Name:'' ; Type:HMW Forward absolute velocity collision ; satellites:17,2026-09-08 03:20:01,"107.02478,-6.265513",2026-09-08 03:20:01,"107.02478,-6.265513",2026-09-08 03:20:03,48.93 km/h,No,,,,,GPS,Pending,Not Reviewed,1218.12 km
2590000898,B 9979 SYM,,Lane Departure Warning,"Sankyu,PT",,Alarm End,Identity ID:'' ; Name:'' ; Type:Lane departure ; satellites:17,2026-09-08 03:19:22,"107.029579,-6.2672",2026-09-08 03:19:22,"107.029579,-6.2672",2026-09-08 03:19:24,50.13 km/h,No,,,,,GPS,Pending,Not Reviewed,1217.61 km
2590000898,B 9979 SYM,,Lane Departure Warning,"Sankyu,PT",,Alarm End,Identity ID:'' ; Name:'' ; Type:Lane departure ; satellites:14,2026-09-08 03:19:15,"107.030281,-6.267503",2026-09-08 03:19:15,"107.030281,-6.267503",2026-09-08 03:19:17,51.24 km/h,No,,,,,GPS,Pending,Not Reviewed,1217.49 km
2590000898,B 9979 SYM,,Lane Departure Warning,"Sankyu,PT",,Alarm End,Identity ID:'' ; Name:'' ; Type:Lane departure ; satellites:15,2026-09-08 03:19:04,"107.031578,-6.267925",2026-09-08 03:19:04,"107.031578,-6.267925",2026-09-08 03:19:06,47.1 km/h,No,,,,,GPS,Pending,Not Reviewed,1217.37 km
2590000898,B 9979 SYM,,Lane Departure Warning,"Sankyu,PT",,Alarm End,Identity ID:'' ; Name:'' ; Type:Lane departure ; satellites:15,2026-09-08 03:18:36,"107.035011,-6.269057",2026-09-08 03:18:36,"107.035011,-6.269057",2026-09-08 03:18:39,51.94 km/h,No,,,,,GPS,Pending,Not Reviewed,1216.99 km
2590000898,B 9979 SYM,,Lane Departure Warning,"Sankyu,PT",,Alarm End,Identity ID:'' ; Name:'' ; Type:Lane departure ; satellites:12,2026-09-08 03:18:16,"107.037682,-6.270025",2026-09-08 03:18:16,"107.037682,-6.270025",2026-09-08 03:18:18,55.9 km/h,No,,,,,GPS,Pending,Not Reviewed,1216.72 km
2590000898,B 9979 SYM,,Lane Departure Warning,"Sankyu,PT",,Alarm End,Identity ID:'' ; Name:'' ; Type:Lane departure ; satellites:16,2026-09-08 03:18:09,"107.038483,-6.27028",2026-09-08 03:18:09,"107.038483,-6.27028",2026-09-08 03:18:11,55.4 km/h,No,,,,,GPS,Pending,Not Reviewed,1216.58 km
2590000898,B 9979 SYM,,Lane Departure Warning,"Sankyu,PT",,Alarm End,Identity ID:'' ; Name:'' ; Type:Lane departure ; satellites:14,2026-09-08 03:17:33,"107.043198,-6.272079",2026-09-08 03:17:33,"107.043198,-6.272079",2026-09-08 03:17:35,55.68 km/h,No,,,,,GPS,Pending,Not Reviewed,1216.02 km
2590000898,B 9979 SYM,,Headway Monitoring Warning,"Sankyu,PT",,Alarm End,Identity ID:'' ; Name:'' ; Type:HMW Forward absolute velocity collision ; satellites:14,2026-09-08 03:17:31,"107.043587,-6.27224",2026-09-08 03:17:31,"107.043587,-6.27224",2026-09-08 03:17:33,56.61 km/h,No,,,,,GPS,Pending,Not Reviewed,1216.02 km
2590000898,B 9979 SYM,,Headway Monitoring Warning,"Sankyu,PT",,Alarm End,Identity ID:'' ; Name:'' ; Type:HMW Forward absolute velocity collision ; satellites:16,2026-09-08 03:17:26,"107.044106,-6.27247",2026-09-08 03:17:26,"107.044106,-6.27247",2026-09-08 03:17:28,56.38 km/h,No,,,,,GPS,Pending,Not Reviewed,1215.88 km
2590000898,B 9979 SYM,,Pedestrian Collision Warning,"Sankyu,PT",,Alarm End,Identity ID:'' ; Name:'' ; Type:Pedestrian collision ; satellites:19,2026-09-08 03:16:03,"107.054588,-6.27696",2026-09-08 03:16:03,"107.054588,-6.27696",2026-09-08 03:16:05,53.55 km/h,No,,,,,GPS,Pending,Not Reviewed,1214.65 km
2590000898,B 9979 SYM,,Pedestrian Collision Warning,"Sankyu,PT",,Alarm End,Identity ID:'' ; Name:'' ; Type:Pedestrian collision ; satellites:21,2026-09-08 03:15:58,"107.055099,-6.27715",2026-09-08 03:15:58,"107.055099,-6.27715",2026-09-08 03:16:00,53.74 km/h,No,,,,,GPS,Pending,Not Reviewed,1214.52 km
2590000898,B 9979 SYM,,Lane Departure Warning,"Sankyu,PT",,Alarm End,Identity ID:'' ; Name:'' ; Type:Lane departure ; satellites:20,2026-09-08 03:15:32,"107.058533,-6.27828",2026-09-08 03:15:32,"107.058533,-6.27828",2026-09-08 03:15:34,52.85 km/h,No,,,,,GPS,Pending,Not Reviewed,1214.24 km
2590000898,B 9979 SYM,,Headway Monitoring Warning,"Sankyu,PT",,Alarm End,Identity ID:'' ; Name:'' ; Type:HMW Forward absolute velocity collision ; satellites:19,2026-09-08 03:15:31,"107.058655,-6.278315",2026-09-08 03:15:31,"107.058655,-6.278315",2026-09-08 03:15:33,52.94 km/h,No,,,,,GPS,Pending,Not Reviewed,1214.11 km
2590000898,B 9979 SYM,,Lane Departure Warning,"Sankyu,PT",,Alarm End,Identity ID:'' ; Name:'' ; Type:Lane departure ; satellites:18,2026-09-08 03:14:58,"107.062866,-6.279662",2026-09-08 03:14:58,"107.062866,-6.279662",2026-09-08 03:15:00,50.52 km/h,No,,,,,GPS,Pending,Not Reviewed,1213.72 km
2590000898,B 9979 SYM,,Headway Monitoring Warning,"Sankyu,PT",,Alarm End,Identity ID:'' ; Name:'' ; Type:HMW Forward absolute velocity collision ; satellites:18,2026-09-08 03:14:25,"107.067131,-6.280982",2026-09-08 03:14:25,"107.067131,-6.280982",2026-09-08 03:14:27,52.65 km/h,No,,,,,GPS,Pending,Not Reviewed,1213.16 km
2590000898,B 9979 SYM,,Lane Departure Warning,"Sankyu,PT",,Alarm End,Identity ID:'' ; Name:'' ; Type:Lane departure ; satellites:16,2026-09-08 03:13:42,"107.072998,-6.28284",2026-09-08 03:13:42,"107.072998,-6.28284",2026-09-08 03:13:44,48.52 km/h,No,,,,,GPS,Pending,Not Reviewed,1212.47 km
2590000898,B 9979 SYM,,Lane Departure Warning,"Sankyu,PT",,Alarm End,Identity ID:'' ; Name:'' ; Type:Lane departure ; satellites:18,2026-09-08 03:13:35,"107.073677,-6.283105",2026-09-08 03:13:35,"107.073677,-6.283105",2026-09-08 03:13:37,45.75 km/h,No,,,,,GPS,Pending,Not Reviewed,1212.47 km
2590000898,B 9979 SYM,,Lane Departure Warning,"Sankyu,PT",,Alarm End,Identity ID:'' ; Name:'' ; Type:Lane departure ; satellites:17,2026-09-08 03:13:20,"107.07518,-6.283628",2026-09-08 03:13:20,"107.07518,-6.283628",2026-09-08 03:13:22,37.98 km/h,No,,,,,GPS,Pending,Not Reviewed,1212.23 km
2590000898,B 9979 SYM,,Lane Departure Warning,"Sankyu,PT",,Alarm End,Identity ID:'' ; Name:'' ; Type:Lane departure ; satellites:18,2026-09-08 03:12:47,"107.078674,-6.28477",2026-09-08 03:12:47,"107.078674,-6.28477",2026-09-08 03:12:49,42.12 km/h,No,,,,,GPS,Pending,Not Reviewed,1211.87 km
2590000898,B 9979 SYM,,Lane Departure Warning,"Sankyu,PT",,Alarm End,Identity ID:'' ; Name:'' ; Type:Lane departure ; satellites:19,2026-09-08 03:10:26,"107.079094,-6.29455",2026-09-08 03:10:26,"107.079094,-6.29455",2026-09-08 03:10:28,42.05 km/h,No,,,,,GPS,Pending,Not Reviewed,1210.6 km
2590000898,B 9979 SYM,,Lane Departure Warning,"Sankyu,PT",80 Kph [26:Polygon],Alarm End,Identity ID:'' ; Name:'' ; Type:Lane departure ; satellites:22,2026-09-08 03:09:02,"107.083115,-6.29878",2026-09-08 03:09:02,"107.083115,-6.29878",2026-09-08 03:09:04,43.91 km/h,No,,,,,GPS,Pending,Not Reviewed,1209.77 km
2590000898,B 9979 SYM,,Pedestrian Collision Warning,"Sankyu,PT",80 Kph [26:Polygon],Alarm End,Identity ID:'' ; Name:'' ; Type:Pedestrian collision ; satellites:22,2026-09-08 03:08:49,"107.084282,-6.299195",2026-09-08 03:08:49,"107.084282,-6.299195",2026-09-08 03:08:51,30.26 km/h,No,,,,,GPS,Pending,Not Reviewed,1209.64 km
2590000898,B 9979 SYM,,Lane Departure Warning,"Sankyu,PT",80 Kph [26:Polygon],Alarm End,Identity ID:'' ; Name:'' ; Type:Lane departure ; satellites:22,2026-09-08 03:02:36,"107.103973,-6.30722",2026-09-08 03:02:36,"107.103973,-6.30722",2026-09-08 03:02:38,31.24 km/h,No,,,,,GPS,Pending,Not Reviewed,1206.73 km
2590000898,B 9979 SYM,,Lane Departure Warning,"Sankyu,PT",80 Kph [26:Polygon],Alarm End,Identity ID:'' ; Name:'' ; Type:Lane departure ; satellites:22,2026-09-08 02:59:57,"107.111473,-6.311163",2026-09-08 02:59:57,"107.111473,-6.311163",2026-09-08 02:59:59,36.88 km/h,No,,,,,GPS,Pending,Not Reviewed,1205.81 km
2590000898,B 9979 SYM,,Distracted Driving,"Sankyu,PT",80 Kph [26:Polygon],Alarm End,Identity ID:'' ; Name:'' ; Type:Distractions alarm ; satellites:21,2026-09-08 02:57:46,"107.111618,-6.315922",2026-09-08 02:57:46,"107.111618,-6.315922",2026-09-08 02:57:48,21.05 km/h,No,,,,,GPS,Pending,Not Reviewed,1205.1 km
2590000898,B 9979 SYM,,Headway Monitoring Warning,"Sankyu,PT",80 Kph [26:Polygon],Alarm End,Identity ID:'' ; Name:'' ; Type:HMW Forward absolute velocity collision ; satellites:21,2026-09-08 02:55:34,"107.114464,-6.320502",2026-09-08 02:55:34,"107.114464,-6.320502",2026-09-08 02:55:36,41.58 km/h,No,,,,,GPS,Pending,Not Reviewed,1204.3 km
2590000898,B 9979 SYM,,Forward Collision Warning,"Sankyu,PT",80 Kph [26:Polygon],Alarm End,Identity ID:'' ; Name:'' ; Type:FCW Forward relative velocity collision ; satellites:21,2026-09-08 02:55:33,"107.114464,-6.320502",2026-09-08 02:55:33,"107.114464,-6.320502",2026-09-08 02:55:35,41.58 km/h,No,,,,,GPS,Pending,Not Reviewed,1204.3 km
2590000898,B 9979 SYM,,Lane Departure Warning,"Sankyu,PT",80 Kph [26:Polygon],Alarm End,Identity ID:'' ; Name:'' ; Type:Lane departure ; satellites:21,2026-09-08 02:55:23,"107.115463,-6.321183",2026-09-08 02:55:23,"107.115463,-6.321183",2026-09-08 02:55:25,43.12 km/h,No,,,,,GPS,Pending,Not Reviewed,1204.19 km
2590000898,B 9979 SYM,,Pedestrian Collision Warning,"Sankyu,PT",80 Kph [26:Polygon],Alarm End,Identity ID:'' ; Name:'' ; Type:Pedestrian collision ; satellites:20,2026-09-08 02:52:23,"107.129173,-6.32845",2026-09-08 02:52:23,"107.129173,-6.32845",2026-09-08 02:52:25,30.46 km/h,No,,,,,GPS,Pending,Not Reviewed,1202.49 km
2590000898,B 9979 SYM,,Pedestrian Collision Warning,"Sankyu,PT",80 Kph [26:Polygon],Alarm End,Identity ID:'' ; Name:'' ; Type:Pedestrian collision ; satellites:22,2026-09-08 02:52:18,"107.129501,-6.328675",2026-09-08 02:52:18,"107.129501,-6.328675",2026-09-08 02:52:20,31.04 km/h,No,,,,,GPS,Pending,Not Reviewed,1202.37 km
2590000898,B 9979 SYM,,Pedestrian Collision Warning,"Sankyu,PT",80 Kph [26:Polygon],Alarm End,Identity ID:'' ; Name:'' ; Type:Pedestrian collision ; satellites:22,2026-09-08 02:52:13,"107.129768,-6.328875",2026-09-08 02:52:13,"107.129768,-6.328875",2026-09-08 02:52:15,32.33 km/h,No,,,,,GPS,Pending,Not Reviewed,1202.37 km
2590000898,B 9979 SYM,,Distracted Driving,"Sankyu,PT",80 Kph [26:Polygon],Alarm End,Identity ID:'' ; Name:'' ; Type:Distractions alarm ; satellites:22,2026-09-08 02:51:49,"107.130386,-6.329896",2026-09-08 02:51:49,"107.130386,-6.329896",2026-09-08 02:51:52,20.75 km/h,No,,,,,GPS,Pending,Not Reviewed,1202.26 km
2590000898,B 9979 SYM,,Distracted Driving,"Sankyu,PT",80 Kph [26:Polygon],Alarm End,Identity ID:'' ; Name:'' ; Type:Distractions alarm ; satellites:22,2026-09-08 02:47:38,"107.130089,-6.330325",2026-09-08 02:47:38,"107.130089,-6.330325",2026-09-08 02:47:40,24.64 km/h,No,,,,,GPS,Pending,Not Reviewed,1201.03 km
2590000898,B 9979 SYM,,Distracted Driving,"Sankyu,PT",80 Kph [26:Polygon],Alarm End,Identity ID:'' ; Name:'' ; Type:Distractions alarm ; satellites:21,2026-09-08 02:33:59,"107.160851,-6.354852",2026-09-08 02:33:59,"107.160851,-6.354852",2026-09-08 02:34:01,26.52 km/h,No,,,,,GPS,Pending,Not Reviewed,1195.69 km
2590000898,B 9979 SYM,,Distracted Driving,"Sankyu,PT",80 Kph [26:Polygon],Alarm End,Identity ID:'' ; Name:'' ; Type:Distractions alarm ; satellites:20,2026-09-08 02:32:28,"107.166916,-6.357397",2026-09-08 02:32:28,"107.166916,-6.357397",2026-09-08 02:32:31,23.84 km/h,No,,,,,GPS,Pending,Not Reviewed,1194.73 km
2590000898,B 9979 SYM,,Lane Departure Warning,"Sankyu,PT",80 Kph [26:Polygon],Alarm End,Identity ID:'' ; Name:'' ; Type:Lane departure ; satellites:21,2026-09-08 02:24:27,"107.1763,-6.370595",2026-09-08 02:24:27,"107.1763,-6.370595",2026-09-08 02:24:29,47.48 km/h,No,,,,,GPS,Pending,Not Reviewed,1189.68 km
2590000898,B 9979 SYM,,Lane Departure Warning,"Sankyu,PT",80 Kph [26:Polygon],Alarm End,Identity ID:'' ; Name:'' ; Type:Lane departure ; satellites:21,2026-09-08 02:24:15,"107.176125,-6.371988",2026-09-08 02:24:15,"107.176125,-6.371988",2026-09-08 02:24:17,45.19 km/h,No,,,,,GPS,Pending,Not Reviewed,1189.45 km
2590000898,B 9979 SYM,,Lane Departure Warning,"Sankyu,PT",80 Kph [26:Polygon],Alarm End,Identity ID:'' ; Name:'' ; Type:Lane departure ; satellites:22,2026-09-08 02:23:17,"107.178566,-6.376362",2026-09-08 02:23:17,"107.178566,-6.376362",2026-09-08 02:23:19,38.92 km/h,No,,,,,GPS,Pending,Not Reviewed,1188.96 km
2590000898,B 9979 SYM,,Lane Departure Warning,"Sankyu,PT",80 Kph [26:Polygon],Alarm End,Identity ID:'' ; Name:'' ; Type:Lane departure ; satellites:22,2026-09-08 02:20:53,"107.171646,-6.383399",2026-09-08 02:20:53,"107.171646,-6.383399",2026-09-08 02:20:56,34.76 km/h,No,,,,,GPS,Pending,Not Reviewed,1187.74 km
2590000898,B 9979 SYM,,Pedestrian Collision Warning,"Sankyu,PT",80 Kph [26:Polygon],Alarm End,Identity ID:'' ; Name:'' ; Type:Pedestrian collision ; satellites:22,2026-09-08 02:19:34,"107.166832,-6.387115",2026-09-08 02:19:34,"107.166832,-6.387115",2026-09-08 02:19:36,30.09 km/h,No,,,,,GPS,Pending,Not Reviewed,1187.02 km
2590000898,B 9979 SYM,,Forward Collision Warning,"Sankyu,PT",80 Kph [26:Polygon],Alarm End,Identity ID:'' ; Name:'' ; Type:FCW Forward relative velocity collision ; satellites:21,2026-09-08 02:19:16,"107.165779,-6.38792",2026-09-08 02:19:16,"107.165779,-6.38792",2026-09-08 02:19:18,30.46 km/h,No,,,,,GPS,Pending,Not Reviewed,1186.91 km
2590000898,B 9979 SYM,,Distracted Driving,"Sankyu,PT",80 Kph [26:Polygon],Alarm End,Identity ID:'' ; Name:'' ; Type:Distractions alarm ; satellites:17,2026-09-08 02:13:56,"107.160728,-6.391802",2026-09-08 02:13:56,"107.160728,-6.391802",2026-09-08 02:13:58,22.51 km/h,No,,,,,GPS,Pending,Not Reviewed,1186.22 km
2590000898,B 9979 SYM,,Eyes Closed,"Sankyu,PT",80 Kph [26:Polygon],Alarm End,Identity ID:'' ; Name:'' ; Type:Eyes closed ; satellites:21,2026-09-07 11:19:39,"107.165741,-6.388145",2026-09-07 11:19:39,"107.165741,-6.388145",2026-09-07 11:19:41,25.03 km/h,No,,,,,GPS,Pending,Not Reviewed,1183.95 km
2590000898,B 9979 SYM,,Eyes Closed,"Sankyu,PT",80 Kph [26:Polygon],Alarm End,Identity ID:'' ; Name:'' ; Type:Eyes closed ; satellites:21,2026-09-07 11:19:00,"107.167427,-6.386867",2026-09-07 11:19:00,"107.167427,-6.386867",2026-09-07 11:19:02,21.34 km/h,No,,,,,GPS,Pending,Not Reviewed,1183.72 km
2590000898,B 9979 SYM,,Eyes Closed,"Sankyu,PT",80 Kph [26:Polygon],Alarm End,Identity ID:'' ; Name:'' ; Type:Eyes closed ; satellites:20,2026-09-07 11:18:26,"107.168907,-6.38572",2026-09-07 11:18:26,"107.168907,-6.38572",2026-09-07 11:18:28,30.63 km/h,No,,,,,GPS,Pending,Not Reviewed,1183.49 km
2590000898,B 9979 SYM,,Lane Departure Warning,"Sankyu,PT",80 Kph [26:Polygon],Alarm End,Identity ID:'' ; Name:'' ; Type:Lane departure ; satellites:20,2026-09-07 11:18:09,"107.170052,-6.384838",2026-09-07 11:18:09,"107.170052,-6.384838",2026-09-07 11:18:11,38.57 km/h,No,,,,,GPS,Pending,Not Reviewed,1183.37 km
2590000898,B 9979 SYM,,Lane Departure Warning,"Sankyu,PT",80 Kph [26:Polygon],Alarm End,Identity ID:'' ; Name:'' ; Type:Lane departure ; satellites:19,2026-09-07 11:17:31,"107.172905,-6.382572",2026-09-07 11:17:31,"107.172905,-6.382572",2026-09-07 11:17:34,38.72 km/h,No,,,,,GPS,Pending,Not Reviewed,1182.97 km
2590000898,B 9979 SYM,,Eyes Closed,"Sankyu,PT",80 Kph [26:Polygon],Alarm End,Identity ID:'' ; Name:'' ; Type:Eyes closed ; satellites:20,2026-09-07 11:16:32,"107.176758,-6.379557",2026-09-07 11:16:32,"107.176758,-6.379557",2026-09-07 11:16:34,28.73 km/h,No,,,,,GPS,Pending,Not Reviewed,1182.49 km
2590000898,B 9979 SYM,,Eyes Closed,"Sankyu,PT",80 Kph [26:Polygon],Alarm End,Identity ID:'' ; Name:'' ; Type:Eyes closed ; satellites:20,2026-09-07 11:16:06,"107.178284,-6.378385",2026-09-07 11:16:06,"107.178284,-6.378385",2026-09-07 11:16:08,29.5 km/h,No,,,,,GPS,Pending,Not Reviewed,1182.26 km
2590000898,B 9979 SYM,,Distracted Driving,"Sankyu,PT",80 Kph [26:Polygon],Alarm End,Identity ID:'' ; Name:'' ; Type:Distractions alarm ; satellites:20,2026-09-07 11:15:50,"107.179428,-6.377922",2026-09-07 11:15:50,"107.179428,-6.377922",2026-09-07 11:15:52,26.02 km/h,No,,,,,GPS,Pending,Not Reviewed,1182.15 km
2590000898,B 9979 SYM,,Pedestrian Collision Warning,"Sankyu,PT",80 Kph [26:Polygon],Alarm End,Identity ID:'' ; Name:'' ; Type:Pedestrian collision ; satellites:19,2026-09-07 11:15:11,"107.181366,-6.380242",2026-09-07 11:15:11,"107.181366,-6.380242",2026-09-07 11:15:13,30.58 km/h,No,,,,,GPS,Pending,Not Reviewed,1181.8 km
2590000898,B 9979 SYM,,Lane Departure Warning,"Sankyu,PT",80 Kph [26:Polygon],Alarm End,Identity ID:'' ; Name:'' ; Type:Lane departure ; satellites:17,2026-09-07 11:12:20,"107.17746,-6.369908",2026-09-07 11:12:20,"107.17746,-6.369908",2026-09-07 11:12:22,37.88 km/h,No,,,,,GPS,Pending,Not Reviewed,1179.97 km
2590000898,B 9979 SYM,,Lane Departure Warning,"Sankyu,PT",80 Kph [26:Polygon],Alarm End,Identity ID:'' ; Name:'' ; Type:Lane departure ; satellites:16,2026-09-07 11:11:58,"107.178429,-6.368225",2026-09-07 11:11:58,"107.178429,-6.368225",2026-09-07 11:12:00,34.74 km/h,No,,,,,GPS,Pending,Not Reviewed,1179.85 km
2590000898,B 9979 SYM,,Lane Departure Warning,"Sankyu,PT",80 Kph [26:Polygon],Alarm End,Identity ID:'' ; Name:'' ; Type:Lane departure ; satellites:17,2026-09-07 11:11:42,"107.179024,-6.366755",2026-09-07 11:11:42,"107.179024,-6.366755",2026-09-07 11:11:44,37.27 km/h,No,,,,,GPS,Pending,Not Reviewed,1179.6 km
2590000898,B 9979 SYM,,Lane Departure Warning,"Sankyu,PT",80 Kph [26:Polygon],Alarm End,Identity ID:'' ; Name:'' ; Type:Lane departure ; satellites:16,2026-09-07 11:10:59,"107.179657,-6.362978",2026-09-07 11:10:59,"107.179657,-6.362978",2026-09-07 11:11:01,34.37 km/h,No,,,,,GPS,Pending,Not Reviewed,1179.23 km
2590000898,B 9979 SYM,,Lane Departure Warning,"Sankyu,PT",80 Kph [26:Polygon],Alarm End,Identity ID:'' ; Name:'' ; Type:Lane departure ; satellites:22,2026-09-07 09:49:56,"107.174225,-6.357712",2026-09-07 09:49:56,"107.174225,-6.357712",2026-09-07 09:49:58,30.06 km/h,No,,,,,GPS,Pending,Not Reviewed,1177.71 km
2590000898,B 9979 SYM,,Lane Departure Warning,"Sankyu,PT",80 Kph [26:Polygon],Alarm End,Identity ID:'' ; Name:'' ; Type:Lane departure ; satellites:19,2026-09-07 09:47:27,"107.18026,-6.360213",2026-09-07 09:47:27,"107.18026,-6.360213",2026-09-07 09:47:29,29.48 km/h,No,,,,,GPS,Pending,Not Reviewed,1176.67 km
2590000898,B 9979 SYM,,Lane Departure Warning,"Sankyu,PT",80 Kph [26:Polygon],Alarm End,Identity ID:'' ; Name:'' ; Type:Lane departure ; satellites:19,2026-09-07 09:47:07,"107.180954,-6.358274",2026-09-07 09:47:07,"107.180954,-6.358274",2026-09-07 09:47:09,44.27 km/h,No,,,,,GPS,Pending,Not Reviewed,1176.56 km
2590000898,B 9979 SYM,,Lane Departure Warning,"Sankyu,PT",80 Kph [26:Polygon],Alarm End,Identity ID:'' ; Name:'' ; Type:Lane departure ; satellites:20,2026-09-07 09:47:00,"107.181236,-6.357522",2026-09-07 09:47:00,"107.181236,-6.357522",2026-09-07 09:47:02,46.58 km/h,No,,,,,GPS,Pending,Not Reviewed,1176.44 km
2590000898,B 9979 SYM,,Pedestrian Collision Warning,"Sankyu,PT",80 Kph [26:Polygon],Alarm End,Identity ID:'' ; Name:'' ; Type:Pedestrian collision ; satellites:19,2026-09-07 09:46:48,"107.181709,-6.356245",2026-09-07 09:46:48,"107.181709,-6.356245",2026-09-07 09:46:50,44.56 km/h,No,,,,,GPS,Pending,Not Reviewed,1176.33 km
2590000898,B 9979 SYM,,Lane Departure Warning,"Sankyu,PT",80 Kph [26:Polygon],Alarm End,Identity ID:'' ; Name:'' ; Type:Lane departure ; satellites:20,2026-09-07 09:45:14,"107.185966,-6.345597",2026-09-07 09:45:14,"107.185966,-6.345597",2026-09-07 09:45:16,49.39 km/h,No,,,,,GPS,Pending,Not Reviewed,1174.98 km
2590000898,B 9979 SYM,,Lane Departure Warning,"Sankyu,PT",,Alarm End,Identity ID:'' ; Name:'' ; Type:Lane departure ; satellites:17,2026-09-07 09:44:59,"107.185951,-6.343758",2026-09-07 09:44:59,"107.185951,-6.343758",2026-09-07 09:45:01,41.75 km/h,No,,,,,GPS,Pending,Not Reviewed,1174.84 km
2590000898,B 9979 SYM,,Lane Departure Warning,"Sankyu,PT",,Alarm End,Identity ID:'' ; Name:'' ; Type:Lane departure ; satellites:20,2026-09-07 09:43:45,"107.185562,-6.338887",2026-09-07 09:43:45,"107.185562,-6.338887",2026-09-07 09:43:47,36.96 km/h,No,,,,,GPS,Pending,Not Reviewed,1174.23 km
2590000898,B 9979 SYM,,Headway Monitoring Warning,"Sankyu,PT",,Alarm End,Identity ID:'' ; Name:'' ; Type:HMW Forward absolute velocity collision ; satellites:13,2026-09-07 09:42:21,"107.193802,-6.340754",2026-09-07 09:42:21,"107.193802,-6.340754",2026-09-07 09:42:23,54.02 km/h,No,,,,,GPS,Pending,Not Reviewed,1173.12 km
2590000898,B 9979 SYM,,Lane Departure Warning,"Sankyu,PT",,Alarm End,Identity ID:'' ; Name:'' ; Type:Lane departure ; satellites:13,2026-09-07 09:42:21,"107.19368,-6.340665",2026-09-07 09:42:21,"107.19368,-6.340665",2026-09-07 09:42:23,55.01 km/h,No,,,,,GPS,Pending,Not Reviewed,1173.12 km
2590000898,B 9979 SYM,,Forward Collision Warning,"Sankyu,PT",,Alarm End,Identity ID:'' ; Name:'' ; Type:FCW Forward relative velocity collision ; satellites:13,2026-09-07 09:42:18,"107.194023,-6.340902",2026-09-07 09:42:18,"107.194023,-6.340902",2026-09-07 09:42:20,49.93 km/h,No,,,,,GPS,Pending,Not Reviewed,1173.12 km
2590000898,B 9979 SYM,,Headway Monitoring Warning,"Sankyu,PT",,Alarm End,Identity ID:'' ; Name:'' ; Type:HMW Forward absolute velocity collision ; satellites:16,2026-09-07 09:42:15,"107.194382,-6.3412",2026-09-07 09:42:15,"107.194382,-6.3412",2026-09-07 09:42:17,50.43 km/h,No,,,,,GPS,Pending,Not Reviewed,1173.12 km
2590000898,B 9979 SYM,,Headway Monitoring Warning,"Sankyu,PT",,Alarm End,Identity ID:'' ; Name:'' ; Type:HMW Forward absolute velocity collision ; satellites:17,2026-09-07 09:42:10,"107.194855,-6.341595",2026-09-07 09:42:10,"107.194855,-6.341595",2026-09-07 09:42:12,40.97 km/h,No,,,,,GPS,Pending,Not Reviewed,1172.99 km
2590000898,B 9979 SYM,,Lane Departure Warning,"Sankyu,PT",,Alarm End,Identity ID:'' ; Name:'' ; Type:Lane departure ; satellites:17,2026-09-07 09:42:02,"107.195328,-6.34201",2026-09-07 09:42:02,"107.195328,-6.34201",2026-09-07 09:42:04,35.05 km/h,No,,,,,GPS,Pending,Not Reviewed,1172.99 km
2590000898,B 9979 SYM,,Headway Monitoring Warning,"Sankyu,PT",,Alarm End,Identity ID:'' ; Name:'' ; Type:HMW Forward absolute velocity collision ; satellites:18,2026-09-07 09:40:11,"107.207504,-6.34973",2026-09-07 09:40:11,"107.207504,-6.34973",2026-09-07 09:40:13,52.66 km/h,No,,,,,GPS,Pending,Not Reviewed,1171.35 km
2590000898,B 9979 SYM,,Forward Collision Warning,"Sankyu,PT",,Alarm End,Identity ID:'' ; Name:'' ; Type:FCW Forward relative velocity collision ; satellites:18,2026-09-07 09:40:11,"107.207375,-6.349685",2026-09-07 09:40:11,"107.207375,-6.349685",2026-09-07 09:40:13,53.46 km/h,No,,,,,GPS,Pending,Not Reviewed,1171.35 km
2590000898,B 9979 SYM,,Headway Monitoring Warning,"Sankyu,PT",,Alarm End,Identity ID:'' ; Name:'' ; Type:HMW Forward absolute velocity collision ; satellites:18,2026-09-07 09:40:06,"107.208107,-6.349926",2026-09-07 09:40:06,"107.208107,-6.349926",2026-09-07 09:40:08,51.41 km/h,No,,,,,GPS,Pending,Not Reviewed,1171.22 km
2590000898,B 9979 SYM,,Headway Monitoring Warning,"Sankyu,PT",,Alarm End,Identity ID:'' ; Name:'' ; Type:HMW Forward absolute velocity collision ; satellites:17,2026-09-07 09:40:01,"107.208733,-6.350117",2026-09-07 09:40:01,"107.208733,-6.350117",2026-09-07 09:40:03,53.09 km/h,No,,,,,GPS,Pending,Not Reviewed,1171.22 km
2590000898,B 9979 SYM,,Headway Monitoring Warning,"Sankyu,PT",,Alarm End,Identity ID:'' ; Name:'' ; Type:HMW Forward absolute velocity collision ; satellites:18,2026-09-07 09:39:56,"107.209251,-6.350262",2026-09-07 09:39:56,"107.209251,-6.350262",2026-09-07 09:39:59,54.27 km/h,No,,,,,GPS,Pending,Not Reviewed,1171.08 km
2590000898,B 9979 SYM,,Lane Departure Warning,"Sankyu,PT",,Alarm End,Identity ID:'' ; Name:'' ; Type:Lane departure ; satellites:22,2026-09-07 09:38:30,"107.221512,-6.35287",2026-09-07 09:38:30,"107.221512,-6.35287",2026-09-07 09:38:32,62.49 km/h,No,,,,,GPS,Pending,Not Reviewed,1169.77 km
2590000898,B 9979 SYM,,Headway Monitoring Warning,"Sankyu,PT",,Alarm End,Identity ID:'' ; Name:'' ; Type:HMW Forward absolute velocity collision ; satellites:20,2026-09-07 09:37:36,"107.22966,-6.354602",2026-09-07 09:37:36,"107.22966,-6.354602",2026-09-07 09:37:38,45.25 km/h,No,,,,,GPS,Pending,Not Reviewed,1168.87 km
2590000898,B 9979 SYM,,Headway Monitoring Warning,"Sankyu,PT",,Alarm End,Identity ID:'' ; Name:'' ; Type:HMW Forward absolute velocity collision ; satellites:20,2026-09-07 09:37:31,"107.230255,-6.354723",2026-09-07 09:37:31,"107.230255,-6.354723",2026-09-07 09:37:33,47.26 km/h,No,,,,,GPS,Pending,Not Reviewed,1168.76 km
2590000898,B 9979 SYM,,Headway Monitoring Warning,"Sankyu,PT",,Alarm End,Identity ID:'' ; Name:'' ; Type:HMW Forward absolute velocity collision ; satellites:20,2026-09-07 09:36:10,"107.24218,-6.354267",2026-09-07 09:36:10,"107.24218,-6.354267",2026-09-07 09:36:12,54.46 km/h,No,,,,,GPS,Pending,Not Reviewed,1167.38 km
2590000898,B 9979 SYM,,Headway Monitoring Warning,"Sankyu,PT",,Alarm End,Identity ID:'' ; Name:'' ; Type:HMW Forward absolute velocity collision ; satellites:18,2026-09-07 09:36:05,"107.242859,-6.354062",2026-09-07 09:36:05,"107.242859,-6.354062",2026-09-07 09:36:07,52.65 km/h,No,,,,,GPS,Pending,Not Reviewed,1167.38 km
2590000898,B 9979 SYM,,Forward Collision Warning,"Sankyu,PT",,Alarm End,Identity ID:'' ; Name:'' ; Type:FCW Forward relative velocity collision ; satellites:18,2026-09-07 09:36:00,"107.243355,-6.353923",2026-09-07 09:36:00,"107.243355,-6.353923",2026-09-07 09:36:02,50.32 km/h,No,,,,,GPS,Pending,Not Reviewed,1167.24 km
2590000898,B 9979 SYM,,Headway Monitoring Warning,"Sankyu,PT",,Alarm End,Identity ID:'' ; Name:'' ; Type:HMW Forward absolute velocity collision ; satellites:18,2026-09-07 09:36:00,"107.243355,-6.353923",2026-09-07 09:36:00,"107.243355,-6.353923",2026-09-07 09:36:02,50.32 km/h,No,,,,,GPS,Pending,Not Reviewed,1167.24 km
2590000898,B 9979 SYM,,Lane Departure Warning,"Sankyu,PT",,Alarm End,Identity ID:'' ; Name:'' ; Type:Lane departure ; satellites:17,2026-09-07 09:35:50,"107.244667,-6.35351",2026-09-07 09:35:50,"107.244667,-6.35351",2026-09-07 09:35:52,61.1 km/h,No,,,,,GPS,Pending,Not Reviewed,1167.09 km
2590000898,B 9979 SYM,,Headway Monitoring Warning,"Sankyu,PT",,Alarm End,Identity ID:'' ; Name:'' ; Type:HMW Forward absolute velocity collision ; satellites:15,2026-09-07 09:35:36,"107.246658,-6.35272",2026-09-07 09:35:36,"107.246658,-6.35272",2026-09-07 09:35:38,61.69 km/h,No,,,,,GPS,Pending,Not Reviewed,1166.94 km
2590000898,B 9979 SYM,,Headway Monitoring Warning,"Sankyu,PT",,Alarm End,Identity ID:'' ; Name:'' ; Type:HMW Forward absolute velocity collision ; satellites:17,2026-09-07 09:35:26,"107.248207,-6.35203",2026-09-07 09:35:26,"107.248207,-6.35203",2026-09-07 09:35:28,54.35 km/h,No,,,,,GPS,Pending,Not Reviewed,1166.7 km
2590000898,B 9979 SYM,,Headway Monitoring Warning,"Sankyu,PT",,Alarm End,Identity ID:'' ; Name:'' ; Type:HMW Forward absolute velocity collision ; satellites:16,2026-09-07 09:35:18,"107.249146,-6.35159",2026-09-07 09:35:18,"107.249146,-6.35159",2026-09-07 09:35:20,52.09 km/h,No,,,,,GPS,Pending,Not Reviewed,1166.57 km
2590000898,B 9979 SYM,,Headway Monitoring Warning,"Sankyu,PT",,Alarm End,Identity ID:'' ; Name:'' ; Type:HMW Forward absolute velocity collision ; satellites:15,2026-09-07 09:35:11,"107.249924,-6.35125",2026-09-07 09:35:11,"107.249924,-6.35125",2026-09-07 09:35:13,48.69 km/h,No,,,,,GPS,Pending,Not Reviewed,1166.57 km
2590000898,B 9979 SYM,,Headway Monitoring Warning,"Sankyu,PT",,Alarm End,Identity ID:'' ; Name:'' ; Type:HMW Forward absolute velocity collision ; satellites:16,2026-09-07 09:35:06,"107.250488,-6.351022",2026-09-07 09:35:06,"107.250488,-6.351022",2026-09-07 09:35:08,49.78 km/h,No,,,,,GPS,Pending,Not Reviewed,1166.45 km
2590000898,B 9979 SYM,,Headway Monitoring Warning,"Sankyu,PT",,Alarm End,Identity ID:'' ; Name:'' ; Type:HMW Forward absolute velocity collision ; satellites:19,2026-09-07 09:35:01,"107.251068,-6.350787",2026-09-07 09:35:01,"107.251068,-6.350787",2026-09-07 09:35:03,48.41 km/h,No,,,,,GPS,Pending,Not Reviewed,1166.33 km
2590000898,B 9979 SYM,,Headway Monitoring Warning,"Sankyu,PT",,Alarm End,Identity ID:'' ; Name:'' ; Type:HMW Forward absolute velocity collision ; satellites:18,2026-09-07 09:34:54,"107.251854,-6.350463",2026-09-07 09:34:54,"107.251854,-6.350463",2026-09-07 09:34:56,47.58 km/h,No,,,,,GPS,Pending,Not Reviewed,1166.33 km
2590000898,B 9979 SYM,,Headway Monitoring Warning,"Sankyu,PT",,Alarm End,Identity ID:'' ; Name:'' ; Type:HMW Forward absolute velocity collision ; satellites:18,2026-09-07 09:34:49,"107.252434,-6.350244",2026-09-07 09:34:49,"107.252434,-6.350244",2026-09-07 09:34:51,46.54 km/h,No,,,,,GPS,Pending,Not Reviewed,1166.21 km
2590000898,B 9979 SYM,,Headway Monitoring Warning,"Sankyu,PT",,Alarm End,Identity ID:'' ; Name:'' ; Type:HMW Forward absolute velocity collision ; satellites:17,2026-09-07 09:34:44,"107.252983,-6.350059",2026-09-07 09:34:44,"107.252983,-6.350059",2026-09-07 09:34:46,46.84 km/h,No,,,,,GPS,Pending,Not Reviewed,1166.21 km
2590000898,B 9979 SYM,,Headway Monitoring Warning,"Sankyu,PT",,Alarm End,Identity ID:'' ; Name:'' ; Type:HMW Forward absolute velocity collision ; satellites:17,2026-09-07 09:34:39,"107.25354,-6.349858",2026-09-07 09:34:39,"107.25354,-6.349858",2026-09-07 09:34:41,48.61 km/h,No,,,,,GPS,Pending,Not Reviewed,1166.09 km
2590000898,B 9979 SYM,,Headway Monitoring Warning,"Sankyu,PT",,Alarm End,Identity ID:'' ; Name:'' ; Type:HMW Forward absolute velocity collision ; satellites:19,2026-09-07 09:34:34,"107.254074,-6.349683",2026-09-07 09:34:34,"107.254074,-6.349683",2026-09-07 09:34:36,45.56 km/h,No,,,,,GPS,Pending,Not Reviewed,1165.98 km
2590000898,B 9979 SYM,,Headway Monitoring Warning,"Sankyu,PT",,Alarm End,Identity ID:'' ; Name:'' ; Type:HMW Forward absolute velocity collision ; satellites:18,2026-09-07 09:34:29,"107.254654,-6.349548",2026-09-07 09:34:29,"107.254654,-6.349548",2026-09-07 09:34:31,45.17 km/h,No,,,,,GPS,Pending,Not Reviewed,1165.98 km
2590000898,B 9979 SYM,,Headway Monitoring Warning,"Sankyu,PT",,Alarm End,Identity ID:'' ; Name:'' ; Type:HMW Forward absolute velocity collision ; satellites:18,2026-09-07 09:34:20,"107.255539,-6.34934",2026-09-07 09:34:20,"107.255539,-6.34934",2026-09-07 09:34:22,46.56 km/h,No,,,,,GPS,Pending,Not Reviewed,1165.87 km
2590000898,B 9979 SYM,,Headway Monitoring Warning,"Sankyu,PT",,Alarm End,Identity ID:'' ; Name:'' ; Type:HMW Forward absolute velocity collision ; satellites:18,2026-09-07 09:34:14,"107.25631,-6.34918",2026-09-07 09:34:14,"107.25631,-6.34918",2026-09-07 09:34:16,44.78 km/h,No,,,,,GPS,Pending,Not Reviewed,1165.76 km
2590000898,B 9979 SYM,,Headway Monitoring Warning,"Sankyu,PT",,Alarm End,Identity ID:'' ; Name:'' ; Type:HMW Forward absolute velocity collision ; satellites:19,2026-09-07 09:34:09,"107.256874,-6.349075",2026-09-07 09:34:09,"107.256874,-6.349075",2026-09-07 09:34:11,42.51 km/h,No,,,,,GPS,Pending,Not Reviewed,1165.76 km
2590000898,B 9979 SYM,,Headway Monitoring Warning,"Sankyu,PT",,Alarm End,Identity ID:'' ; Name:'' ; Type:HMW Forward absolute velocity collision ; satellites:20,2026-09-07 09:34:04,"107.257423,-6.34899",2026-09-07 09:34:04,"107.257423,-6.34899",2026-09-07 09:34:06,45.91 km/h,No,,,,,GPS,Pending,Not Reviewed,1165.63 km
2590000898,B 9979 SYM,,Headway Monitoring Warning,"Sankyu,PT",,Alarm End,Identity ID:'' ; Name:'' ; Type:HMW Forward absolute velocity collision ; satellites:18,2026-09-07 09:33:59,"107.25798,-6.348923",2026-09-07 09:33:59,"107.25798,-6.348923",2026-09-07 09:34:01,45.51 km/h,No,,,,,GPS,Pending,Not Reviewed,1165.63 km
2590000898,B 9979 SYM,,Headway Monitoring Warning,"Sankyu,PT",,Alarm End,Identity ID:'' ; Name:'' ; Type:HMW Forward absolute velocity collision ; satellites:17,2026-09-07 09:33:54,"107.258507,-6.348825",2026-09-07 09:33:54,"107.258507,-6.348825",2026-09-07 09:33:56,43.6 km/h,No,,,,,GPS,Pending,Not Reviewed,1165.52 km
2590000898,B 9979 SYM,,Headway Monitoring Warning,"Sankyu,PT",,Alarm End,Identity ID:'' ; Name:'' ; Type:HMW Forward absolute velocity collision ; satellites:14,2026-09-07 09:33:49,"107.259048,-6.348782",2026-09-07 09:33:49,"107.259048,-6.348782",2026-09-07 09:33:51,42.67 km/h,No,,,,,GPS,Pending,Not Reviewed,1165.52 km
2590000898,B 9979 SYM,,Headway Monitoring Warning,"Sankyu,PT",,Alarm End,Identity ID:'' ; Name:'' ; Type:HMW Forward absolute velocity collision ; satellites:15,2026-09-07 09:33:44,"107.25959,-6.34872",2026-09-07 09:33:44,"107.25959,-6.34872",2026-09-07 09:33:46,41.47 km/h,No,,,,,GPS,Pending,Not Reviewed,1165.41 km
2590000898,B 9979 SYM,,Headway Monitoring Warning,"Sankyu,PT",,Alarm End,Identity ID:'' ; Name:'' ; Type:HMW Forward absolute velocity collision ; satellites:16,2026-09-07 09:33:39,"107.260124,-6.348683",2026-09-07 09:33:39,"107.260124,-6.348683",2026-09-07 09:33:41,43.66 km/h,No,,,,,GPS,Pending,Not Reviewed,1165.3 km
2590000898,B 9979 SYM,,Headway Monitoring Warning,"Sankyu,PT",,Alarm End,Identity ID:'' ; Name:'' ; Type:HMW Forward absolute velocity collision ; satellites:17,2026-09-07 09:33:34,"107.260689,-6.348667",2026-09-07 09:33:34,"107.260689,-6.348667",2026-09-07 09:33:36,45.51 km/h,No,,,,,GPS,Pending,Not Reviewed,1165.3 km
2590000898,B 9979 SYM,,Headway Monitoring Warning,"Sankyu,PT",,Alarm End,Identity ID:'' ; Name:'' ; Type:HMW Forward absolute velocity collision ; satellites:18,2026-09-07 09:33:28,"107.261398,-6.34866",2026-09-07 09:33:28,"107.261398,-6.34866",2026-09-07 09:33:30,45.63 km/h,No,,,,,GPS,Pending,Not Reviewed,1165.19 km
2590000898,B 9979 SYM,,Headway Monitoring Warning,"Sankyu,PT",,Alarm End,Identity ID:'' ; Name:'' ; Type:HMW Forward absolute velocity collision ; satellites:19,2026-09-07 09:33:23,"107.262009,-6.348678",2026-09-07 09:33:23,"107.262009,-6.348678",2026-09-07 09:33:25,48.34 km/h,No,,,,,GPS,Pending,Not Reviewed,1165.19 km
2590000898,B 9979 SYM,,Headway Monitoring Warning,"Sankyu,PT",,Alarm End,Identity ID:'' ; Name:'' ; Type:HMW Forward absolute velocity collision ; satellites:18,2026-09-07 09:33:18,"107.262596,-6.348693",2026-09-07 09:33:18,"107.262596,-6.348693",2026-09-07 09:33:20,46.39 km/h,No,,,,,GPS,Pending,Not Reviewed,1165.07 km
2590000898,B 9979 SYM,,Headway Monitoring Warning,"Sankyu,PT",,Alarm End,Identity ID:'' ; Name:'' ; Type:HMW Forward absolute velocity collision ; satellites:19,2026-09-07 09:33:13,"107.263161,-6.348722",2026-09-07 09:33:13,"107.263161,-6.348722",2026-09-07 09:33:15,43.29 km/h,No,,,,,GPS,Pending,Not Reviewed,1165.07 km
2590000898,B 9979 SYM,,Headway Monitoring Warning,"Sankyu,PT",,Alarm End,Identity ID:'' ; Name:'' ; Type:HMW Forward absolute velocity collision ; satellites:18,2026-09-07 09:33:08,"107.263695,-6.348752",2026-09-07 09:33:08,"107.263695,-6.348752",2026-09-07 09:33:10,47.19 km/h,No,,,,,GPS,Pending,Not Reviewed,1164.95 km
2590000898,B 9979 SYM,,Lane Departure Warning,"Sankyu,PT",,Alarm End,Identity ID:'' ; Name:'' ; Type:Lane departure ; satellites:19,2026-09-07 09:33:04,"107.264069,-6.348757",2026-09-07 09:33:04,"107.264069,-6.348757",2026-09-07 09:33:06,52.11 km/h,No,,,,,GPS,Pending,Not Reviewed,1164.95 km
2590000898,B 9979 SYM,,Headway Monitoring Warning,"Sankyu,PT",,Alarm End,Identity ID:'' ; Name:'' ; Type:HMW Forward absolute velocity collision ; satellites:19,2026-09-07 09:33:03,"107.264206,-6.348765",2026-09-07 09:33:03,"107.264206,-6.348765",2026-09-07 09:33:05,53.61 km/h,No,,,,,GPS,Pending,Not Reviewed,1164.95 km
2590000898,B 9979 SYM,,Headway Monitoring Warning,"Sankyu,PT",,Alarm End,Identity ID:'' ; Name:'' ; Type:HMW Forward absolute velocity collision ; satellites:19,2026-09-07 09:29:23,"107.293671,-6.350362",2026-09-07 09:29:23,"107.293671,-6.350362",2026-09-07 09:29:25,52.48 km/h,No,,,,,GPS,Pending,Not Reviewed,1161.66 km
2590000898,B 9979 SYM,,Headway Monitoring Warning,"Sankyu,PT",,Alarm End,Identity ID:'' ; Name:'' ; Type:HMW Forward absolute velocity collision ; satellites:19,2026-09-07 09:29:18,"107.294319,-6.350355",2026-09-07 09:29:18,"107.294319,-6.350355",2026-09-07 09:29:20,49.22 km/h,No,,,,,GPS,Pending,Not Reviewed,1161.54 km
2590000898,B 9979 SYM,,Headway Monitoring Warning,"Sankyu,PT",,Alarm End,Identity ID:'' ; Name:'' ; Type:HMW Forward absolute velocity collision ; satellites:18,2026-09-07 09:29:10,"107.295273,-6.350412",2026-09-07 09:29:10,"107.295273,-6.350412",2026-09-07 09:29:12,47.76 km/h,No,,,,,GPS,Pending,Not Reviewed,1161.54 km
2590000898,B 9979 SYM,,Headway Monitoring Warning,"Sankyu,PT",,Alarm End,Identity ID:'' ; Name:'' ; Type:HMW Forward absolute velocity collision ; satellites:20,2026-09-07 09:29:03,"107.296158,-6.350455",2026-09-07 09:29:03,"107.296158,-6.350455",2026-09-07 09:29:05,52.94 km/h,No,,,,,GPS,Pending,Not Reviewed,1161.4 km
2590000898,B 9979 SYM,,Headway Monitoring Warning,"Sankyu,PT",,Alarm End,Identity ID:'' ; Name:'' ; Type:HMW Forward absolute velocity collision ; satellites:22,2026-09-07 09:28:58,"107.296822,-6.350497",2026-09-07 09:28:58,"107.296822,-6.350497",2026-09-07 09:29:00,53.33 km/h,No,,,,,GPS,Pending,Not Reviewed,1161.26 km
2590000898,B 9979 SYM,,Headway Monitoring Warning,"Sankyu,PT",,Alarm End,Identity ID:'' ; Name:'' ; Type:HMW Forward absolute velocity collision ; satellites:22,2026-09-07 09:28:53,"107.297493,-6.350535",2026-09-07 09:28:53,"107.297493,-6.350535",2026-09-07 09:28:55,54.39 km/h,No,,,,,GPS,Pending,Not Reviewed,1161.26 km
2590000898,B 9979 SYM,,Pedestrian Collision Warning,"Sankyu,PT",,Alarm End,Identity ID:'' ; Name:'' ; Type:Pedestrian collision ; satellites:22,2026-09-07 09:28:40,"107.29924,-6.350635",2026-09-07 09:28:40,"107.29924,-6.350635",2026-09-07 09:28:42,53.13 km/h,No,,,,,GPS,Pending,Not Reviewed,1161.0 km
2590000898,B 9979 SYM,,Lane Departure Warning,"Sankyu,PT",,Alarm End,Identity ID:'' ; Name:'' ; Type:Lane departure ; satellites:22,2026-09-07 09:28:37,"107.29966,-6.350667",2026-09-07 09:28:37,"107.29966,-6.350667",2026-09-07 09:28:39,53.18 km/h,No,,,,,GPS,Pending,Not Reviewed,1161.0 km
2590000898,B 9979 SYM,,Lane Departure Warning,"Sankyu,PT",,Alarm End,Identity ID:'' ; Name:'' ; Type:Lane departure ; satellites:21,2026-09-07 09:26:43,"107.315186,-6.351598",2026-09-07 09:26:43,"107.315186,-6.351598",2026-09-07 09:26:45,43.95 km/h,No,,,,,GPS,Pending,Not Reviewed,1159.23 km
2590000898,B 9979 SYM,,Forward Collision Warning,"Sankyu,PT",80 Kph [26:Polygon],Alarm End,Identity ID:'' ; Name:'' ; Type:FCW Forward relative velocity collision ; satellites:20,2026-09-07 08:59:02,"107.329033,-6.368598",2026-09-07 08:59:02,"107.329033,-6.368598",2026-09-07 08:59:04,37.88 km/h,No,,,,,GPS,Pending,Not Reviewed,1156.31 km
2590000898,B 9979 SYM,,Distracted Driving,"Sankyu,PT",80 Kph [26:Polygon],Alarm End,Identity ID:'' ; Name:'' ; Type:Distractions alarm ; satellites:19,2026-09-07 08:20:53,"107.322487,-6.371817",2026-09-07 08:20:53,"107.322487,-6.371817",2026-09-07 08:20:55,21.68 km/h,No,,,,,GPS,Pending,Not Reviewed,1150.69 km
2590000898,B 9979 SYM,,Lane Departure Warning,"Sankyu,PT",80 Kph [26:Polygon],Alarm End,Identity ID:'' ; Name:'' ; Type:Lane departure ; satellites:16,2026-09-07 08:14:35,"107.330284,-6.365817",2026-09-07 08:14:35,"107.330284,-6.365817",2026-09-07 08:14:37,31.87 km/h,No,,,,,GPS,Pending,Not Reviewed,1149.06 km
2590000898,B 9979 SYM,,Pedestrian Collision Warning,"Sankyu,PT",80 Kph [26:Polygon],Alarm End,Identity ID:'' ; Name:'' ; Type:Pedestrian collision ; satellites:16,2026-09-07 08:14:20,"107.330688,-6.36477",2026-09-07 08:14:20,"107.330688,-6.36477",2026-09-07 08:14:22,30.8 km/h,No,,,,,GPS,Pending,Not Reviewed,1148.95 km
2590000898,B 9979 SYM,,Lane Departure Warning,"Sankyu,PT",80 Kph [26:Polygon],Alarm End,Identity ID:'' ; Name:'' ; Type:Lane departure ; satellites:16,2026-09-07 08:14:12,"107.330872,-6.364138",2026-09-07 08:14:12,"107.330872,-6.364138",2026-09-07 08:14:14,34.31 km/h,No,,,,,GPS,Pending,Not Reviewed,1148.95 km
2590000898,B 9979 SYM,,Pedestrian Collision Warning,"Sankyu,PT",80 Kph [26:Polygon],Alarm End,Identity ID:'' ; Name:'' ; Type:Pedestrian collision ; satellites:16,2026-09-07 08:14:00,"107.331093,-6.363105",2026-09-07 08:14:00,"107.331093,-6.363105",2026-09-07 08:14:02,34.13 km/h,No,,,,,GPS,Pending,Not Reviewed,1148.84 km
2590000898,B 9979 SYM,,Lane Departure Warning,"Sankyu,PT",,Alarm End,Identity ID:'' ; Name:'' ; Type:Lane departure ; satellites:18,2026-09-07 08:12:23,"107.332428,-6.356717",2026-09-07 08:12:23,"107.332428,-6.356717",2026-09-07 08:12:25,41.42 km/h,No,,,,,GPS,Pending,Not Reviewed,1148.11 km
2590000898,B 9979 SYM,,Headway Monitoring Warning,"Sankyu,PT",,Alarm End,Identity ID:'' ; Name:'' ; Type:HMW Forward absolute velocity collision ; satellites:22,2026-09-07 08:11:23,"107.333214,-6.355192",2026-09-07 08:11:23,"107.333214,-6.355192",2026-09-07 08:11:25,47.43 km/h,No,,,,,GPS,Pending,Not Reviewed,1147.54 km
2590000898,B 9979 SYM,,Lane Departure Warning,"Sankyu,PT",,Alarm End,Identity ID:'' ; Name:'' ; Type:Lane departure ; satellites:21,2026-09-07 08:10:38,"107.327766,-6.353685",2026-09-07 08:10:38,"107.327766,-6.353685",2026-09-07 08:10:41,50.2 km/h,No,,,,,GPS,Pending,Not Reviewed,1146.9 km
2590000898,B 9979 SYM,,Lane Departure Warning,"Sankyu,PT",,Alarm End,Identity ID:'' ; Name:'' ; Type:Lane departure ; satellites:22,2026-09-07 08:10:28,"107.326538,-6.353416",2026-09-07 08:10:28,"107.326538,-6.353416",2026-09-07 08:10:31,51.37 km/h,No,,,,,GPS,Pending,Not Reviewed,1146.77 km
2590000898,B 9979 SYM,,Lane Departure Warning,"Sankyu,PT",,Alarm End,Identity ID:'' ; Name:'' ; Type:Lane departure ; satellites:21,2026-09-07 08:08:46,"107.313416,-6.351287",2026-09-07 08:08:46,"107.313416,-6.351287",2026-09-07 08:08:48,48.04 km/h,No,,,,,GPS,Pending,Not Reviewed,1145.23 km
2590000898,B 9979 SYM,,Headway Monitoring Warning,"Sankyu,PT",,Alarm End,Identity ID:'' ; Name:'' ; Type:HMW Forward absolute velocity collision ; satellites:21,2026-09-07 08:08:38,"107.312378,-6.351175",2026-09-07 08:08:38,"107.312378,-6.351175",2026-09-07 08:08:40,43.66 km/h,No,,,,,GPS,Pending,Not Reviewed,1145.12 km
2590000898,B 9979 SYM,,Headway Monitoring Warning,"Sankyu,PT",,Alarm End,Identity ID:'' ; Name:'' ; Type:HMW Forward absolute velocity collision ; satellites:22,2026-09-07 08:08:33,"107.311798,-6.351135",2026-09-07 08:08:33,"107.311798,-6.351135",2026-09-07 08:08:35,46.21 km/h,No,,,,,GPS,Pending,Not Reviewed,1145.12 km
2590000898,B 9979 SYM,,Headway Monitoring Warning,"Sankyu,PT",,Alarm End,Identity ID:'' ; Name:'' ; Type:HMW Forward absolute velocity collision ; satellites:21,2026-09-07 08:08:28,"107.311348,-6.3511",2026-09-07 08:08:28,"107.311348,-6.3511",2026-09-07 08:08:30,46.21 km/h,No,,,,,GPS,Pending,Not Reviewed,1145.0 km
2590000898,B 9979 SYM,,Lane Departure Warning,"Sankyu,PT",,Alarm End,Identity ID:'' ; Name:'' ; Type:Lane departure ; satellites:22,2026-09-07 08:06:56,"107.299347,-6.350413",2026-09-07 08:06:56,"107.299347,-6.350413",2026-09-07 08:06:58,53.74 km/h,No,,,,,GPS,Pending,Not Reviewed,1143.69 km
2590000898,B 9979 SYM,,Lane Departure Warning,"Sankyu,PT",,Alarm End,Identity ID:'' ; Name:'' ; Type:Lane departure ; satellites:21,2026-09-07 08:05:52,"107.291016,-6.350012",2026-09-07 08:05:52,"107.291016,-6.350012",2026-09-07 08:05:54,48.28 km/h,No,,,,,GPS,Pending,Not Reviewed,1142.78 km
2590000898,B 9979 SYM,,Headway Monitoring Warning,"Sankyu,PT",,Alarm End,Identity ID:'' ; Name:'' ; Type:HMW Forward absolute velocity collision ; satellites:21,2026-09-07 08:05:05,"107.285172,-6.34965",2026-09-07 08:05:05,"107.285172,-6.34965",2026-09-07 08:05:07,51.31 km/h,No,,,,,GPS,Pending,Not Reviewed,1142.17 km
2590000898,B 9979 SYM,,Lane Departure Warning,"Sankyu,PT",,Alarm End,Identity ID:'' ; Name:'' ; Type:Lane departure ; satellites:20,2026-09-07 08:01:46,"107.258957,-6.348637",2026-09-07 08:01:46,"107.258957,-6.348637",2026-09-07 08:01:48,49.41 km/h,No,,,,,GPS,Pending,Not Reviewed,1139.28 km
2590000898,B 9979 SYM,,Distracted Driving,"Sankyu,PT",,Alarm End,Identity ID:'' ; Name:'' ; Type:Distractions alarm ; satellites:20,2026-09-07 08:01:26,"107.25647,-6.348989",2026-09-07 08:01:26,"107.25647,-6.348989",2026-09-07 08:01:28,50.87 km/h,No,,,,,GPS,Pending,Not Reviewed,1139.03 km
2590000898,B 9979 SYM,,Headway Monitoring Warning,"Sankyu,PT",,Alarm End,Identity ID:'' ; Name:'' ; Type:HMW Forward absolute velocity collision ; satellites:20,2026-09-07 08:01:18,"107.255455,-6.349195",2026-09-07 08:01:18,"107.255455,-6.349195",2026-09-07 08:01:25,51.15 km/h,No,,,,,GPS,Pending,Not Reviewed,1138.9 km
2590000898,B 9979 SYM,,Headway Monitoring Warning,"Sankyu,PT",,Alarm End,Identity ID:'' ; Name:'' ; Type:HMW Forward absolute velocity collision ; satellites:20,2026-09-07 08:00:27,"107.249451,-6.351305",2026-09-07 08:00:27,"107.249451,-6.351305",2026-09-07 08:00:29,48.5 km/h,No,,,,,GPS,Pending,Not Reviewed,1138.16 km
2590000898,B 9979 SYM,,Headway Monitoring Warning,"Sankyu,PT",,Alarm End,Identity ID:'' ; Name:'' ; Type:HMW Forward absolute velocity collision ; satellites:19,2026-09-07 07:58:18,"107.233833,-6.355018",2026-09-07 07:58:18,"107.233833,-6.355018",2026-09-07 07:58:20,50.91 km/h,No,,,,,GPS,Pending,Not Reviewed,1136.4 km
2590000898,B 9979 SYM,,Forward Collision Warning,"Sankyu,PT",,Alarm End,Identity ID:'' ; Name:'' ; Type:FCW Forward relative velocity collision ; satellites:21,2026-09-07 07:57:27,"107.227348,-6.354",2026-09-07 07:57:27,"107.227348,-6.354",2026-09-07 07:57:29,51.18 km/h,No,,,,,GPS,Pending,Not Reviewed,1135.64 km
2590000898,B 9979 SYM,,Lane Departure Warning,"Sankyu,PT",,Alarm End,Identity ID:'' ; Name:'' ; Type:Lane departure ; satellites:16,2026-09-07 07:55:12,"107.209938,-6.350315",2026-09-07 07:55:12,"107.209938,-6.350315",2026-09-07 07:55:14,52.81 km/h,No,,,,,GPS,Pending,Not Reviewed,1133.64 km
2590000898,B 9979 SYM,,Lane Departure Warning,"Sankyu,PT",,Alarm End,Identity ID:'' ; Name:'' ; Type:Lane departure ; satellites:19,2026-09-07 07:54:41,"107.206116,-6.34911",2026-09-07 07:54:41,"107.206116,-6.34911",2026-09-07 07:54:43,51.55 km/h,No,,,,,GPS,Pending,Not Reviewed,1133.26 km
2590000898,B 9979 SYM,,Headway Monitoring Warning,"Sankyu,PT",,Alarm End,Identity ID:'' ; Name:'' ; Type:HMW Forward absolute velocity collision ; satellites:16,2026-09-07 07:53:00,"107.195343,-6.341702",2026-09-07 07:53:00,"107.195343,-6.341702",2026-09-07 07:53:02,52.24 km/h,No,,,,,GPS,Pending,Not Reviewed,1131.85 km
2590000898,B 9979 SYM,,Lane Departure Warning,"Sankyu,PT",,Alarm End,Identity ID:'' ; Name:'' ; Type:Lane departure ; satellites:17,2026-09-07 07:52:20,"107.191078,-6.338682",2026-09-07 07:52:20,"107.191078,-6.338682",2026-09-07 07:52:22,49.32 km/h,No,,,,,GPS,Pending,Not Reviewed,1131.2 km
2590000898,B 9979 SYM,,Lane Departure Warning,"Sankyu,PT",,Alarm End,Identity ID:'' ; Name:'' ; Type:Lane departure ; satellites:17,2026-09-07 07:52:05,"107.189529,-6.337855",2026-09-07 07:52:05,"107.189529,-6.337855",2026-09-07 07:52:07,48.47 km/h,No,,,,,GPS,Pending,Not Reviewed,1131.07 km
2590000898,B 9979 SYM,,Lane Departure Warning,"Sankyu,PT",,Alarm End,Identity ID:'' ; Name:'' ; Type:Lane departure ; satellites:17,2026-09-07 07:50:27,"107.185379,-6.339512",2026-09-07 07:50:27,"107.185379,-6.339512",2026-09-07 07:50:29,46.26 km/h,No,,,,,GPS,Pending,Not Reviewed,1129.81 km
2590000898,B 9979 SYM,,Lane Departure Warning,"Sankyu,PT",,Alarm End,Identity ID:'' ; Name:'' ; Type:Lane departure ; satellites:16,2026-09-07 07:50:17,"107.18544,-6.340637",2026-09-07 07:50:17,"107.18544,-6.340637",2026-09-07 07:50:19,43.27 km/h,No,,,,,GPS,Pending,Not Reviewed,1129.7 km
2590000898,B 9979 SYM,,Lane Departure Warning,"Sankyu,PT",80 Kph [26:Polygon],Alarm End,Identity ID:'' ; Name:'' ; Type:Lane departure ; satellites:15,2026-09-07 07:48:41,"107.183655,-6.351578",2026-09-07 07:48:41,"107.183655,-6.351578",2026-09-07 07:48:44,46.58 km/h,No,,,,,GPS,Pending,Not Reviewed,1128.48 km
2590000898,B 9979 SYM,,Pedestrian Collision Warning,"Sankyu,PT",80 Kph [26:Polygon],Alarm End,Identity ID:'' ; Name:'' ; Type:Pedestrian collision ; satellites:14,2026-09-07 07:47:48,"107.18132,-6.356853",2026-09-07 07:47:48,"107.18132,-6.356853",2026-09-07 07:47:50,47.74 km/h,No,,,,,GPS,Pending,Not Reviewed,1127.75 km
2590000898,B 9979 SYM,,Pedestrian Collision Warning,"Sankyu,PT",80 Kph [26:Polygon],Alarm End,Identity ID:'' ; Name:'' ; Type:Pedestrian collision ; satellites:16,2026-09-07 07:47:11,"107.17997,-6.360602",2026-09-07 07:47:11,"107.17997,-6.360602",2026-09-07 07:47:13,41.32 km/h,No,,,,,GPS,Pending,Not Reviewed,1127.37 km
2590000898,B 9979 SYM,,Pedestrian Collision Warning,"Sankyu,PT",80 Kph [26:Polygon],Alarm End,Identity ID:'' ; Name:'' ; Type:Pedestrian collision ; satellites:13,2026-09-07 07:44:27,"107.17614,-6.371723",2026-09-07 07:44:27,"107.17614,-6.371723",2026-09-07 07:44:29,40.21 km/h,No,,,,,GPS,Pending,Not Reviewed,1126.0 km
2590000898,B 9979 SYM,,Eyes Closed,"Sankyu,PT",80 Kph [26:Polygon],Alarm End,Identity ID:'' ; Name:'' ; Type:Eyes closed ; satellites:13,2026-09-07 07:44:06,"107.176758,-6.3735",2026-09-07 07:44:06,"107.176758,-6.3735",2026-09-07 07:44:08,30.69 km/h,No,,,,,GPS,Pending,Not Reviewed,1125.89 km
2590000898,B 9979 SYM,,Eyes Closed,"Sankyu,PT",80 Kph [26:Polygon],Alarm End,Identity ID:'' ; Name:'' ; Type:Eyes closed ; satellites:13,2026-09-07 07:41:59,"107.175537,-6.380375",2026-09-07 07:41:59,"107.175537,-6.380375",2026-09-07 07:42:01,25.71 km/h,No,,,,,GPS,Pending,Not Reviewed,1124.83 km
2590000898,B 9979 SYM,,Forward Collision Warning,"Sankyu,PT",80 Kph [26:Polygon],Alarm End,Identity ID:'' ; Name:'' ; Type:FCW Forward relative velocity collision ; satellites:19,2026-09-04 09:11:35,"107.178162,-6.375842",2026-09-04 09:11:35,"107.178162,-6.375842",2026-09-04 09:11:42,28.89 km/h,No,,,,,GPS,Pending,Not Reviewed,1109.53 km
2590000898,B 9979 SYM,,Distracted Driving,"Sankyu,PT",80 Kph [26:Polygon],Alarm End,Identity ID:'' ; Name:'' ; Type:Distractions alarm ; satellites:6,2026-09-04 02:40:24,"107.158371,-6.388938",2026-09-04 02:40:24,"107.158371,-6.388938",2026-09-04 01:41:06,19.27 km/h,No,,,,,GPS,Pending,Not Reviewed,1107.34 km
2590000898,B 9979 SYM,,Eyes Closed,"Sankyu,PT",80 Kph [26:Polygon],Alarm End,Identity ID:'' ; Name:'' ; Type:Eyes closed ; satellites:21,2026-09-03 17:54:57,"107.163147,-6.390165",2026-09-03 17:54:57,"107.163147,-6.390165",2026-09-03 16:54:59,28.93 km/h,No,,,,,GPS,Pending,Not Reviewed,1105.94 km
2590000898,B 9979 SYM,,Eyes Closed,"Sankyu,PT",80 Kph [26:Polygon],Alarm End,Identity ID:'' ; Name:'' ; Type:Eyes closed ; satellites:21,2026-09-03 17:54:09,"107.165581,-6.388252",2026-09-03 17:54:09,"107.165581,-6.388252",2026-09-03 16:54:11,33.33 km/h,No,,,,,GPS,Pending,Not Reviewed,1105.69 km
2590000898,B 9979 SYM,,Headway Monitoring Warning,"Sankyu,PT",80 Kph [26:Polygon],Alarm End,Identity ID:'' ; Name:'' ; Type:HMW Forward absolute velocity collision ; satellites:20,2026-09-03 17:52:00,"107.173744,-6.381922",2026-09-03 17:52:00,"107.173744,-6.381922",2026-09-03 16:52:02,45.97 km/h,No,,,,,GPS,Pending,Not Reviewed,1104.47 km
2590000898,B 9979 SYM,,Eyes Closed,"Sankyu,PT",80 Kph [26:Polygon],Alarm End,Identity ID:'' ; Name:'' ; Type:Eyes closed ; satellites:21,2026-09-03 17:51:43,"107.17524,-6.380767",2026-09-03 17:51:43,"107.17524,-6.380767",2026-09-03 16:51:45,43.12 km/h,No,,,,,GPS,Pending,Not Reviewed,1104.35 km
2590000898,B 9979 SYM,,Headway Monitoring Warning,"Sankyu,PT",80 Kph [26:Polygon],Alarm End,Identity ID:'' ; Name:'' ; Type:HMW Forward absolute velocity collision ; satellites:18,2026-09-03 17:47:02,"107.178253,-6.368518",2026-09-03 17:47:02,"107.178253,-6.368518",2026-09-03 16:47:04,46.12 km/h,No,,,,,GPS,Pending,Not Reviewed,1101.49 km
2590000898,B 9979 SYM,,Eyes Closed,"Sankyu,PT",80 Kph [26:Polygon],Alarm End,Identity ID:'' ; Name:'' ; Type:Eyes closed ; satellites:18,2026-09-03 17:46:10,"107.179733,-6.362617",2026-09-03 17:46:10,"107.179733,-6.362617",2026-09-03 16:46:12,47.93 km/h,No,,,,,GPS,Pending,Not Reviewed,1100.77 km
2590000898,B 9979 SYM,,Headway Monitoring Warning,"Sankyu,PT",80 Kph [26:Polygon],Alarm End,Identity ID:'' ; Name:'' ; Type:HMW Forward absolute velocity collision ; satellites:18,2026-09-03 17:44:58,"107.182777,-6.353887",2026-09-03 17:44:58,"107.182777,-6.353887",2026-09-03 16:44:59,56.44 km/h,No,,,,,GPS,Pending,Not Reviewed,1099.73 km
2590000898,B 9979 SYM,,Headway Monitoring Warning,"Sankyu,PT",80 Kph [26:Polygon],Alarm End,Identity ID:'' ; Name:'' ; Type:HMW Forward absolute velocity collision ; satellites:18,2026-09-03 17:44:53,"107.183067,-6.353235",2026-09-03 17:44:53,"107.183067,-6.353235",2026-09-03 16:44:54,58.1 km/h,No,,,,,GPS,Pending,Not Reviewed,1099.73 km
2590000898,B 9979 SYM,,Headway Monitoring Warning,"Sankyu,PT",80 Kph [26:Polygon],Alarm End,Identity ID:'' ; Name:'' ; Type:HMW Forward absolute velocity collision ; satellites:19,2026-09-03 17:44:48,"107.183357,-6.352578",2026-09-03 17:44:48,"107.183357,-6.352578",2026-09-03 16:44:49,59.49 km/h,No,,,,,GPS,Pending,Not Reviewed,1099.58 km
2590000898,B 9979 SYM,,Headway Monitoring Warning,"Sankyu,PT",80 Kph [26:Polygon],Alarm End,Identity ID:'' ; Name:'' ; Type:HMW Forward absolute velocity collision ; satellites:20,2026-09-03 17:44:43,"107.183693,-6.351902",2026-09-03 17:44:43,"107.183693,-6.351902",2026-09-03 16:44:45,57.12 km/h,No,,,,,GPS,Pending,Not Reviewed,1099.58 km
2590000898,B 9979 SYM,,Headway Monitoring Warning,"Sankyu,PT",80 Kph [26:Polygon],Alarm End,Identity ID:'' ; Name:'' ; Type:HMW Forward absolute velocity collision ; satellites:19,2026-09-03 17:44:15,"107.185013,-6.348947",2026-09-03 17:44:15,"107.185013,-6.348947",2026-09-03 16:44:17,44.62 km/h,No,,,,,GPS,Pending,Not Reviewed,1099.23 km
2590000898,B 9979 SYM,,Distracted Driving,"Sankyu,PT",,Alarm End,Identity ID:'' ; Name:'' ; Type:Distractions alarm ; satellites:19,2026-09-03 17:41:26,"107.183853,-6.335513",2026-09-03 17:41:26,"107.183853,-6.335513",2026-09-03 16:41:28,38.81 km/h,No,,,,,GPS,Pending,Not Reviewed,1097.53 km
2590000898,B 9979 SYM,,Headway Monitoring Warning,"Sankyu,PT",,Alarm End,Identity ID:'' ; Name:'' ; Type:HMW Forward absolute velocity collision ; satellites:16,2026-09-03 17:40:50,"107.179932,-6.334297",2026-09-03 17:40:50,"107.179932,-6.334297",2026-09-03 16:40:52,48.43 km/h,No,,,,,GPS,Pending,Not Reviewed,1097.06 km
2590000898,B 9979 SYM,,Headway Monitoring Warning,"Sankyu,PT",,Alarm End,Identity ID:'' ; Name:'' ; Type:HMW Forward absolute velocity collision ; satellites:18,2026-09-03 17:37:42,"107.158852,-6.325692",2026-09-03 17:37:42,"107.158852,-6.325692",2026-09-03 16:37:43,53.79 km/h,No,,,,,GPS,Pending,Not Reviewed,1094.56 km
2590000898,B 9979 SYM,,Eyes Closed,"Sankyu,PT",,Alarm End,Identity ID:'' ; Name:'' ; Type:Eyes closed ; satellites:15,2026-09-03 17:36:57,"107.153397,-6.322603",2026-09-03 17:36:57,"107.153397,-6.322603",2026-09-03 16:36:59,52.87 km/h,No,,,,,GPS,Pending,Not Reviewed,1093.87 km
2590000898,B 9979 SYM,,Eyes Closed,"Sankyu,PT",,Alarm End,Identity ID:'' ; Name:'' ; Type:Eyes closed ; satellites:14,2026-09-03 17:36:41,"107.151604,-6.321625",2026-09-03 17:36:41,"107.151604,-6.321625",2026-09-03 16:36:43,55.22 km/h,No,,,,,GPS,Pending,Not Reviewed,1093.59 km
2590000898,B 9979 SYM,,Headway Monitoring Warning,"Sankyu,PT",,Alarm End,Identity ID:'' ; Name:'' ; Type:HMW Forward absolute velocity collision ; satellites:13,2026-09-03 17:36:38,"107.151123,-6.321333",2026-09-03 17:36:38,"107.151123,-6.321333",2026-09-03 16:36:39,53.87 km/h,No,,,,,GPS,Pending,Not Reviewed,1093.46 km
2590000898,B 9979 SYM,,Headway Monitoring Warning,"Sankyu,PT",,Alarm End,Identity ID:'' ; Name:'' ; Type:HMW Forward absolute velocity collision ; satellites:13,2026-09-03 17:36:33,"107.150566,-6.320997",2026-09-03 17:36:33,"107.150566,-6.320997",2026-09-03 16:36:34,54.18 km/h,No,,,,,GPS,Pending,Not Reviewed,1093.46 km
2590000898,B 9979 SYM,,Headway Monitoring Warning,"Sankyu,PT",,Alarm End,Identity ID:'' ; Name:'' ; Type:HMW Forward absolute velocity collision ; satellites:13,2026-09-03 17:36:28,"107.149979,-6.32063",2026-09-03 17:36:28,"107.149979,-6.32063",2026-09-03 16:36:29,54.37 km/h,No,,,,,GPS,Pending,Not Reviewed,1093.32 km
2590000898,B 9979 SYM,,Headway Monitoring Warning,"Sankyu,PT",,Alarm End,Identity ID:'' ; Name:'' ; Type:HMW Forward absolute velocity collision ; satellites:14,2026-09-03 17:36:23,"107.149399,-6.320282",2026-09-03 17:36:23,"107.149399,-6.320282",2026-09-03 16:36:24,57.62 km/h,No,,,,,GPS,Pending,Not Reviewed,1093.32 km
2590000898,B 9979 SYM,,Headway Monitoring Warning,"Sankyu,PT",,Alarm End,Identity ID:'' ; Name:'' ; Type:HMW Forward absolute velocity collision ; satellites:14,2026-09-03 17:36:18,"107.148781,-6.319925",2026-09-03 17:36:18,"107.148781,-6.319925",2026-09-03 16:36:20,56.22 km/h,No,,,,,GPS,Pending,Not Reviewed,1093.18 km
2590000898,B 9979 SYM,,Headway Monitoring Warning,"Sankyu,PT",,Alarm End,Identity ID:'' ; Name:'' ; Type:HMW Forward absolute velocity collision ; satellites:15,2026-09-03 17:36:13,"107.148293,-6.319642",2026-09-03 17:36:13,"107.148293,-6.319642",2026-09-03 16:36:15,56.35 km/h,No,,,,,GPS,Pending,Not Reviewed,1093.18 km
2590000898,B 9979 SYM,,Forward Collision Warning,"Sankyu,PT",,Alarm End,Identity ID:'' ; Name:'' ; Type:FCW Forward relative velocity collision ; satellites:14,2026-09-03 17:35:46,"107.14492,-6.317752",2026-09-03 17:35:46,"107.14492,-6.317752",2026-09-03 16:35:48,57.88 km/h,No,,,,,GPS,Pending,Not Reviewed,1092.75 km
2590000898,B 9979 SYM,,Eyes Closed,"Sankyu,PT",,Alarm End,Identity ID:'' ; Name:'' ; Type:Eyes closed ; satellites:12,2026-09-03 17:35:26,"107.142426,-6.3163",2026-09-03 17:35:26,"107.142426,-6.3163",2026-09-03 16:35:28,55.07 km/h,No,,,,,GPS,Pending,Not Reviewed,1092.48 km
2590000898,B 9979 SYM,,Eyes Closed,"Sankyu,PT",,Alarm End,Identity ID:'' ; Name:'' ; Type:Eyes closed ; satellites:13,2026-09-03 17:34:40,"107.137161,-6.313221",2026-09-03 17:34:40,"107.137161,-6.313221",2026-09-03 16:34:42,49.8 km/h,No,,,,,GPS,Pending,Not Reviewed,1091.68 km
2590000898,B 9979 SYM,,Eyes Closed,"Sankyu,PT",,Alarm End,Identity ID:'' ; Name:'' ; Type:Eyes closed ; satellites:12,2026-09-03 17:33:52,"107.131798,-6.310053",2026-09-03 17:33:52,"107.131798,-6.310053",2026-09-03 16:33:53,56.01 km/h,No,,,,,GPS,Pending,Not Reviewed,1091.02 km
2590000898,B 9979 SYM,,Headway Monitoring Warning,"Sankyu,PT",,Alarm End,Identity ID:'' ; Name:'' ; Type:HMW Forward absolute velocity collision ; satellites:13,2026-09-03 17:33:31,"107.12928,-6.308663",2026-09-03 17:33:31,"107.12928,-6.308663",2026-09-03 16:33:33,51.0 km/h,No,,,,,GPS,Pending,Not Reviewed,1090.76 km
2590000898,B 9979 SYM,,Headway Monitoring Warning,"Sankyu,PT",,Alarm End,Identity ID:'' ; Name:'' ; Type:HMW Forward absolute velocity collision ; satellites:15,2026-09-03 17:32:20,"107.12207,-6.304383",2026-09-03 17:32:20,"107.12207,-6.304383",2026-09-03 16:32:21,41.73 km/h,No,,,,,GPS,Pending,Not Reviewed,1089.77 km
2590000898,B 9979 SYM,,Headway Monitoring Warning,"Sankyu,PT",,Alarm End,Identity ID:'' ; Name:'' ; Type:HMW Forward absolute velocity collision ; satellites:14,2026-09-03 17:32:15,"107.121582,-6.30412",2026-09-03 17:32:15,"107.121582,-6.30412",2026-09-03 16:32:16,43.8 km/h,No,,,,,GPS,Pending,Not Reviewed,1089.77 km
2590000898,B 9979 SYM,,Headway Monitoring Warning,"Sankyu,PT",,Alarm End,Identity ID:'' ; Name:'' ; Type:HMW Forward absolute velocity collision ; satellites:14,2026-09-03 17:32:10,"107.121094,-6.303807",2026-09-03 17:32:10,"107.121094,-6.303807",2026-09-03 16:32:11,41.99 km/h,No,,,,,GPS,Pending,Not Reviewed,1089.66 km
2590000898,B 9979 SYM,,Headway Monitoring Warning,"Sankyu,PT",,Alarm End,Identity ID:'' ; Name:'' ; Type:HMW Forward absolute velocity collision ; satellites:14,2026-09-03 17:32:05,"107.120636,-6.30354",2026-09-03 17:32:05,"107.120636,-6.30354",2026-09-03 16:32:06,43.4 km/h,No,,,,,GPS,Pending,Not Reviewed,1089.66 km
2590000898,B 9979 SYM,,Headway Monitoring Warning,"Sankyu,PT",,Alarm End,Identity ID:'' ; Name:'' ; Type:HMW Forward absolute velocity collision ; satellites:15,2026-09-03 17:32:00,"107.120193,-6.303246",2026-09-03 17:32:00,"107.120193,-6.303246",2026-09-03 16:32:01,45.34 km/h,No,,,,,GPS,Pending,Not Reviewed,1089.55 km
2590000898,B 9979 SYM,,Headway Monitoring Warning,"Sankyu,PT",,Alarm End,Identity ID:'' ; Name:'' ; Type:HMW Forward absolute velocity collision ; satellites:15,2026-09-03 17:31:52,"107.119377,-6.302743",2026-09-03 17:31:52,"107.119377,-6.302743",2026-09-03 16:31:53,46.32 km/h,No,,,,,GPS,Pending,Not Reviewed,1089.43 km
2590000898,B 9979 SYM,,Headway Monitoring Warning,"Sankyu,PT",,Alarm End,Identity ID:'' ; Name:'' ; Type:HMW Forward absolute velocity collision ; satellites:15,2026-09-03 17:31:47,"107.118874,-6.302472",2026-09-03 17:31:47,"107.118874,-6.302472",2026-09-03 16:31:48,44.23 km/h,No,,,,,GPS,Pending,Not Reviewed,1089.43 km
2590000898,B 9979 SYM,,Headway Monitoring Warning,"Sankyu,PT",,Alarm End,Identity ID:'' ; Name:'' ; Type:HMW Forward absolute velocity collision ; satellites:16,2026-09-03 17:31:42,"107.118362,-6.302176",2026-09-03 17:31:42,"107.118362,-6.302176",2026-09-03 16:31:43,46.02 km/h,No,,,,,GPS,Pending,Not Reviewed,1089.32 km
2590000898,B 9979 SYM,,Headway Monitoring Warning,"Sankyu,PT",,Alarm End,Identity ID:'' ; Name:'' ; Type:HMW Forward absolute velocity collision ; satellites:16,2026-09-03 17:31:37,"107.117844,-6.301858",2026-09-03 17:31:37,"107.117844,-6.301858",2026-09-03 16:31:38,48.24 km/h,No,,,,,GPS,Pending,Not Reviewed,1089.32 km
2590000898,B 9979 SYM,,Headway Monitoring Warning,"Sankyu,PT",,Alarm End,Identity ID:'' ; Name:'' ; Type:HMW Forward absolute velocity collision ; satellites:16,2026-09-03 17:31:32,"107.117294,-6.301562",2026-09-03 17:31:32,"107.117294,-6.301562",2026-09-03 16:31:33,52.24 km/h,No,,,,,GPS,Pending,Not Reviewed,1089.19 km
2590000898,B 9979 SYM,,Headway Monitoring Warning,"Sankyu,PT",,Alarm End,Identity ID:'' ; Name:'' ; Type:HMW Forward absolute velocity collision ; satellites:16,2026-09-03 17:31:27,"107.116722,-6.301271",2026-09-03 17:31:27,"107.116722,-6.301271",2026-09-03 16:31:28,53.0 km/h,No,,,,,GPS,Pending,Not Reviewed,1089.05 km
2590000898,B 9979 SYM,,Headway Monitoring Warning,"Sankyu,PT",,Alarm End,Identity ID:'' ; Name:'' ; Type:HMW Forward absolute velocity collision ; satellites:14,2026-09-03 17:31:20,"107.115845,-6.3008",2026-09-03 17:31:20,"107.115845,-6.3008",2026-09-03 16:31:21,53.48 km/h,No,,,,,GPS,Pending,Not Reviewed,1089.05 km
2590000898,B 9979 SYM,,Eyes Closed,"Sankyu,PT",,Alarm End,Identity ID:'' ; Name:'' ; Type:Eyes closed ; satellites:15,2026-09-03 17:30:56,"107.113213,-6.299282",2026-09-03 17:30:56,"107.113213,-6.299282",2026-09-03 16:30:58,50.61 km/h,No,,,,,GPS,Pending,Not Reviewed,1088.68 km
2590000898,B 9979 SYM,,Headway Monitoring Warning,"Sankyu,PT",,Alarm End,Identity ID:'' ; Name:'' ; Type:HMW Forward absolute velocity collision ; satellites:16,2026-09-03 17:29:43,"107.105423,-6.294812",2026-09-03 17:29:43,"107.105423,-6.294812",2026-09-03 16:29:44,50.7 km/h,No,,,,,GPS,Pending,Not Reviewed,1087.69 km
2590000898,B 9979 SYM,,Headway Monitoring Warning,"Sankyu,PT",,Alarm End,Identity ID:'' ; Name:'' ; Type:HMW Forward absolute velocity collision ; satellites:16,2026-09-03 17:29:37,"107.104721,-6.294397",2026-09-03 17:29:37,"107.104721,-6.294397",2026-09-03 16:29:39,55.44 km/h,No,,,,,GPS,Pending,Not Reviewed,1087.55 km
2590000898,B 9979 SYM,,Forward Collision Warning,"Sankyu,PT",,Alarm End,Identity ID:'' ; Name:'' ; Type:FCW Forward relative velocity collision ; satellites:16,2026-09-03 17:29:35,"107.104477,-6.29427",2026-09-03 17:29:35,"107.104477,-6.29427",2026-09-03 16:29:37,54.88 km/h,No,,,,,GPS,Pending,Not Reviewed,1087.55 km
2590000898,B 9979 SYM,,Eyes Closed,"Sankyu,PT",,Alarm End,Identity ID:'' ; Name:'' ; Type:Eyes closed ; satellites:17,2026-09-03 17:28:48,"107.099281,-6.29159",2026-09-03 17:28:48,"107.099281,-6.29159",2026-09-03 16:28:49,50.46 km/h,No,,,,,GPS,Pending,Not Reviewed,1086.94 km
2590000898,B 9979 SYM,,Headway Monitoring Warning,"Sankyu,PT",,Alarm End,Identity ID:'' ; Name:'' ; Type:HMW Forward absolute velocity collision ; satellites:14,2026-09-03 17:28:14,"107.095276,-6.289767",2026-09-03 17:28:14,"107.095276,-6.289767",2026-09-03 16:28:15,52.0 km/h,No,,,,,GPS,Pending,Not Reviewed,1086.4 km
2590000898,B 9979 SYM,,Headway Monitoring Warning,"Sankyu,PT",,Alarm End,Identity ID:'' ; Name:'' ; Type:HMW Forward absolute velocity collision ; satellites:13,2026-09-03 17:28:09,"107.09465,-6.289543",2026-09-03 17:28:09,"107.09465,-6.289543",2026-09-03 16:28:11,54.66 km/h,No,,,,,GPS,Pending,Not Reviewed,1086.4 km
2590000898,B 9979 SYM,,Forward Collision Warning,"Sankyu,PT",,Alarm End,Identity ID:'' ; Name:'' ; Type:FCW Forward relative velocity collision ; satellites:14,2026-09-03 17:27:54,"107.092926,-6.28893",2026-09-03 17:27:54,"107.092926,-6.28893",2026-09-03 16:27:56,48.85 km/h,No,,,,,GPS,Pending,Not Reviewed,1086.14 km
2590000898,B 9979 SYM,,Headway Monitoring Warning,"Sankyu,PT",,Alarm End,Identity ID:'' ; Name:'' ; Type:HMW Forward absolute velocity collision ; satellites:14,2026-09-03 17:27:39,"107.091217,-6.28827",2026-09-03 17:27:39,"107.091217,-6.28827",2026-09-03 16:27:41,45.36 km/h,No,,,,,GPS,Pending,Not Reviewed,1085.92 km
2590000898,B 9979 SYM,,Headway Monitoring Warning,"Sankyu,PT",,Alarm End,Identity ID:'' ; Name:'' ; Type:HMW Forward absolute velocity collision ; satellites:12,2026-09-03 17:27:27,"107.089897,-6.28786",2026-09-03 17:27:27,"107.089897,-6.28786",2026-09-03 16:27:28,45.23 km/h,No,,,,,GPS,Pending,Not Reviewed,1085.81 km
2590000898,B 9979 SYM,,Headway Monitoring Warning,"Sankyu,PT",,Alarm End,Identity ID:'' ; Name:'' ; Type:HMW Forward absolute velocity collision ; satellites:14,2026-09-03 17:27:21,"107.089302,-6.287652",2026-09-03 17:27:21,"107.089302,-6.287652",2026-09-03 16:27:23,45.63 km/h,No,,,,,GPS,Pending,Not Reviewed,1085.7 km
2590000898,B 9979 SYM,,Forward Collision Warning,"Sankyu,PT",,Alarm End,Identity ID:'' ; Name:'' ; Type:FCW Forward relative velocity collision ; satellites:15,2026-09-03 17:27:07,"107.087967,-6.28719",2026-09-03 17:27:07,"107.087967,-6.28719",2026-09-03 16:27:09,39.03 km/h,No,,,,,GPS,Pending,Not Reviewed,1085.56 km
2590000898,B 9979 SYM,,Headway Monitoring Warning,"Sankyu,PT",,Alarm End,Identity ID:'' ; Name:'' ; Type:HMW Forward absolute velocity collision ; satellites:14,2026-09-03 17:26:42,"107.085281,-6.286245",2026-09-03 17:26:42,"107.085281,-6.286245",2026-09-03 16:26:44,46.89 km/h,No,,,,,GPS,Pending,Not Reviewed,1085.21 km
2590000898,B 9979 SYM,,Eyes Closed,"Sankyu,PT",,Alarm End,Identity ID:'' ; Name:'' ; Type:Eyes closed ; satellites:14,2026-09-03 17:26:33,"107.084061,-6.286008",2026-09-03 17:26:33,"107.084061,-6.286008",2026-09-03 16:26:35,46.43 km/h,No,,,,,GPS,Pending,Not Reviewed,1085.1 km
2590000898,B 9979 SYM,,Headway Monitoring Warning,"Sankyu,PT",,Alarm End,Identity ID:'' ; Name:'' ; Type:HMW Forward absolute velocity collision ; satellites:13,2026-09-03 17:26:19,"107.08252,-6.285548",2026-09-03 17:26:19,"107.08252,-6.285548",2026-09-03 16:26:20,42.69 km/h,No,,,,,GPS,Pending,Not Reviewed,1084.99 km
2590000898,B 9979 SYM,,Headway Monitoring Warning,"Sankyu,PT",,Alarm End,Identity ID:'' ; Name:'' ; Type:HMW Forward absolute velocity collision ; satellites:16,2026-09-03 17:26:14,"107.082031,-6.28535",2026-09-03 17:26:14,"107.082031,-6.28535",2026-09-03 16:26:16,43.1 km/h,No,,,,,GPS,Pending,Not Reviewed,1084.85 km
2590000898,B 9979 SYM,,Forward Collision Warning,"Sankyu,PT",,Alarm End,Identity ID:'' ; Name:'' ; Type:FCW Forward relative velocity collision ; satellites:16,2026-09-03 17:26:13,"107.082031,-6.28535",2026-09-03 17:26:13,"107.082031,-6.28535",2026-09-03 16:26:15,43.1 km/h,No,,,,,GPS,Pending,Not Reviewed,1084.85 km
2590000898,B 9979 SYM,,Headway Monitoring Warning,"Sankyu,PT",,Alarm End,Identity ID:'' ; Name:'' ; Type:HMW Forward absolute velocity collision ; satellites:18,2026-09-03 17:25:58,"107.080544,-6.284791",2026-09-03 17:25:58,"107.080544,-6.284791",2026-09-03 16:25:59,32.0 km/h,No,,,,,GPS,Pending,Not Reviewed,1084.73 km
2590000898,B 9979 SYM,,Headway Monitoring Warning,"Sankyu,PT",,Alarm End,Identity ID:'' ; Name:'' ; Type:HMW Forward absolute velocity collision ; satellites:18,2026-09-03 17:25:53,"107.080124,-6.28465",2026-09-03 17:25:53,"107.080124,-6.28465",2026-09-03 16:25:54,37.7 km/h,No,,,,,GPS,Pending,Not Reviewed,1084.73 km
2590000898,B 9979 SYM,,Headway Monitoring Warning,"Sankyu,PT",,Alarm End,Identity ID:'' ; Name:'' ; Type:HMW Forward absolute velocity collision ; satellites:17,2026-09-03 17:25:47,"107.079552,-6.284532",2026-09-03 17:25:47,"107.079552,-6.284532",2026-09-03 16:25:49,37.51 km/h,No,,,,,GPS,Pending,Not Reviewed,1084.6 km
2590000898,B 9979 SYM,,Headway Monitoring Warning,"Sankyu,PT",,Alarm End,Identity ID:'' ; Name:'' ; Type:HMW Forward absolute velocity collision ; satellites:16,2026-09-03 17:24:12,"107.068283,-6.281088",2026-09-03 17:24:12,"107.068283,-6.281088",2026-09-03 16:24:14,46.67 km/h,No,,,,,GPS,Pending,Not Reviewed,1083.33 km
2590000898,B 9979 SYM,,Headway Monitoring Warning,"Sankyu,PT",,Alarm End,Identity ID:'' ; Name:'' ; Type:HMW Forward absolute velocity collision ; satellites:15,2026-09-03 17:24:02,"107.067085,-6.28075",2026-09-03 17:24:02,"107.067085,-6.28075",2026-09-03 16:24:03,51.22 km/h,No,,,,,GPS,Pending,Not Reviewed,1083.21 km
2590000898,B 9979 SYM,,Eyes Closed,"Sankyu,PT",,Alarm End,Identity ID:'' ; Name:'' ; Type:Eyes closed ; satellites:14,2026-09-03 17:22:51,"107.058685,-6.278183",2026-09-03 17:22:51,"107.058685,-6.278183",2026-09-03 16:22:53,43.27 km/h,No,,,,,GPS,Pending,Not Reviewed,1082.24 km
2590000898,B 9979 SYM,,Headway Monitoring Warning,"Sankyu,PT",,Alarm End,Identity ID:'' ; Name:'' ; Type:HMW Forward absolute velocity collision ; satellites:16,2026-09-03 17:22:37,"107.057274,-6.277768",2026-09-03 17:22:37,"107.057274,-6.277768",2026-09-03 16:22:39,42.88 km/h,No,,,,,GPS,Pending,Not Reviewed,1082.1 km
2590000898,B 9979 SYM,,Headway Monitoring Warning,"Sankyu,PT",,Alarm End,Identity ID:'' ; Name:'' ; Type:HMW Forward absolute velocity collision ; satellites:19,2026-09-03 17:20:57,"107.046021,-6.273149",2026-09-03 17:20:57,"107.046021,-6.273149",2026-09-03 16:21:00,44.43 km/h,No,,,,,GPS,Pending,Not Reviewed,1080.71 km
2590000898,B 9979 SYM,,Eyes Closed,"Sankyu,PT",,Alarm End,Identity ID:'' ; Name:'' ; Type:Eyes closed ; satellites:18,2026-09-03 17:20:04,"107.040009,-6.270608",2026-09-03 17:20:04,"107.040009,-6.270608",2026-09-03 16:20:05,45.1 km/h,No,,,,,GPS,Pending,Not Reviewed,1079.99 km
2590000898,B 9979 SYM,,Eyes Closed,"Sankyu,PT",,Alarm End,Identity ID:'' ; Name:'' ; Type:Eyes closed ; satellites:20,2026-09-03 17:19:46,"107.038345,-6.270012",2026-09-03 17:19:46,"107.038345,-6.270012",2026-09-03 16:19:48,39.4 km/h,No,,,,,GPS,Pending,Not Reviewed,1079.75 km
2590000898,B 9979 SYM,,Headway Monitoring Warning,"Sankyu,PT",,Alarm End,Identity ID:'' ; Name:'' ; Type:HMW Forward absolute velocity collision ; satellites:16,2026-09-03 17:19:17,"107.035088,-6.268933",2026-09-03 17:19:17,"107.035088,-6.268933",2026-09-03 16:19:19,45.43 km/h,No,,,,,GPS,Pending,Not Reviewed,1079.41 km
2590000898,B 9979 SYM,,Headway Monitoring Warning,"Sankyu,PT",,Alarm End,Identity ID:'' ; Name:'' ; Type:HMW Forward absolute velocity collision ; satellites:15,2026-09-03 17:18:52,"107.032822,-6.268147",2026-09-03 17:18:52,"107.032822,-6.268147",2026-09-03 16:18:53,30.08 km/h,No,,,,,GPS,Pending,Not Reviewed,1079.19 km
2590000898,B 9979 SYM,,Headway Monitoring Warning,"Sankyu,PT",,Alarm End,Identity ID:'' ; Name:'' ; Type:HMW Forward absolute velocity collision ; satellites:16,2026-09-03 17:18:47,"107.032425,-6.268022",2026-09-03 17:18:47,"107.032425,-6.268022",2026-09-03 16:18:48,34.35 km/h,No,,,,,GPS,Pending,Not Reviewed,1079.07 km
2590000898,B 9979 SYM,,Headway Monitoring Warning,"Sankyu,PT",,Alarm End,Identity ID:'' ; Name:'' ; Type:HMW Forward absolute velocity collision ; satellites:19,2026-09-03 17:18:42,"107.031967,-6.267833",2026-09-03 17:18:42,"107.031967,-6.267833",2026-09-03 16:18:43,39.14 km/h,No,,,,,GPS,Pending,Not Reviewed,1079.07 km
2590000898,B 9979 SYM,,Headway Monitoring Warning,"Sankyu,PT",,Alarm End,Identity ID:'' ; Name:'' ; Type:HMW Forward absolute velocity collision ; satellites:15,2026-09-03 17:18:11,"107.029449,-6.266938",2026-09-03 17:18:11,"107.029449,-6.266938",2026-09-03 16:18:13,36.24 km/h,No,,,,,GPS,Pending,Not Reviewed,1078.72 km
2590000898,B 9979 SYM,,Eyes Closed,"Sankyu,PT",,Alarm End,Identity ID:'' ; Name:'' ; Type:Eyes closed ; satellites:15,2026-09-03 17:18:00,"107.02858,-6.266623",2026-09-03 17:18:00,"107.02858,-6.266623",2026-09-03 16:18:01,24.97 km/h,No,,,,,GPS,Pending,Not Reviewed,1078.61 km
2590000898,B 9979 SYM,,Forward Collision Warning,"Sankyu,PT",,Alarm End,Identity ID:'' ; Name:'' ; Type:FCW Forward relative velocity collision ; satellites:16,2026-09-03 17:15:41,"107.024254,-6.265095",2026-09-03 17:15:41,"107.024254,-6.265095",2026-09-03 16:15:43,28.69 km/h,No,,,,,GPS,Pending,Not Reviewed,1078.16 km
2590000898,B 9979 SYM,,Eyes Closed,"Sankyu,PT",,Alarm End,Identity ID:'' ; Name:'' ; Type:Eyes closed ; satellites:17,2026-09-03 17:15:33,"107.023636,-6.26489",2026-09-03 17:15:33,"107.023636,-6.26489",2026-09-03 16:15:35,26.25 km/h,No,,,,,GPS,Pending,Not Reviewed,1078.16 km
2590000898,B 9979 SYM,,Forward Collision Warning,"Sankyu,PT",,Alarm End,Identity ID:'' ; Name:'' ; Type:FCW Forward relative velocity collision ; satellites:13,2026-09-03 17:14:45,"107.021759,-6.264214",2026-09-03 17:14:45,"107.021759,-6.264214",2026-09-03 16:14:47,21.7 km/h,No,,,,,GPS,Pending,Not Reviewed,1077.92 km
2590000898,B 9979 SYM,,Eyes Closed,"Sankyu,PT",,Alarm End,Identity ID:'' ; Name:'' ; Type:Eyes closed ; satellites:15,2026-09-03 17:13:55,"107.019981,-6.263592",2026-09-03 17:13:55,"107.019981,-6.263592",2026-09-03 16:13:57,22.86 km/h,No,,,,,GPS,Pending,Not Reviewed,1077.7 km
2590000898,B 9979 SYM,,Eyes Closed,"Sankyu,PT",,Alarm End,Identity ID:'' ; Name:'' ; Type:Eyes closed ; satellites:16,2026-09-03 17:09:31,"107.012207,-6.260828",2026-09-03 17:09:31,"107.012207,-6.260828",2026-09-03 16:09:32,21.84 km/h,No,,,,,GPS,Pending,Not Reviewed,1076.8 km
2590000898,B 9979 SYM,,Forward Collision Warning,"Sankyu,PT",,Alarm End,Identity ID:'' ; Name:'' ; Type:FCW Forward relative velocity collision ; satellites:17,2026-09-03 17:06:45,"107.007004,-6.25905",2026-09-03 17:06:45,"107.007004,-6.25905",2026-09-03 16:06:47,24.69 km/h,No,,,,,GPS,Pending,Not Reviewed,1076.23 km
2590000898,B 9979 SYM,,Forward Collision Warning,"Sankyu,PT",,Alarm End,Identity ID:'' ; Name:'' ; Type:FCW Forward relative velocity collision ; satellites:10,2026-09-03 17:05:57,"107.004295,-6.258105",2026-09-03 17:05:57,"107.004295,-6.258105",2026-09-03 16:05:59,21.1 km/h,No,,,,,GPS,Pending,Not Reviewed,1076.01 km
2590000898,B 9979 SYM,,Eyes Closed,"Sankyu,PT",,Alarm End,Identity ID:'' ; Name:'' ; Type:Eyes closed ; satellites:15,2026-09-03 17:05:48,"107.003975,-6.257953",2026-09-03 17:05:48,"107.003975,-6.257953",2026-09-03 16:05:50,22.1 km/h,No,,,,,GPS,Pending,Not Reviewed,1075.89 km
2590000898,B 9979 SYM,,Eyes Closed,"Sankyu,PT",,Alarm End,Identity ID:'' ; Name:'' ; Type:Eyes closed ; satellites:14,2026-09-03 17:03:49,"106.999191,-6.256295",2026-09-03 17:03:49,"106.999191,-6.256295",2026-09-03 16:03:50,28.12 km/h,No,,,,,GPS,Pending,Not Reviewed,1075.32 km
2590000898,B 9979 SYM,,Eyes Closed,"Sankyu,PT",,Alarm End,Identity ID:'' ; Name:'' ; Type:Eyes closed ; satellites:14,2026-09-03 17:03:36,"106.998459,-6.256028",2026-09-03 17:03:36,"106.998459,-6.256028",2026-09-03 16:03:38,23.53 km/h,No,,,,,GPS,Pending,Not Reviewed,1075.32 km
2590000898,B 9979 SYM,,Eyes Closed,"Sankyu,PT",,Alarm End,Identity ID:'' ; Name:'' ; Type:Eyes closed ; satellites:18,2026-09-03 17:01:56,"106.996445,-6.255338",2026-09-03 17:01:56,"106.996445,-6.255338",2026-09-03 16:01:58,20.81 km/h,No,,,,,GPS,Pending,Not Reviewed,1075.09 km
2590000898,B 9979 SYM,,Distracted Driving,"Sankyu,PT",,Alarm End,Identity ID:'' ; Name:'' ; Type:Distractions alarm ; satellites:14,2026-09-03 17:01:12,"106.995125,-6.254858",2026-09-03 17:01:12,"106.995125,-6.254858",2026-09-03 16:01:13,22.99 km/h,No,,,,,GPS,Pending,Not Reviewed,1074.98 km
2590000898,B 9979 SYM,,Eyes Closed,"Sankyu,PT",,Alarm End,Identity ID:'' ; Name:'' ; Type:Eyes closed ; satellites:19,2026-09-03 16:54:52,"106.982994,-6.249602",2026-09-03 16:54:52,"106.982994,-6.249602",2026-09-03 15:54:54,24.51 km/h,No,,,,,GPS,Pending,Not Reviewed,1073.63 km
2590000898,B 9979 SYM,,Eyes Closed,"Sankyu,PT",,Alarm End,Identity ID:'' ; Name:'' ; Type:Eyes closed ; satellites:17,2026-09-03 16:54:40,"106.982285,-6.24934",2026-09-03 16:54:40,"106.982285,-6.24934",2026-09-03 15:54:42,22.03 km/h,No,,,,,GPS,Pending,Not Reviewed,1073.52 km
2590000898,B 9979 SYM,,Headway Monitoring Warning,"Sankyu,PT",,Alarm End,Identity ID:'' ; Name:'' ; Type:HMW Forward absolute velocity collision ; satellites:17,2026-09-03 16:53:52,"106.97982,-6.248678",2026-09-03 16:53:52,"106.97982,-6.248678",2026-09-03 15:53:54,30.59 km/h,No,,,,,GPS,Pending,Not Reviewed,1073.29 km
2590000898,B 9979 SYM,,Eyes Closed,"Sankyu,PT",,Alarm End,Identity ID:'' ; Name:'' ; Type:Eyes closed ; satellites:17,2026-09-03 16:52:39,"106.973488,-6.249338",2026-09-03 16:52:39,"106.973488,-6.249338",2026-09-03 15:52:41,36.79 km/h,No,,,,,GPS,Pending,Not Reviewed,1072.57 km
2590000898,B 9979 SYM,,Eyes Closed,"Sankyu,PT",,Alarm End,Identity ID:'' ; Name:'' ; Type:Eyes closed ; satellites:15,2026-09-03 16:52:23,"106.97226,-6.249892",2026-09-03 16:52:23,"106.97226,-6.249892",2026-09-03 15:52:25,30.93 km/h,No,,,,,GPS,Pending,Not Reviewed,1072.35 km
2590000898,B 9979 SYM,,Headway Monitoring Warning,"Sankyu,PT",,Alarm End,Identity ID:'' ; Name:'' ; Type:HMW Forward absolute velocity collision ; satellites:15,2026-09-03 16:52:10,"106.971313,-6.250327",2026-09-03 16:52:10,"106.971313,-6.250327",2026-09-03 15:52:12,33.76 km/h,No,,,,,GPS,Pending,Not Reviewed,1072.24 km
2590000898,B 9979 SYM,,Eyes Closed,"Sankyu,PT",,Alarm End,Identity ID:'' ; Name:'' ; Type:Eyes closed ; satellites:16,2026-09-03 16:52:01,"106.970665,-6.250695",2026-09-03 16:52:01,"106.970665,-6.250695",2026-09-03 15:52:03,32.11 km/h,No,,,,,GPS,Pending,Not Reviewed,1072.24 km
2590000898,B 9979 SYM,,Headway Monitoring Warning,"Sankyu,PT",,Alarm End,Identity ID:'' ; Name:'' ; Type:HMW Forward absolute velocity collision ; satellites:13,2026-09-03 16:51:55,"106.970222,-6.25096",2026-09-03 16:51:55,"106.970222,-6.25096",2026-09-03 15:51:56,34.05 km/h,No,,,,,GPS,Pending,Not Reviewed,1072.11 km
2590000898,B 9979 SYM,,Headway Monitoring Warning,"Sankyu,PT",,Alarm End,Identity ID:'' ; Name:'' ; Type:HMW Forward absolute velocity collision ; satellites:16,2026-09-03 16:51:50,"106.969887,-6.251165",2026-09-03 16:51:50,"106.969887,-6.251165",2026-09-03 15:51:51,30.43 km/h,No,,,,,GPS,Pending,Not Reviewed,1072.11 km
2590000898,B 9979 SYM,,Eyes Closed,"Sankyu,PT",,Alarm End,Identity ID:'' ; Name:'' ; Type:Eyes closed ; satellites:17,2026-09-03 16:51:44,"106.96949,-6.251421",2026-09-03 16:51:44,"106.96949,-6.251421",2026-09-03 15:51:46,31.35 km/h,No,,,,,GPS,Pending,Not Reviewed,1072.0 km
2590000898,B 9979 SYM,,Headway Monitoring Warning,"Sankyu,PT",,Alarm End,Identity ID:'' ; Name:'' ; Type:HMW Forward absolute velocity collision ; satellites:16,2026-09-03 16:51:41,"106.96936,-6.2515",2026-09-03 16:51:41,"106.96936,-6.2515",2026-09-03 15:51:43,32.63 km/h,No,,,,,GPS,Pending,Not Reviewed,1072.0 km
2590000898,B 9979 SYM,,Eyes Closed,"Sankyu,PT",,Alarm End,Identity ID:'' ; Name:'' ; Type:Eyes closed ; satellites:16,2026-09-03 16:51:00,"106.966499,-6.25333",2026-09-03 16:51:00,"106.966499,-6.25333",2026-09-03 15:51:02,25.23 km/h,No,,,,,GPS,Pending,Not Reviewed,1071.66 km
2590000898,B 9979 SYM,,Headway Monitoring Warning,"Sankyu,PT",,Alarm End,Identity ID:'' ; Name:'' ; Type:HMW Forward absolute velocity collision ; satellites:21,2026-09-03 16:50:36,"106.964989,-6.254063",2026-09-03 16:50:36,"106.964989,-6.254063",2026-09-03 15:50:38,31.08 km/h,No,,,,,GPS,Pending,Not Reviewed,1071.43 km
2590000898,B 9979 SYM,,Forward Collision Warning,"Sankyu,PT",,Alarm End,Identity ID:'' ; Name:'' ; Type:FCW Forward relative velocity collision ; satellites:16,2026-09-03 16:49:33,"106.962448,-6.255082",2026-09-03 16:49:33,"106.962448,-6.255082",2026-09-03 15:49:35,20.36 km/h,No,,,,,GPS,Pending,Not Reviewed,1071.2 km
2590000898,B 9979 SYM,,Headway Monitoring Warning,"Sankyu,PT",,Alarm End,Identity ID:'' ; Name:'' ; Type:HMW Forward absolute velocity collision ; satellites:18,2026-09-03 16:47:08,"106.957603,-6.255538",2026-09-03 16:47:08,"106.957603,-6.255538",2026-09-03 15:47:10,33.04 km/h,No,,,,,GPS,Pending,Not Reviewed,1070.38 km
2590000898,B 9979 SYM,,Eyes Closed,"Sankyu,PT",,Alarm End,Identity ID:'' ; Name:'' ; Type:Eyes closed ; satellites:20,2026-09-03 16:45:37,"106.957901,-6.263902",2026-09-03 16:45:37,"106.957901,-6.263902",2026-09-03 15:45:38,42.19 km/h,No,,,,,GPS,Pending,Not Reviewed,1069.42 km
2590000898,B 9979 SYM,,Headway Monitoring Warning,"Sankyu,PT",,Alarm End,Identity ID:'' ; Name:'' ; Type:HMW Forward absolute velocity collision ; satellites:21,2026-09-03 16:45:26,"106.958145,-6.265118",2026-09-03 16:45:26,"106.958145,-6.265118",2026-09-03 15:45:27,47.36 km/h,No,,,,,GPS,Pending,Not Reviewed,1069.31 km
2590000898,B 9979 SYM,,Eyes Closed,"Sankyu,PT",,Alarm End,Identity ID:'' ; Name:'' ; Type:Eyes closed ; satellites:20,2026-09-03 16:44:59,"106.95858,-6.268152",2026-09-03 16:44:59,"106.95858,-6.268152",2026-09-03 15:45:01,33.61 km/h,No,,,,,GPS,Pending,Not Reviewed,1068.96 km
2590000898,B 9979 SYM,,Headway Monitoring Warning,"Sankyu,PT",,Alarm End,Identity ID:'' ; Name:'' ; Type:HMW Forward absolute velocity collision ; satellites:20,2026-09-03 16:44:38,"106.958725,-6.269835",2026-09-03 16:44:38,"106.958725,-6.269835",2026-09-03 15:44:40,30.33 km/h,No,,,,,GPS,Pending,Not Reviewed,1068.74 km
2590000898,B 9979 SYM,,Headway Monitoring Warning,"Sankyu,PT",,Alarm End,Identity ID:'' ; Name:'' ; Type:HMW Forward absolute velocity collision ; satellites:21,2026-09-03 16:44:32,"106.958763,-6.270252",2026-09-03 16:44:32,"106.958763,-6.270252",2026-09-03 15:44:34,34.55 km/h,No,,,,,GPS,Pending,Not Reviewed,1068.74 km
2590000898,B 9979 SYM,,Eyes Closed,"Sankyu,PT",,Alarm End,Identity ID:'' ; Name:'' ; Type:Eyes closed ; satellites:21,2026-09-03 16:43:55,"106.959,-6.273072",2026-09-03 16:43:55,"106.959,-6.273072",2026-09-03 15:43:57,20.29 km/h,No,,,,,GPS,Pending,Not Reviewed,1068.38 km
2590000898,B 9979 SYM,,Eyes Closed,"Sankyu,PT",,Alarm End,Identity ID:'' ; Name:'' ; Type:Eyes closed ; satellites:20,2026-09-03 16:42:16,"106.959259,-6.276824",2026-09-03 16:42:16,"106.959259,-6.276824",2026-09-03 15:42:18,24.71 km/h,No,,,,,GPS,Pending,Not Reviewed,1068.05 km
2590000898,B 9979 SYM,,Headway Monitoring Warning,"Sankyu,PT",,Alarm End,Identity ID:'' ; Name:'' ; Type:HMW Forward absolute velocity collision ; satellites:22,2026-09-03 16:40:49,"106.959213,-6.279763",2026-09-03 16:40:49,"106.959213,-6.279763",2026-09-03 15:40:50,37.86 km/h,No,,,,,GPS,Pending,Not Reviewed,1067.71 km
2590000898,B 9979 SYM,,Headway Monitoring Warning,"Sankyu,PT",,Alarm End,Identity ID:'' ; Name:'' ; Type:HMW Forward absolute velocity collision ; satellites:22,2026-09-03 16:40:44,"106.95919,-6.280273",2026-09-03 16:40:44,"106.95919,-6.280273",2026-09-03 15:40:45,43.29 km/h,No,,,,,GPS,Pending,Not Reviewed,1067.59 km
2590000898,B 9979 SYM,,Headway Monitoring Warning,"Sankyu,PT",,Alarm End,Identity ID:'' ; Name:'' ; Type:HMW Forward absolute velocity collision ; satellites:22,2026-09-03 16:40:39,"106.959175,-6.280863",2026-09-03 16:40:39,"106.959175,-6.280863",2026-09-03 15:40:40,50.13 km/h,No,,,,,GPS,Pending,Not Reviewed,1067.59 km
2590000898,B 9979 SYM,,Headway Monitoring Warning,"Sankyu,PT",,Alarm End,Identity ID:'' ; Name:'' ; Type:HMW Forward absolute velocity collision ; satellites:22,2026-09-03 16:40:34,"106.95916,-6.28139",2026-09-03 16:40:34,"106.95916,-6.28139",2026-09-03 15:40:36,50.61 km/h,No,,,,,GPS,Pending,Not Reviewed,1067.46 km
2590000898,B 9979 SYM,,Eyes Closed,"Sankyu,PT",,Alarm End,Identity ID:'' ; Name:'' ; Type:Eyes closed ; satellites:21,2026-09-03 16:40:09,"106.959084,-6.284507",2026-09-03 16:40:09,"106.959084,-6.284507",2026-09-03 15:40:11,49.76 km/h,No,,,,,GPS,Pending,Not Reviewed,1067.21 km
2590000898,B 9979 SYM,,Headway Monitoring Warning,"Sankyu,PT",,Alarm End,Identity ID:'' ; Name:'' ; Type:HMW Forward absolute velocity collision ; satellites:22,2026-09-03 16:39:50,"106.958969,-6.286923",2026-09-03 16:39:50,"106.958969,-6.286923",2026-09-03 15:39:52,50.39 km/h,No,,,,,GPS,Pending,Not Reviewed,1066.96 km
2590000898,B 9979 SYM,,Eyes Closed,"Sankyu,PT",,Alarm End,Identity ID:'' ; Name:'' ; Type:Eyes closed ; satellites:22,2026-09-03 16:39:46,"106.958916,-6.28757",2026-09-03 16:39:46,"106.958916,-6.28757",2026-09-03 15:39:48,52.18 km/h,No,,,,,GPS,Pending,Not Reviewed,1066.83 km
2590000898,B 9979 SYM,,Eyes Closed,"Sankyu,PT",,Alarm End,Identity ID:'' ; Name:'' ; Type:Eyes closed ; satellites:21,2026-09-03 16:38:57,"106.957306,-6.293139",2026-09-03 16:38:57,"106.957306,-6.293139",2026-09-03 15:38:59,48.74 km/h,No,,,,,GPS,Pending,Not Reviewed,1066.25 km
2590000898,B 9979 SYM,,Eyes Closed,"Sankyu,PT",,Alarm End,Identity ID:'' ; Name:'' ; Type:Eyes closed ; satellites:22,2026-09-03 16:38:35,"106.955956,-6.295462",2026-09-03 16:38:35,"106.955956,-6.295462",2026-09-03 15:38:37,50.39 km/h,No,,,,,GPS,Pending,Not Reviewed,1065.88 km
2590000898,B 9979 SYM,,Yawning,"Sankyu,PT",,Alarm End,Identity ID:'' ; Name:'' ; Type:yawn ; satellites:22,2026-09-03 16:38:34,"106.955887,-6.295563",2026-09-03 16:38:34,"106.955887,-6.295563",2026-09-03 15:38:35,49.96 km/h,No,,,,,GPS,Pending,Not Reviewed,1065.88 km
2590000898,B 9979 SYM,,Headway Monitoring Warning,"Sankyu,PT",,Alarm End,Identity ID:'' ; Name:'' ; Type:HMW Forward absolute velocity collision ; satellites:22,2026-09-03 16:38:34,"106.955887,-6.295563",2026-09-03 16:38:34,"106.955887,-6.295563",2026-09-03 15:38:36,49.96 km/h,No,,,,,GPS,Pending,Not Reviewed,1065.88 km
2590000898,B 9979 SYM,,Eyes Closed,"Sankyu,PT",,Alarm End,Identity ID:'' ; Name:'' ; Type:Eyes closed ; satellites:22,2026-09-03 16:37:31,"106.950729,-6.300295",2026-09-03 16:37:31,"106.950729,-6.300295",2026-09-03 15:37:33,47.36 km/h,No,,,,,GPS,Pending,Not Reviewed,1065.13 km
2590000898,B 9979 SYM,,Eyes Closed,"Sankyu,PT",,Alarm End,Identity ID:'' ; Name:'' ; Type:Eyes closed ; satellites:22,2026-09-03 16:36:25,"106.943604,-6.303887",2026-09-03 16:36:25,"106.943604,-6.303887",2026-09-03 15:36:27,53.5 km/h,No,,,,,GPS,Pending,Not Reviewed,1064.28 km
2590000898,B 9979 SYM,,Headway Monitoring Warning,"Sankyu,PT",,Alarm End,Identity ID:'' ; Name:'' ; Type:HMW Forward absolute velocity collision ; satellites:22,2026-09-03 16:36:07,"106.941536,-6.304972",2026-09-03 16:36:07,"106.941536,-6.304972",2026-09-03 15:36:08,41.97 km/h,No,,,,,GPS,Pending,Not Reviewed,1064.02 km
2590000898,B 9979 SYM,,Eyes Closed,"Sankyu,PT",,Alarm End,Identity ID:'' ; Name:'' ; Type:Eyes closed ; satellites:22,2026-09-03 16:36:01,"106.940987,-6.305255",2026-09-03 16:36:01,"106.940987,-6.305255",2026-09-03 15:36:03,38.55 km/h,No,,,,,GPS,Pending,Not Reviewed,1063.89 km
2590000898,B 9979 SYM,,Headway Monitoring Warning,"Sankyu,PT",,Alarm End,Identity ID:'' ; Name:'' ; Type:HMW Forward absolute velocity collision ; satellites:22,2026-09-03 16:36:00,"106.940903,-6.3053",2026-09-03 16:36:00,"106.940903,-6.3053",2026-09-03 15:36:01,38.55 km/h,No,,,,,GPS,Pending,Not Reviewed,1063.89 km
2590000898,B 9979 SYM,,Headway Monitoring Warning,"Sankyu,PT",,Alarm End,Identity ID:'' ; Name:'' ; Type:HMW Forward absolute velocity collision ; satellites:22,2026-09-03 16:35:55,"106.94046,-6.305508",2026-09-03 16:35:55,"106.94046,-6.305508",2026-09-03 15:35:56,43.21 km/h,No,,,,,GPS,Pending,Not Reviewed,1063.89 km
2590000898,B 9979 SYM,,Headway Monitoring Warning,"Sankyu,PT",,Alarm End,Identity ID:'' ; Name:'' ; Type:HMW Forward absolute velocity collision ; satellites:21,2026-09-03 16:35:50,"106.939964,-6.305767",2026-09-03 16:35:50,"106.939964,-6.305767",2026-09-03 15:35:51,44.75 km/h,No,,,,,GPS,Pending,Not Reviewed,1063.78 km
2590000898,B 9979 SYM,,Headway Monitoring Warning,"Sankyu,PT",,Alarm End,Identity ID:'' ; Name:'' ; Type:HMW Forward absolute velocity collision ; satellites:21,2026-09-03 16:35:45,"106.939445,-6.306018",2026-09-03 16:35:45,"106.939445,-6.306018",2026-09-03 15:35:47,46.82 km/h,No,,,,,GPS,Pending,Not Reviewed,1063.66 km
2590000898,B 9979 SYM,,Forward Collision Warning,"Sankyu,PT",,Alarm End,Identity ID:'' ; Name:'' ; Type:FCW Forward relative velocity collision ; satellites:21,2026-09-03 16:35:29,"106.937683,-6.306901",2026-09-03 16:35:29,"106.937683,-6.306901",2026-09-03 15:35:30,51.31 km/h,No,,,,,GPS,Pending,Not Reviewed,1063.53 km
2590000898,B 9979 SYM,,Headway Monitoring Warning,"Sankyu,PT",,Alarm End,Identity ID:'' ; Name:'' ; Type:HMW Forward absolute velocity collision ; satellites:22,2026-09-03 16:35:04,"106.934944,-6.308235",2026-09-03 16:35:04,"106.934944,-6.308235",2026-09-03 15:35:06,50.81 km/h,No,,,,,GPS,Pending,Not Reviewed,1063.16 km
2590000898,B 9979 SYM,,Eyes Closed,"Sankyu,PT",,Alarm End,Identity ID:'' ; Name:'' ; Type:Eyes closed ; satellites:22,2026-09-03 16:34:17,"106.929352,-6.309842",2026-09-03 16:34:17,"106.929352,-6.309842",2026-09-03 15:34:19,48.43 km/h,No,,,,,GPS,Pending,Not Reviewed,1062.53 km
2590000898,B 9979 SYM,,Eyes Closed,"Sankyu,PT",,Alarm End,Identity ID:'' ; Name:'' ; Type:Eyes closed ; satellites:21,2026-09-03 16:33:35,"106.924126,-6.310719",2026-09-03 16:33:35,"106.924126,-6.310719",2026-09-03 15:33:37,45.38 km/h,No,,,,,GPS,Pending,Not Reviewed,1061.9 km
2590000898,B 9979 SYM,,Headway Monitoring Warning,"Sankyu,PT",,Alarm End,Identity ID:'' ; Name:'' ; Type:HMW Forward absolute velocity collision ; satellites:20,2026-09-03 16:32:48,"106.918297,-6.311673",2026-09-03 16:32:48,"106.918297,-6.311673",2026-09-03 15:32:49,41.08 km/h,No,,,,,GPS,Pending,Not Reviewed,1061.29 km
2590000898,B 9979 SYM,,Headway Monitoring Warning,"Sankyu,PT",,Alarm End,Identity ID:'' ; Name:'' ; Type:HMW Forward absolute velocity collision ; satellites:21,2026-09-03 16:32:43,"106.917763,-6.311757",2026-09-03 16:32:43,"106.917763,-6.311757",2026-09-03 15:32:44,44.34 km/h,No,,,,,GPS,Pending,Not Reviewed,1061.18 km
2590000898,B 9979 SYM,,Headway Monitoring Warning,"Sankyu,PT",,Alarm End,Identity ID:'' ; Name:'' ; Type:HMW Forward absolute velocity collision ; satellites:21,2026-09-03 16:32:38,"106.917221,-6.31182",2026-09-03 16:32:38,"106.917221,-6.31182",2026-09-03 15:32:39,43.54 km/h,No,,,,,GPS,Pending,Not Reviewed,1061.18 km
2590000898,B 9979 SYM,,Headway Monitoring Warning,"Sankyu,PT",,Alarm End,Identity ID:'' ; Name:'' ; Type:HMW Forward absolute velocity collision ; satellites:21,2026-09-03 16:32:33,"106.916664,-6.31189",2026-09-03 16:32:33,"106.916664,-6.31189",2026-09-03 15:32:34,42.43 km/h,No,,,,,GPS,Pending,Not Reviewed,1061.07 km
2590000898,B 9979 SYM,,Eyes Closed,"Sankyu,PT",,Alarm End,Identity ID:'' ; Name:'' ; Type:Eyes closed ; satellites:20,2026-09-03 16:32:28,"106.91613,-6.311935",2026-09-03 16:32:28,"106.91613,-6.311935",2026-09-03 15:32:30,43.47 km/h,No,,,,,GPS,Pending,Not Reviewed,1061.07 km
2590000898,B 9979 SYM,,Headway Monitoring Warning,"Sankyu,PT",,Alarm End,Identity ID:'' ; Name:'' ; Type:HMW Forward absolute velocity collision ; satellites:20,2026-09-03 16:32:27,"106.916023,-6.311947",2026-09-03 16:32:27,"106.916023,-6.311947",2026-09-03 15:32:29,43.1 km/h,No,,,,,GPS,Pending,Not Reviewed,1061.07 km
2590000898,B 9979 SYM,,Headway Monitoring Warning,"Sankyu,PT",,Alarm End,Identity ID:'' ; Name:'' ; Type:HMW Forward absolute velocity collision ; satellites:20,2026-09-03 16:32:22,"106.915421,-6.311985",2026-09-03 16:32:22,"106.915421,-6.311985",2026-09-03 15:32:23,48.56 km/h,No,,,,,GPS,Pending,Not Reviewed,1060.95 km
2590000898,B 9979 SYM,,Headway Monitoring Warning,"Sankyu,PT",,Alarm End,Identity ID:'' ; Name:'' ; Type:HMW Forward absolute velocity collision ; satellites:20,2026-09-03 16:32:17,"106.914787,-6.312023",2026-09-03 16:32:17,"106.914787,-6.312023",2026-09-03 15:32:19,47.52 km/h,No,,,,,GPS,Pending,Not Reviewed,1060.84 km
2590000898,B 9979 SYM,,Headway Monitoring Warning,"Sankyu,PT",,Alarm End,Identity ID:'' ; Name:'' ; Type:HMW Forward absolute velocity collision ; satellites:22,2026-09-03 16:32:12,"106.9142,-6.312048",2026-09-03 16:32:12,"106.9142,-6.312048",2026-09-03 15:32:13,46.87 km/h,No,,,,,GPS,Pending,Not Reviewed,1060.84 km
2590000898,B 9979 SYM,,Headway Monitoring Warning,"Sankyu,PT",,Alarm End,Identity ID:'' ; Name:'' ; Type:HMW Forward absolute velocity collision ; satellites:20,2026-09-03 16:32:07,"106.913605,-6.31206",2026-09-03 16:32:07,"106.913605,-6.31206",2026-09-03 15:32:08,46.86 km/h,No,,,,,GPS,Pending,Not Reviewed,1060.73 km
2590000898,B 9979 SYM,,Forward Collision Warning,"Sankyu,PT",,Alarm End,Identity ID:'' ; Name:'' ; Type:FCW Forward relative velocity collision ; satellites:21,2026-09-03 16:31:50,"106.911743,-6.312038",2026-09-03 16:31:50,"106.911743,-6.312038",2026-09-03 15:31:52,46.43 km/h,No,,,,,GPS,Pending,Not Reviewed,1060.62 km
2590000898,B 9979 SYM,,Headway Monitoring Warning,"Sankyu,PT",,Alarm End,Identity ID:'' ; Name:'' ; Type:HMW Forward absolute velocity collision ; satellites:21,2026-09-03 16:31:34,"106.909828,-6.311948",2026-09-03 16:31:34,"106.909828,-6.311948",2026-09-03 15:31:36,47.17 km/h,No,,,,,GPS,Pending,Not Reviewed,1060.38 km
2590000898,B 9979 SYM,,Eyes Closed,"Sankyu,PT",,Alarm End,Identity ID:'' ; Name:'' ; Type:Eyes closed ; satellites:22,2026-09-03 16:30:25,"106.902046,-6.31112",2026-09-03 16:30:25,"106.902046,-6.31112",2026-09-03 15:30:27,45.02 km/h,No,,,,,GPS,Pending,Not Reviewed,1059.46 km
2590000898,B 9979 SYM,,Eyes Closed,"Sankyu,PT",,Alarm End,Identity ID:'' ; Name:'' ; Type:Eyes closed ; satellites:19,2026-09-03 16:29:03,"106.893448,-6.306743",2026-09-03 16:29:03,"106.893448,-6.306743",2026-09-03 15:29:04,45.71 km/h,No,,,,,GPS,Pending,Not Reviewed,1058.36 km
2590000898,B 9979 SYM,,Eyes Closed,"Sankyu,PT",,Alarm End,Identity ID:'' ; Name:'' ; Type:Eyes closed ; satellites:22,2026-09-03 16:28:16,"106.8881,-6.305792",2026-09-03 16:28:16,"106.8881,-6.305792",2026-09-03 15:28:18,43.34 km/h,No,,,,,GPS,Pending,Not Reviewed,1057.85 km
2590000898,B 9979 SYM,,Headway Monitoring Warning,"Sankyu,PT",,Alarm End,Identity ID:'' ; Name:'' ; Type:HMW Forward absolute velocity collision ; satellites:20,2026-09-03 16:27:25,"106.882904,-6.305865",2026-09-03 16:27:25,"106.882904,-6.305865",2026-09-03 15:27:26,42.42 km/h,No,,,,,GPS,Pending,Not Reviewed,1057.25 km
2590000898,B 9979 SYM,,Eyes Closed,"Sankyu,PT",,Alarm End,Identity ID:'' ; Name:'' ; Type:Eyes closed ; satellites:21,2026-09-03 16:27:19,"106.882278,-6.305927",2026-09-03 16:27:19,"106.882278,-6.305927",2026-09-03 15:27:20,45.86 km/h,No,,,,,GPS,Pending,Not Reviewed,1057.14 km
2590000898,B 9979 SYM,,Eyes Closed,"Sankyu,PT",,Alarm End,Identity ID:'' ; Name:'' ; Type:Eyes closed ; satellites:22,2026-09-03 16:26:31,"106.87751,-6.307054",2026-09-03 16:26:31,"106.87751,-6.307054",2026-09-03 15:26:33,26.91 km/h,No,,,,,GPS,Pending,Not Reviewed,1056.65 km
2590000898,B 9979 SYM,,Headway Monitoring Warning,"Sankyu,PT",,Alarm End,Identity ID:'' ; Name:'' ; Type:HMW Forward absolute velocity collision ; satellites:22,2026-09-03 16:26:15,"106.87648,-6.307315",2026-09-03 16:26:15,"106.87648,-6.307315",2026-09-03 15:26:16,33.2 km/h,No,,,,,GPS,Pending,Not Reviewed,1056.54 km
2590000898,B 9979 SYM,,Headway Monitoring Warning,"Sankyu,PT",,Alarm End,Identity ID:'' ; Name:'' ; Type:HMW Forward absolute velocity collision ; satellites:22,2026-09-03 16:26:08,"106.875938,-6.307455",2026-09-03 16:26:08,"106.875938,-6.307455",2026-09-03 15:26:09,33.18 km/h,No,,,,,GPS,Pending,Not Reviewed,1056.42 km
2590000898,B 9979 SYM,,Headway Monitoring Warning,"Sankyu,PT",,Alarm End,Identity ID:'' ; Name:'' ; Type:HMW Forward absolute velocity collision ; satellites:22,2026-09-03 16:26:03,"106.875557,-6.307555",2026-09-03 16:26:03,"106.875557,-6.307555",2026-09-03 15:26:05,38.99 km/h,No,,,,,GPS,Pending,Not Reviewed,1056.42 km
2590000898,B 9979 SYM,,Forward Collision Warning,"Sankyu,PT",,Alarm End,Identity ID:'' ; Name:'' ; Type:FCW Forward relative velocity collision ; satellites:18,2026-09-03 16:25:58,"106.875008,-6.307707",2026-09-03 16:25:58,"106.875008,-6.307707",2026-09-03 15:26:00,37.35 km/h,No,,,,,GPS,Pending,Not Reviewed,1056.31 km
2590000898,B 9979 SYM,,Headway Monitoring Warning,"Sankyu,PT",,Alarm End,Identity ID:'' ; Name:'' ; Type:HMW Forward absolute velocity collision ; satellites:21,2026-09-03 16:24:50,"106.868492,-6.308118",2026-09-03 16:24:50,"106.868492,-6.308118",2026-09-03 15:24:51,44.58 km/h,No,,,,,GPS,Pending,Not Reviewed,1055.73 km
2590000898,B 9979 SYM,,Headway Monitoring Warning,"Sankyu,PT",,Alarm End,Identity ID:'' ; Name:'' ; Type:HMW Forward absolute velocity collision ; satellites:22,2026-09-03 16:23:44,"106.861786,-6.305452",2026-09-03 16:23:44,"106.861786,-6.305452",2026-09-03 15:23:46,38.7 km/h,No,,,,,GPS,Pending,Not Reviewed,1055.22 km
2590000898,B 9979 SYM,,Eyes Closed,"Sankyu,PT",,Alarm End,Identity ID:'' ; Name:'' ; Type:Eyes closed ; satellites:21,2026-09-03 16:23:36,"106.86097,-6.30546",2026-09-03 16:23:36,"106.86097,-6.30546",2026-09-03 15:23:38,39.94 km/h,No,,,,,GPS,Pending,Not Reviewed,1055.22 km
2590000898,B 9979 SYM,,Eyes Closed,"Sankyu,PT",,Alarm End,Identity ID:'' ; Name:'' ; Type:Eyes closed ; satellites:21,2026-09-03 16:23:09,"106.858223,-6.305602",2026-09-03 16:23:09,"106.858223,-6.305602",2026-09-03 15:23:10,31.24 km/h,No,,,,,GPS,Pending,Not Reviewed,1054.85 km
2590000898,B 9979 SYM,,Headway Monitoring Warning,"Sankyu,PT",,Alarm End,Identity ID:'' ; Name:'' ; Type:HMW Forward absolute velocity collision ; satellites:20,2026-09-03 16:22:50,"106.856651,-6.305598",2026-09-03 16:22:50,"106.856651,-6.305598",2026-09-03 15:22:52,36.33 km/h,No,,,,,GPS,Pending,Not Reviewed,1054.73 km
2590000898,B 9979 SYM,,Eyes Closed,"Sankyu,PT",,Alarm End,Identity ID:'' ; Name:'' ; Type:Eyes closed ; satellites:18,2026-09-03 16:22:10,"106.852509,-6.30443",2026-09-03 16:22:10,"106.852509,-6.30443",2026-09-03 15:22:12,42.93 km/h,No,,,,,GPS,Pending,Not Reviewed,1054.25 km
2590000898,B 9979 SYM,,Headway Monitoring Warning,"Sankyu,PT",,Alarm End,Identity ID:'' ; Name:'' ; Type:HMW Forward absolute velocity collision ; satellites:14,2026-09-03 16:22:06,"106.852081,-6.304377",2026-09-03 16:22:06,"106.852081,-6.304377",2026-09-03 15:22:08,44.1 km/h,No,,,,,GPS,Pending,Not Reviewed,1054.13 km
2590000898,B 9979 SYM,,Forward Collision Warning,"Sankyu,PT",,Alarm End,Identity ID:'' ; Name:'' ; Type:FCW Forward relative velocity collision ; satellites:12,2026-09-03 16:22:05,"106.851852,-6.30436",2026-09-03 16:22:05,"106.851852,-6.30436",2026-09-03 15:22:06,42.58 km/h,No,,,,,GPS,Pending,Not Reviewed,1054.13 km
2590000898,B 9979 SYM,,Eyes Closed,"Sankyu,PT",,Alarm End,Identity ID:'' ; Name:'' ; Type:Eyes closed ; satellites:19,2026-09-03 16:21:17,"106.847618,-6.3041",2026-09-03 16:21:17,"106.847618,-6.3041",2026-09-03 15:21:19,35.7 km/h,No,,,,,GPS,Pending,Not Reviewed,1053.76 km
2590000898,B 9979 SYM,,Eyes Closed,"Sankyu,PT",,Alarm End,Identity ID:'' ; Name:'' ; Type:Eyes closed ; satellites:18,2026-09-03 16:21:02,"106.846153,-6.303967",2026-09-03 16:21:02,"106.846153,-6.303967",2026-09-03 15:21:04,40.75 km/h,No,,,,,GPS,Pending,Not Reviewed,1053.65 km
2590000898,B 9979 SYM,,Eyes Closed,"Sankyu,PT",,Alarm End,Identity ID:'' ; Name:'' ; Type:Eyes closed ; satellites:19,2026-09-03 16:20:31,"106.843185,-6.303568",2026-09-03 16:20:31,"106.843185,-6.303568",2026-09-03 15:20:33,35.24 km/h,No,,,,,GPS,Pending,Not Reviewed,1053.28 km
2590000898,B 9979 SYM,,Headway Monitoring Warning,"Sankyu,PT",,Alarm End,Identity ID:'' ; Name:'' ; Type:HMW Forward absolute velocity collision ; satellites:19,2026-09-03 16:20:11,"106.841415,-6.303263",2026-09-03 16:20:11,"106.841415,-6.303263",2026-09-03 15:20:13,43.17 km/h,No,,,,,GPS,Pending,Not Reviewed,1053.15 km
2590000898,B 9979 SYM,,Headway Monitoring Warning,"Sankyu,PT",,Alarm End,Identity ID:'' ; Name:'' ; Type:HMW Forward absolute velocity collision ; satellites:19,2026-09-03 16:20:00,"106.840172,-6.303015",2026-09-03 16:20:00,"106.840172,-6.303015",2026-09-03 15:20:01,38.68 km/h,No,,,,,GPS,Pending,Not Reviewed,1053.01 km
2590000898,B 9979 SYM,,Eyes Closed,"Sankyu,PT",,Alarm End,Identity ID:'' ; Name:'' ; Type:Eyes closed ; satellites:21,2026-09-03 16:19:30,"106.837616,-6.302222",2026-09-03 16:19:30,"106.837616,-6.302222",2026-09-03 15:19:32,35.9 km/h,No,,,,,GPS,Pending,Not Reviewed,1052.64 km
2590000898,B 9979 SYM,,Eyes Closed,"Sankyu,PT",,Alarm End,Identity ID:'' ; Name:'' ; Type:Eyes closed ; satellites:19,2026-09-03 16:18:54,"106.83419,-6.300255",2026-09-03 16:18:54,"106.83419,-6.300255",2026-09-03 15:18:55,45.91 km/h,No,,,,,GPS,Pending,Not Reviewed,1052.3 km
2590000898,B 9979 SYM,,Headway Monitoring Warning,"Sankyu,PT",,Alarm End,Identity ID:'' ; Name:'' ; Type:HMW Forward absolute velocity collision ; satellites:21,2026-09-03 16:17:57,"106.828896,-6.296967",2026-09-03 16:17:57,"106.828896,-6.296967",2026-09-03 15:17:59,43.27 km/h,No,,,,,GPS,Pending,Not Reviewed,1051.58 km
2590000898,B 9979 SYM,,Eyes Closed,"Sankyu,PT",,Alarm End,Identity ID:'' ; Name:'' ; Type:Eyes closed ; satellites:22,2026-09-03 16:17:41,"106.827187,-6.296065",2026-09-03 16:17:41,"106.827187,-6.296065",2026-09-03 15:17:43,50.15 km/h,No,,,,,GPS,Pending,Not Reviewed,1051.33 km
2590000898,B 9979 SYM,,Headway Monitoring Warning,"Sankyu,PT",,Alarm End,Identity ID:'' ; Name:'' ; Type:HMW Forward absolute velocity collision ; satellites:18,2026-09-03 16:16:52,"106.822075,-6.2937",2026-09-03 16:16:52,"106.822075,-6.2937",2026-09-03 15:16:55,38.07 km/h,No,,,,,GPS,Pending,Not Reviewed,1050.7 km
2590000898,B 9979 SYM,,Eyes Closed,"Sankyu,PT",,Alarm End,Identity ID:'' ; Name:'' ; Type:Eyes closed ; satellites:18,2026-09-03 16:16:51,"106.821915,-6.293625",2026-09-03 16:16:51,"106.821915,-6.293625",2026-09-03 15:16:53,38.23 km/h,No,,,,,GPS,Pending,Not Reviewed,1050.7 km
2590000898,B 9979 SYM,,Headway Monitoring Warning,"Sankyu,PT",,Alarm End,Identity ID:'' ; Name:'' ; Type:HMW Forward absolute velocity collision ; satellites:14,2026-09-03 16:16:03,"106.817513,-6.292356",2026-09-03 16:16:03,"106.817513,-6.292356",2026-09-03 15:16:05,45.21 km/h,No,,,,,GPS,Pending,Not Reviewed,1050.21 km
2590000898,B 9979 SYM,,Eyes Closed,"Sankyu,PT",,Alarm End,Identity ID:'' ; Name:'' ; Type:Eyes closed ; satellites:14,2026-09-03 16:16:02,"106.81736,-6.292382",2026-09-03 16:16:02,"106.81736,-6.292382",2026-09-03 15:16:04,45.58 km/h,No,,,,,GPS,Pending,Not Reviewed,1050.21 km
2590000898,B 9979 SYM,,Headway Monitoring Warning,"Sankyu,PT",,Alarm End,Identity ID:'' ; Name:'' ; Type:HMW Forward absolute velocity collision ; satellites:18,2026-09-03 16:15:28,"106.813622,-6.29214",2026-09-03 16:15:28,"106.813622,-6.29214",2026-09-03 15:15:29,41.9 km/h,No,,,,,GPS,Pending,Not Reviewed,1049.71 km
2590000898,B 9979 SYM,,Headway Monitoring Warning,"Sankyu,PT",,Alarm End,Identity ID:'' ; Name:'' ; Type:HMW Forward absolute velocity collision ; satellites:21,2026-09-03 16:15:21,"106.812996,-6.29212",2026-09-03 16:15:21,"106.812996,-6.29212",2026-09-03 15:15:24,42.8 km/h,No,,,,,GPS,Pending,Not Reviewed,1049.71 km
2590000898,B 9979 SYM,,Eyes Closed,"Sankyu,PT",,Alarm End,Identity ID:'' ; Name:'' ; Type:Eyes closed ; satellites:18,2026-09-03 16:14:50,"106.809952,-6.292195",2026-09-03 16:14:50,"106.809952,-6.292195",2026-09-03 15:14:51,33.17 km/h,No,,,,,GPS,Pending,Not Reviewed,1049.34 km
2590000898,B 9979 SYM,,Headway Monitoring Warning,"Sankyu,PT",,Alarm End,Identity ID:'' ; Name:'' ; Type:HMW Forward absolute velocity collision ; satellites:17,2026-09-03 16:13:44,"106.803177,-6.292322",2026-09-03 16:13:44,"106.803177,-6.292322",2026-09-03 15:13:45,43.53 km/h,No,,,,,GPS,Pending,Not Reviewed,1048.63 km
2590000898,B 9979 SYM,,Headway Monitoring Warning,"Sankyu,PT",,Alarm End,Identity ID:'' ; Name:'' ; Type:HMW Forward absolute velocity collision ; satellites:20,2026-09-03 16:13:03,"106.799004,-6.292297",2026-09-03 16:13:03,"106.799004,-6.292297",2026-09-03 15:13:05,38.27 km/h,No,,,,,GPS,Pending,Not Reviewed,1048.22 km
2590000898,B 9979 SYM,,Headway Monitoring Warning,"Sankyu,PT",,Alarm End,Identity ID:'' ; Name:'' ; Type:HMW Forward absolute velocity collision ; satellites:19,2026-09-03 16:12:47,"106.797287,-6.29225",2026-09-03 16:12:47,"106.797287,-6.29225",2026-09-03 15:12:49,45.67 km/h,No,,,,,GPS,Pending,Not Reviewed,1047.98 km
2590000898,B 9979 SYM,,Eyes Closed,"Sankyu,PT",,Alarm End,Identity ID:'' ; Name:'' ; Type:Eyes closed ; satellites:17,2026-09-03 16:12:36,"106.796005,-6.292203",2026-09-03 16:12:36,"106.796005,-6.292203",2026-09-03 15:12:38,46.0 km/h,No,,,,,GPS,Pending,Not Reviewed,1047.86 km
2590000898,B 9979 SYM,,Headway Monitoring Warning,"Sankyu,PT",,Alarm End,Identity ID:'' ; Name:'' ; Type:HMW Forward absolute velocity collision ; satellites:20,2026-09-03 16:11:45,"106.790466,-6.292171",2026-09-03 16:11:45,"106.790466,-6.292171",2026-09-03 15:11:47,42.06 km/h,No,,,,,GPS,Pending,Not Reviewed,1047.29 km
2590000898,B 9979 SYM,,Eyes Closed,"Sankyu,PT",,Alarm End,Identity ID:'' ; Name:'' ; Type:Eyes closed ; satellites:20,2026-09-03 16:11:32,"106.789124,-6.292161",2026-09-03 16:11:32,"106.789124,-6.292161",2026-09-03 15:11:33,39.2 km/h,No,,,,,GPS,Pending,Not Reviewed,1047.05 km
2590000898,B 9979 SYM,,Eyes Closed,"Sankyu,PT",,Alarm End,Identity ID:'' ; Name:'' ; Type:Eyes closed ; satellites:19,2026-09-03 16:11:10,"106.786957,-6.292157",2026-09-03 16:11:10,"106.786957,-6.292157",2026-09-03 15:11:11,35.53 km/h,No,,,,,GPS,Pending,Not Reviewed,1046.79 km
2590000898,B 9979 SYM,,Headway Monitoring Warning,"Sankyu,PT",,Alarm End,Identity ID:'' ; Name:'' ; Type:HMW Forward absolute velocity collision ; satellites:18,2026-09-03 16:10:41,"106.784035,-6.29155",2026-09-03 16:10:41,"106.784035,-6.29155",2026-09-03 15:10:43,44.14 km/h,No,,,,,GPS,Pending,Not Reviewed,1046.54 km
2590000898,B 9979 SYM,,Headway Monitoring Warning,"Sankyu,PT",,Alarm End,Identity ID:'' ; Name:'' ; Type:HMW Forward absolute velocity collision ; satellites:19,2026-09-03 16:03:37,"106.766037,-6.259358",2026-09-03 16:03:37,"106.766037,-6.259358",2026-09-03 15:03:39,41.81 km/h,No,,,,,GPS,Pending,Not Reviewed,1042.26 km
2590000898,B 9979 SYM,,Headway Monitoring Warning,"Sankyu,PT",,Alarm End,Identity ID:'' ; Name:'' ; Type:HMW Forward absolute velocity collision ; satellites:20,2026-09-03 16:03:22,"106.765633,-6.258",2026-09-03 16:03:22,"106.765633,-6.258",2026-09-03 15:03:24,39.55 km/h,No,,,,,GPS,Pending,Not Reviewed,1042.12 km
2590000898,B 9979 SYM,,Headway Monitoring Warning,"Sankyu,PT",,Alarm End,Identity ID:'' ; Name:'' ; Type:HMW Forward absolute velocity collision ; satellites:20,2026-09-03 16:01:44,"106.762489,-6.250245",2026-09-03 16:01:44,"106.762489,-6.250245",2026-09-03 15:01:45,44.95 km/h,No,,,,,GPS,Pending,Not Reviewed,1041.21 km
2590000898,B 9979 SYM,,Headway Monitoring Warning,"Sankyu,PT",,Alarm End,Identity ID:'' ; Name:'' ; Type:HMW Forward absolute velocity collision ; satellites:21,2026-09-03 15:59:37,"106.757011,-6.236465",2026-09-03 15:59:37,"106.757011,-6.236465",2026-09-03 14:59:39,52.42 km/h,No,,,,,GPS,Pending,Not Reviewed,1039.55 km
2590000898,B 9979 SYM,,Eyes Closed,"Sankyu,PT",,Alarm End,Identity ID:'' ; Name:'' ; Type:Eyes closed ; satellites:22,2026-09-03 15:59:19,"106.755814,-6.234668",2026-09-03 15:59:19,"106.755814,-6.234668",2026-09-03 14:59:21,47.36 km/h,No,,,,,GPS,Pending,Not Reviewed,1039.3 km
2590000898,B 9979 SYM,,Headway Monitoring Warning,"Sankyu,PT",,Alarm End,Identity ID:'' ; Name:'' ; Type:HMW Forward absolute velocity collision ; satellites:22,2026-09-03 15:59:00,"106.754517,-6.232633",2026-09-03 15:59:00,"106.754517,-6.232633",2026-09-03 14:59:02,56.77 km/h,No,,,,,GPS,Pending,Not Reviewed,1038.91 km
2590000898,B 9979 SYM,,Eyes Closed,"Sankyu,PT",,Alarm End,Identity ID:'' ; Name:'' ; Type:Eyes closed ; satellites:22,2026-09-03 15:58:31,"106.752609,-6.229752",2026-09-03 15:58:31,"106.752609,-6.229752",2026-09-03 14:58:33,44.95 km/h,No,,,,,GPS,Pending,Not Reviewed,1038.67 km
2590000898,B 9979 SYM,,Headway Monitoring Warning,"Sankyu,PT",,Alarm End,Identity ID:'' ; Name:'' ; Type:HMW Forward absolute velocity collision ; satellites:22,2026-09-03 15:58:16,"106.751663,-6.228333",2026-09-03 15:58:16,"106.751663,-6.228333",2026-09-03 14:58:18,43.67 km/h,No,,,,,GPS,Pending,Not Reviewed,1038.45 km
2590000898,B 9979 SYM,,Headway Monitoring Warning,"Sankyu,PT",,Alarm End,Identity ID:'' ; Name:'' ; Type:HMW Forward absolute velocity collision ; satellites:21,2026-09-03 15:57:38,"106.749344,-6.224868",2026-09-03 15:57:38,"106.749344,-6.224868",2026-09-03 14:57:40,42.62 km/h,No,,,,,GPS,Pending,Not Reviewed,1038.0 km
2590000898,B 9979 SYM,,Eyes Closed,"Sankyu,PT",,Alarm End,Identity ID:'' ; Name:'' ; Type:Eyes closed ; satellites:20,2026-09-03 15:57:30,"106.748924,-6.224218",2026-09-03 15:57:30,"106.748924,-6.224218",2026-09-03 14:57:32,43.9 km/h,No,,,,,GPS,Pending,Not Reviewed,1037.89 km
2590000898,B 9979 SYM,,Headway Monitoring Warning,"Sankyu,PT",,Alarm End,Identity ID:'' ; Name:'' ; Type:HMW Forward absolute velocity collision ; satellites:21,2026-09-03 15:56:43,"106.746101,-6.21958",2026-09-03 15:56:43,"106.746101,-6.21958",2026-09-03 14:56:45,44.01 km/h,No,,,,,GPS,Pending,Not Reviewed,1037.33 km
2590000898,B 9979 SYM,,Eyes Closed,"Sankyu,PT",,Alarm End,Identity ID:'' ; Name:'' ; Type:Eyes closed ; satellites:22,2026-09-03 15:56:22,"106.745064,-6.217743",2026-09-03 15:56:22,"106.745064,-6.217743",2026-09-03 14:56:24,40.71 km/h,No,,,,,GPS,Pending,Not Reviewed,1037.06 km
2590000898,B 9979 SYM,,Headway Monitoring Warning,"Sankyu,PT",,Alarm End,Identity ID:'' ; Name:'' ; Type:HMW Forward absolute velocity collision ; satellites:22,2026-09-03 15:56:12,"106.744568,-6.216845",2026-09-03 15:56:12,"106.744568,-6.216845",2026-09-03 14:56:14,41.64 km/h,No,,,,,GPS,Pending,Not Reviewed,1036.92 km
2590000898,B 9979 SYM,,Headway Monitoring Warning,"Sankyu,PT",,Alarm End,Identity ID:'' ; Name:'' ; Type:HMW Forward absolute velocity collision ; satellites:20,2026-09-03 15:56:01,"106.744034,-6.215875",2026-09-03 15:56:01,"106.744034,-6.215875",2026-09-03 14:56:03,43.36 km/h,No,,,,,GPS,Pending,Not Reviewed,1036.81 km
2590000898,B 9979 SYM,,Eyes Closed,"Sankyu,PT",,Alarm End,Identity ID:'' ; Name:'' ; Type:Eyes closed ; satellites:22,2026-09-03 15:56:00,"106.743935,-6.215688",2026-09-03 15:56:00,"106.743935,-6.215688",2026-09-03 14:56:02,42.05 km/h,No,,,,,GPS,Pending,Not Reviewed,1036.81 km
2590000898,B 9979 SYM,,Headway Monitoring Warning,"Sankyu,PT",,Alarm End,Identity ID:'' ; Name:'' ; Type:HMW Forward absolute velocity collision ; satellites:20,2026-09-03 15:55:17,"106.741852,-6.21196",2026-09-03 15:55:17,"106.741852,-6.21196",2026-09-03 14:55:18,38.03 km/h,No,,,,,GPS,Pending,Not Reviewed,1036.29 km
2590000898,B 9979 SYM,,Eyes Closed,"Sankyu,PT",,Alarm End,Identity ID:'' ; Name:'' ; Type:Eyes closed ; satellites:21,2026-09-03 15:54:30,"106.739197,-6.207237",2026-09-03 15:54:30,"106.739197,-6.207237",2026-09-03 14:54:32,50.78 km/h,No,,,,,GPS,Pending,Not Reviewed,1035.76 km
2590000898,B 9979 SYM,,Headway Monitoring Warning,"Sankyu,PT",,Alarm End,Identity ID:'' ; Name:'' ; Type:HMW Forward absolute velocity collision ; satellites:19,2026-09-03 15:50:31,"106.732117,-6.192055",2026-09-03 15:50:31,"106.732117,-6.192055",2026-09-03 14:50:33,45.02 km/h,No,,,,,GPS,Pending,Not Reviewed,1033.99 km
2590000898,B 9979 SYM,,Headway Monitoring Warning,"Sankyu,PT",,Alarm End,Identity ID:'' ; Name:'' ; Type:HMW Forward absolute velocity collision ; satellites:19,2026-09-03 15:50:25,"106.731934,-6.191507",2026-09-03 15:50:25,"106.731934,-6.191507",2026-09-03 14:50:27,40.27 km/h,No,,,,,GPS,Pending,Not Reviewed,1033.88 km
2590000898,B 9979 SYM,,Headway Monitoring Warning,"Sankyu,PT",,Alarm End,Identity ID:'' ; Name:'' ; Type:HMW Forward absolute velocity collision ; satellites:14,2026-09-03 15:49:24,"106.731621,-6.190973",2026-09-03 15:49:24,"106.731621,-6.190973",2026-09-03 14:49:26,34.22 km/h,No,,,,,GPS,Pending,Not Reviewed,1033.28 km
2590000898,B 9979 SYM,,Forward Collision Warning,"Sankyu,PT",,Alarm End,Identity ID:'' ; Name:'' ; Type:FCW Forward relative velocity collision ; satellites:19,2026-09-03 15:49:22,"106.731453,-6.190957",2026-09-03 15:49:22,"106.731453,-6.190957",2026-09-03 14:49:24,30.65 km/h,No,,,,,GPS,Pending,Not Reviewed,1033.28 km
2590000898,B 9979 SYM,,Eyes Closed,"Sankyu,PT",,Alarm End,Identity ID:'' ; Name:'' ; Type:Eyes closed ; satellites:22,2026-09-03 15:49:03,"106.730072,-6.190897",2026-09-03 15:49:03,"106.730072,-6.190897",2026-09-03 14:49:05,27.04 km/h,No,,,,,GPS,Pending,Not Reviewed,1033.05 km
2590000898,B 9979 SYM,,Headway Monitoring Warning,"Sankyu,PT",,Alarm End,Identity ID:'' ; Name:'' ; Type:HMW Forward absolute velocity collision ; satellites:22,2026-09-03 15:48:14,"106.727036,-6.19077",2026-09-03 15:48:14,"106.727036,-6.19077",2026-09-03 14:48:16,35.72 km/h,No,,,,,GPS,Pending,Not Reviewed,1032.7 km
2590000898,B 9979 SYM,,Forward Collision Warning,"Sankyu,PT",,Alarm End,Identity ID:'' ; Name:'' ; Type:FCW Forward relative velocity collision ; satellites:22,2026-09-03 15:48:13,"106.726868,-6.190738",2026-09-03 15:48:13,"106.726868,-6.190738",2026-09-03 14:48:14,34.48 km/h,No,,,,,GPS,Pending,Not Reviewed,1032.7 km
2590000898,B 9979 SYM,,Headway Monitoring Warning,"Sankyu,PT",,Alarm End,Identity ID:'' ; Name:'' ; Type:HMW Forward absolute velocity collision ; satellites:21,2026-09-03 15:47:32,"106.724548,-6.190588",2026-09-03 15:47:32,"106.724548,-6.190588",2026-09-03 14:47:33,31.8 km/h,No,,,,,GPS,Pending,Not Reviewed,1032.47 km
2590000898,B 9979 SYM,,Headway Monitoring Warning,"Sankyu,PT",,Alarm End,Identity ID:'' ; Name:'' ; Type:HMW Forward absolute velocity collision ; satellites:22,2026-09-03 15:47:18,"106.723549,-6.190695",2026-09-03 15:47:18,"106.723549,-6.190695",2026-09-03 14:47:20,30.09 km/h,No,,,,,GPS,Pending,Not Reviewed,1032.35 km
2590000898,B 9979 SYM,,Headway Monitoring Warning,"Sankyu,PT",,Alarm End,Identity ID:'' ; Name:'' ; Type:HMW Forward absolute velocity collision ; satellites:21,2026-09-03 15:47:07,"106.722755,-6.190902",2026-09-03 15:47:07,"106.722755,-6.190902",2026-09-03 14:47:08,36.05 km/h,No,,,,,GPS,Pending,Not Reviewed,1032.22 km
2590000898,B 9979 SYM,,Headway Monitoring Warning,"Sankyu,PT",,Alarm End,Identity ID:'' ; Name:'' ; Type:HMW Forward absolute velocity collision ; satellites:20,2026-09-03 15:47:02,"106.72229,-6.191027",2026-09-03 15:47:02,"106.72229,-6.191027",2026-09-03 14:47:03,41.07 km/h,No,,,,,GPS,Pending,Not Reviewed,1032.22 km
2590000898,B 9979 SYM,,Headway Monitoring Warning,"Sankyu,PT",,Alarm End,Identity ID:'' ; Name:'' ; Type:HMW Forward absolute velocity collision ; satellites:20,2026-09-03 15:46:57,"106.721855,-6.191148",2026-09-03 15:46:57,"106.721855,-6.191148",2026-09-03 14:46:59,44.12 km/h,No,,,,,GPS,Pending,Not Reviewed,1032.22 km
2590000898,B 9979 SYM,,Headway Monitoring Warning,"Sankyu,PT",,Alarm End,Identity ID:'' ; Name:'' ; Type:HMW Forward absolute velocity collision ; satellites:21,2026-09-03 15:45:27,"106.714432,-6.195405",2026-09-03 15:45:27,"106.714432,-6.195405",2026-09-03 14:45:29,42.08 km/h,No,,,,,GPS,Pending,Not Reviewed,1031.24 km
2590000898,B 9979 SYM,,Forward Collision Warning,"Sankyu,PT",,Alarm End,Identity ID:'' ; Name:'' ; Type:FCW Forward relative velocity collision ; satellites:22,2026-09-03 15:45:27,"106.714508,-6.195338",2026-09-03 15:45:27,"106.714508,-6.195338",2026-09-03 14:45:29,43.19 km/h,No,,,,,GPS,Pending,Not Reviewed,1031.24 km
2590000898,B 9979 SYM,,Headway Monitoring Warning,"Sankyu,PT",,Alarm End,Identity ID:'' ; Name:'' ; Type:HMW Forward absolute velocity collision ; satellites:22,2026-09-03 15:45:16,"106.713692,-6.196037",2026-09-03 15:45:16,"106.713692,-6.196037",2026-09-03 14:45:17,30.3 km/h,No,,,,,GPS,Pending,Not Reviewed,1031.13 km
2590000898,B 9979 SYM,,Headway Monitoring Warning,"Sankyu,PT",,Alarm End,Identity ID:'' ; Name:'' ; Type:HMW Forward absolute velocity collision ; satellites:20,2026-09-03 15:45:01,"106.712814,-6.19673",2026-09-03 15:45:01,"106.712814,-6.19673",2026-09-03 14:45:02,29.89 km/h,No,,,,,GPS,Pending,Not Reviewed,1031.0 km
2590000898,B 9979 SYM,,Headway Monitoring Warning,"Sankyu,PT",,Alarm End,Identity ID:'' ; Name:'' ; Type:HMW Forward absolute velocity collision ; satellites:21,2026-09-03 15:44:56,"106.712463,-6.196981",2026-09-03 15:44:56,"106.712463,-6.196981",2026-09-03 14:44:57,39.29 km/h,No,,,,,GPS,Pending,Not Reviewed,1030.88 km
2590000898,B 9979 SYM,,Headway Monitoring Warning,"Sankyu,PT",,Alarm End,Identity ID:'' ; Name:'' ; Type:HMW Forward absolute velocity collision ; satellites:20,2026-09-03 15:44:51,"106.71199,-6.197357",2026-09-03 15:44:51,"106.71199,-6.197357",2026-09-03 14:44:52,54.16 km/h,No,,,,,GPS,Pending,Not Reviewed,1030.88 km
2590000898,B 9979 SYM,,Headway Monitoring Warning,"Sankyu,PT",,Alarm End,Identity ID:'' ; Name:'' ; Type:HMW Forward absolute velocity collision ; satellites:21,2026-09-03 15:43:50,"106.707092,-6.201187",2026-09-03 15:43:50,"106.707092,-6.201187",2026-09-03 14:43:52,37.01 km/h,No,,,,,GPS,Pending,Not Reviewed,1030.16 km
2590000898,B 9979 SYM,,Headway Monitoring Warning,"Sankyu,PT",,Alarm End,Identity ID:'' ; Name:'' ; Type:HMW Forward absolute velocity collision ; satellites:20,2026-09-03 15:43:33,"106.705887,-6.20214",2026-09-03 15:43:33,"106.705887,-6.20214",2026-09-03 14:43:34,36.44 km/h,No,,,,,GPS,Pending,Not Reviewed,1030.04 km
2590000898,B 9979 SYM,,Headway Monitoring Warning,"Sankyu,PT",,Alarm End,Identity ID:'' ; Name:'' ; Type:HMW Forward absolute velocity collision ; satellites:20,2026-09-03 15:43:28,"106.705528,-6.202418",2026-09-03 15:43:28,"106.705528,-6.202418",2026-09-03 14:43:29,36.27 km/h,No,,,,,GPS,Pending,Not Reviewed,1029.92 km
2590000898,B 9979 SYM,,Headway Monitoring Warning,"Sankyu,PT",,Alarm End,Identity ID:'' ; Name:'' ; Type:HMW Forward absolute velocity collision ; satellites:20,2026-09-03 15:43:23,"106.705162,-6.202712",2026-09-03 15:43:23,"106.705162,-6.202712",2026-09-03 14:43:24,36.87 km/h,No,,,,,GPS,Pending,Not Reviewed,1029.92 km
2590000898,B 9979 SYM,,Headway Monitoring Warning,"Sankyu,PT",,Alarm End,Identity ID:'' ; Name:'' ; Type:HMW Forward absolute velocity collision ; satellites:18,2026-09-03 15:43:17,"106.704712,-6.203063",2026-09-03 15:43:17,"106.704712,-6.203063",2026-09-03 14:43:18,38.36 km/h,No,,,,,GPS,Pending,Not Reviewed,1029.79 km
2590000898,B 9979 SYM,,Headway Monitoring Warning,"Sankyu,PT",,Alarm End,Identity ID:'' ; Name:'' ; Type:HMW Forward absolute velocity collision ; satellites:15,2026-09-03 15:43:12,"106.704277,-6.203403",2026-09-03 15:43:12,"106.704277,-6.203403",2026-09-03 14:43:13,41.68 km/h,No,,,,,GPS,Pending,Not Reviewed,1029.79 km
2590000898,B 9979 SYM,,Headway Monitoring Warning,"Sankyu,PT",,Alarm End,Identity ID:'' ; Name:'' ; Type:HMW Forward absolute velocity collision ; satellites:20,2026-09-03 15:43:07,"106.703934,-6.203675",2026-09-03 15:43:07,"106.703934,-6.203675",2026-09-03 14:43:08,38.59 km/h,No,,,,,GPS,Pending,Not Reviewed,1029.79 km
2590000898,B 9979 SYM,,Headway Monitoring Warning,"Sankyu,PT",,Alarm End,Identity ID:'' ; Name:'' ; Type:HMW Forward absolute velocity collision ; satellites:20,2026-09-03 15:43:02,"106.703552,-6.203962",2026-09-03 15:43:02,"106.703552,-6.203962",2026-09-03 14:43:03,36.85 km/h,No,,,,,GPS,Pending,Not Reviewed,1029.67 km
2590000898,B 9979 SYM,,Headway Monitoring Warning,"Sankyu,PT",,Alarm End,Identity ID:'' ; Name:'' ; Type:HMW Forward absolute velocity collision ; satellites:22,2026-09-03 15:42:57,"106.703194,-6.204238",2026-09-03 15:42:57,"106.703194,-6.204238",2026-09-03 14:42:58,33.78 km/h,No,,,,,GPS,Pending,Not Reviewed,1029.67 km
2590000898,B 9979 SYM,,Headway Monitoring Warning,"Sankyu,PT",,Alarm End,Identity ID:'' ; Name:'' ; Type:HMW Forward absolute velocity collision ; satellites:22,2026-09-03 15:42:52,"106.702835,-6.204527",2026-09-03 15:42:52,"106.702835,-6.204527",2026-09-03 14:42:53,43.62 km/h,No,,,,,GPS,Pending,Not Reviewed,1029.56 km
2590000898,B 9979 SYM,,Headway Monitoring Warning,"Sankyu,PT",,Alarm End,Identity ID:'' ; Name:'' ; Type:HMW Forward absolute velocity collision ; satellites:22,2026-09-03 15:42:47,"106.702377,-6.204893",2026-09-03 15:42:47,"106.702377,-6.204893",2026-09-03 14:42:48,47.24 km/h,No,,,,,GPS,Pending,Not Reviewed,1029.56 km
2590000898,B 9979 SYM,,Headway Monitoring Warning,"Sankyu,PT",,Alarm End,Identity ID:'' ; Name:'' ; Type:HMW Forward absolute velocity collision ; satellites:22,2026-09-03 15:42:42,"106.701912,-6.205224",2026-09-03 15:42:42,"106.701912,-6.205224",2026-09-03 14:42:43,41.53 km/h,No,,,,,GPS,Pending,Not Reviewed,1029.45 km
2590000898,B 9979 SYM,,Headway Monitoring Warning,"Sankyu,PT",,Alarm End,Identity ID:'' ; Name:'' ; Type:HMW Forward absolute velocity collision ; satellites:22,2026-09-03 15:41:31,"106.696342,-6.209197",2026-09-03 15:41:31,"106.696342,-6.209197",2026-09-03 14:41:32,38.03 km/h,No,,,,,GPS,Pending,Not Reviewed,1028.71 km
2590000898,B 9979 SYM,,Yawning,"Sankyu,PT",,Alarm End,Identity ID:'' ; Name:'' ; Type:yawn ; satellites:22,2026-09-03 15:41:30,"106.696251,-6.209247",2026-09-03 15:41:30,"106.696251,-6.209247",2026-09-03 14:41:31,40.03 km/h,No,,,,,GPS,Pending,Not Reviewed,1028.71 km
2590000898,B 9979 SYM,,Eyes Closed,"Sankyu,PT",,Alarm End,Identity ID:'' ; Name:'' ; Type:Eyes closed ; satellites:22,2026-09-03 15:40:25,"106.689957,-6.211443",2026-09-03 15:40:25,"106.689957,-6.211443",2026-09-03 14:40:27,42.32 km/h,No,,,,,GPS,Pending,Not Reviewed,1027.99 km
2590000898,B 9979 SYM,,Eyes Closed,"Sankyu,PT",,Alarm End,Identity ID:'' ; Name:'' ; Type:Eyes closed ; satellites:22,2026-09-03 15:40:09,"106.688217,-6.211935",2026-09-03 15:40:09,"106.688217,-6.211935",2026-09-03 14:40:10,45.88 km/h,No,,,,,GPS,Pending,Not Reviewed,1027.76 km
2590000898,B 9979 SYM,,Yawning,"Sankyu,PT",,Alarm End,Identity ID:'' ; Name:'' ; Type:yawn ; satellites:22,2026-09-03 15:40:03,"106.687645,-6.212098",2026-09-03 15:40:03,"106.687645,-6.212098",2026-09-03 14:40:05,47.78 km/h,No,,,,,GPS,Pending,Not Reviewed,1027.65 km
2590000898,B 9979 SYM,,Eyes Closed,"Sankyu,PT",,Alarm End,Identity ID:'' ; Name:'' ; Type:Eyes closed ; satellites:21,2026-09-03 15:39:33,"106.684616,-6.212928",2026-09-03 15:39:33,"106.684616,-6.212928",2026-09-03 14:39:35,36.85 km/h,No,,,,,GPS,Pending,Not Reviewed,1027.38 km
2590000898,B 9979 SYM,,Eyes Closed,"Sankyu,PT",,Alarm End,Identity ID:'' ; Name:'' ; Type:Eyes closed ; satellites:22,2026-09-03 15:39:15,"106.682915,-6.21341",2026-09-03 15:39:15,"106.682915,-6.21341",2026-09-03 14:39:17,34.35 km/h,No,,,,,GPS,Pending,Not Reviewed,1027.12 km
2590000898,B 9979 SYM,,Headway Monitoring Warning,"Sankyu,PT",,Alarm End,Identity ID:'' ; Name:'' ; Type:HMW Forward absolute velocity collision ; satellites:22,2026-09-03 15:39:04,"106.681969,-6.213708",2026-09-03 15:39:04,"106.681969,-6.213708",2026-09-03 14:39:06,32.0 km/h,No,,,,,GPS,Pending,Not Reviewed,1027.0 km
2590000898,B 9979 SYM,,Forward Collision Warning,"Sankyu,PT",,Alarm End,Identity ID:'' ; Name:'' ; Type:FCW Forward relative velocity collision ; satellites:22,2026-09-03 15:38:58,"106.681374,-6.213883",2026-09-03 15:38:58,"106.681374,-6.213883",2026-09-03 14:39:00,33.68 km/h,No,,,,,GPS,Pending,Not Reviewed,1027.0 km
2590000898,B 9979 SYM,,Eyes Closed,"Sankyu,PT",,Alarm End,Identity ID:'' ; Name:'' ; Type:Eyes closed ; satellites:22,2026-09-03 15:38:49,"106.680878,-6.214018",2026-09-03 15:38:49,"106.680878,-6.214018",2026-09-03 14:38:51,21.94 km/h,No,,,,,GPS,Pending,Not Reviewed,1026.89 km
2590000898,B 9979 SYM,,Forward Collision Warning,"Sankyu,PT",,Alarm End,Identity ID:'' ; Name:'' ; Type:FCW Forward relative velocity collision ; satellites:22,2026-09-03 15:38:14,"106.679131,-6.21446",2026-09-03 15:38:14,"106.679131,-6.21446",2026-09-03 14:38:15,27.78 km/h,No,,,,,GPS,Pending,Not Reviewed,1026.67 km
2590000898,B 9979 SYM,,Headway Monitoring Warning,"Sankyu,PT",,Alarm End,Identity ID:'' ; Name:'' ; Type:HMW Forward absolute velocity collision ; satellites:22,2026-09-03 15:37:57,"106.677956,-6.214797",2026-09-03 15:37:57,"106.677956,-6.214797",2026-09-03 14:37:58,31.78 km/h,No,,,,,GPS,Pending,Not Reviewed,1026.56 km
2590000898,B 9979 SYM,,Yawning,"Sankyu,PT",,Alarm End,Identity ID:'' ; Name:'' ; Type:yawn ; satellites:22,2026-09-03 15:37:54,"106.677727,-6.214862",2026-09-03 15:37:54,"106.677727,-6.214862",2026-09-03 14:37:55,32.48 km/h,No,,,,,GPS,Pending,Not Reviewed,1026.56 km
2590000898,B 9979 SYM,,Headway Monitoring Warning,"Sankyu,PT",,Alarm End,Identity ID:'' ; Name:'' ; Type:HMW Forward absolute velocity collision ; satellites:22,2026-09-03 15:37:49,"106.677322,-6.214975",2026-09-03 15:37:49,"106.677322,-6.214975",2026-09-03 14:37:50,34.41 km/h,No,,,,,GPS,Pending,Not Reviewed,1026.56 km
2590000898,B 9979 SYM,,Headway Monitoring Warning,"Sankyu,PT",,Alarm End,Identity ID:'' ; Name:'' ; Type:HMW Forward absolute velocity collision ; satellites:21,2026-09-03 15:37:44,"106.676918,-6.215088",2026-09-03 15:37:44,"106.676918,-6.215088",2026-09-03 14:37:45,34.61 km/h,No,,,,,GPS,Pending,Not Reviewed,1026.45 km
2590000898,B 9979 SYM,,Headway Monitoring Warning,"Sankyu,PT",,Alarm End,Identity ID:'' ; Name:'' ; Type:HMW Forward absolute velocity collision ; satellites:22,2026-09-03 15:37:39,"106.676582,-6.215183",2026-09-03 15:37:39,"106.676582,-6.215183",2026-09-03 14:37:41,36.77 km/h,No,,,,,GPS,Pending,Not Reviewed,1026.45 km
2590000898,B 9979 SYM,,Headway Monitoring Warning,"Sankyu,PT",,Alarm End,Identity ID:'' ; Name:'' ; Type:HMW Forward absolute velocity collision ; satellites:20,2026-09-03 15:30:31,"106.661003,-6.218705",2026-09-03 15:30:31,"106.661003,-6.218705",2026-09-03 14:30:33,42.36 km/h,No,,,,,GPS,Pending,Not Reviewed,1024.64 km
2590000898,B 9979 SYM,,Yawning,"Sankyu,PT",,Alarm End,Identity ID:'' ; Name:'' ; Type:yawn ; satellites:22,2026-09-03 15:30:00,"106.658287,-6.219117",2026-09-03 15:30:00,"106.658287,-6.219117",2026-09-03 14:30:02,25.93 km/h,No,,,,,GPS,Pending,Not Reviewed,1024.38 km
2590000898,B 9979 SYM,,Forward Collision Warning,"Sankyu,PT",,Alarm End,Identity ID:'' ; Name:'' ; Type:FCW Forward relative velocity collision ; satellites:21,2026-09-03 15:27:50,"106.652115,-6.219965",2026-09-03 15:27:50,"106.652115,-6.219965",2026-09-03 14:27:52,22.82 km/h,No,,,,,GPS,Pending,Not Reviewed,1023.67 km
2590000898,B 9979 SYM,,Headway Monitoring Warning,"Sankyu,PT",,Alarm End,Identity ID:'' ; Name:'' ; Type:HMW Forward absolute velocity collision ; satellites:22,2026-09-03 15:25:51,"106.646858,-6.220696",2026-09-03 15:25:51,"106.646858,-6.220696",2026-09-03 14:25:52,30.17 km/h,No,,,,,GPS,Pending,Not Reviewed,1023.09 km
2590000898,B 9979 SYM,,Headway Monitoring Warning,"Sankyu,PT",,Alarm End,Identity ID:'' ; Name:'' ; Type:HMW Forward absolute velocity collision ; satellites:22,2026-09-03 15:23:44,"106.639442,-6.22175",2026-09-03 15:23:44,"106.639442,-6.22175",2026-09-03 14:23:46,40.44 km/h,No,,,,,GPS,Pending,Not Reviewed,1022.27 km
2590000898,B 9979 SYM,,Headway Monitoring Warning,"Sankyu,PT",,Alarm End,Identity ID:'' ; Name:'' ; Type:HMW Forward absolute velocity collision ; satellites:19,2026-09-03 15:22:58,"106.633827,-6.22259",2026-09-03 15:22:58,"106.633827,-6.22259",2026-09-03 14:23:00,51.43 km/h,No,,,,,GPS,Pending,Not Reviewed,1021.64 km
2590000898,B 9979 SYM,,Headway Monitoring Warning,"Sankyu,PT",,Alarm End,Identity ID:'' ; Name:'' ; Type:HMW Forward absolute velocity collision ; satellites:19,2026-09-03 15:22:49,"106.6325,-6.22278",2026-09-03 15:22:49,"106.6325,-6.22278",2026-09-03 14:22:51,53.13 km/h,No,,,,,GPS,Pending,Not Reviewed,1021.51 km
2590000898,B 9979 SYM,,Headway Monitoring Warning,"Sankyu,PT",,Alarm End,Identity ID:'' ; Name:'' ; Type:HMW Forward absolute velocity collision ; satellites:21,2026-09-03 15:22:14,"106.628181,-6.22339",2026-09-03 15:22:14,"106.628181,-6.22339",2026-09-03 14:22:16,49.22 km/h,No,,,,,GPS,Pending,Not Reviewed,1021.11 km
2590000898,B 9979 SYM,,Headway Monitoring Warning,"Sankyu,PT",,Alarm End,Identity ID:'' ; Name:'' ; Type:HMW Forward absolute velocity collision ; satellites:21,2026-09-03 15:22:04,"106.626938,-6.223573",2026-09-03 15:22:04,"106.626938,-6.223573",2026-09-03 14:22:06,52.96 km/h,No,,,,,GPS,Pending,Not Reviewed,1020.85 km
2590000898,B 9979 SYM,,Headway Monitoring Warning,"Sankyu,PT",,Alarm End,Identity ID:'' ; Name:'' ; Type:HMW Forward absolute velocity collision ; satellites:20,2026-09-03 15:21:03,"106.6194,-6.22464",2026-09-03 15:21:03,"106.6194,-6.22464",2026-09-03 14:21:05,47.43 km/h,No,,,,,GPS,Pending,Not Reviewed,1020.12 km
2590000898,B 9979 SYM,,Eyes Closed,"Sankyu,PT",,Alarm End,Identity ID:'' ; Name:'' ; Type:Eyes closed ; satellites:19,2026-09-03 15:20:37,"106.616455,-6.224988",2026-09-03 15:20:37,"106.616455,-6.224988",2026-09-03 14:20:39,38.09 km/h,No,,,,,GPS,Pending,Not Reviewed,1019.77 km
2590000898,B 9979 SYM,,Eyes Closed,"Sankyu,PT",,Alarm End,Identity ID:'' ; Name:'' ; Type:Eyes closed ; satellites:22,2026-09-03 15:20:24,"106.615204,-6.225037",2026-09-03 15:20:24,"106.615204,-6.225037",2026-09-03 14:20:25,36.79 km/h,No,,,,,GPS,Pending,Not Reviewed,1019.64 km
2590000898,B 9979 SYM,,Headway Monitoring Warning,"Sankyu,PT",,Alarm End,Identity ID:'' ; Name:'' ; Type:HMW Forward absolute velocity collision ; satellites:20,2026-09-03 15:19:44,"106.611092,-6.22488",2026-09-03 15:19:44,"106.611092,-6.22488",2026-09-03 14:19:46,48.74 km/h,No,,,,,GPS,Pending,Not Reviewed,1019.13 km
2590000898,B 9979 SYM,,Headway Monitoring Warning,"Sankyu,PT",,Alarm End,Identity ID:'' ; Name:'' ; Type:HMW Forward absolute velocity collision ; satellites:22,2026-09-03 15:18:14,"106.598732,-6.223787",2026-09-03 15:18:14,"106.598732,-6.223787",2026-09-03 14:18:15,52.89 km/h,No,,,,,GPS,Pending,Not Reviewed,1017.77 km
2590000898,B 9979 SYM,,Headway Monitoring Warning,"Sankyu,PT",,Alarm End,Identity ID:'' ; Name:'' ; Type:HMW Forward absolute velocity collision ; satellites:22,2026-09-03 15:18:09,"106.598076,-6.223728",2026-09-03 15:18:09,"106.598076,-6.223728",2026-09-03 14:18:11,52.05 km/h,No,,,,,GPS,Pending,Not Reviewed,1017.77 km
2590000898,B 9979 SYM,,Headway Monitoring Warning,"Sankyu,PT",,Alarm End,Identity ID:'' ; Name:'' ; Type:HMW Forward absolute velocity collision ; satellites:22,2026-09-03 15:16:42,"106.586571,-6.22266",2026-09-03 15:16:42,"106.586571,-6.22266",2026-09-03 14:16:43,46.84 km/h,No,,,,,GPS,Pending,Not Reviewed,1016.46 km
2590000898,B 9979 SYM,,Headway Monitoring Warning,"Sankyu,PT",,Alarm End,Identity ID:'' ; Name:'' ; Type:HMW Forward absolute velocity collision ; satellites:22,2026-09-03 15:16:33,"106.585548,-6.222555",2026-09-03 15:16:33,"106.585548,-6.222555",2026-09-03 14:16:34,40.45 km/h,No,,,,,GPS,Pending,Not Reviewed,1016.35 km
2590000898,B 9979 SYM,,Headway Monitoring Warning,"Sankyu,PT",,Alarm End,Identity ID:'' ; Name:'' ; Type:HMW Forward absolute velocity collision ; satellites:22,2026-09-03 15:16:28,"106.58503,-6.222505",2026-09-03 15:16:28,"106.58503,-6.222505",2026-09-03 14:16:30,43.8 km/h,No,,,,,GPS,Pending,Not Reviewed,1016.24 km
2590000898,B 9979 SYM,,Headway Monitoring Warning,"Sankyu,PT",,Alarm End,Identity ID:'' ; Name:'' ; Type:HMW Forward absolute velocity collision ; satellites:22,2026-09-03 15:14:52,"106.57444,-6.221502",2026-09-03 15:14:52,"106.57444,-6.221502",2026-09-03 14:14:54,50.15 km/h,No,,,,,GPS,Pending,Not Reviewed,1015.04 km
2590000898,B 9979 SYM,,Headway Monitoring Warning,"Sankyu,PT",,Alarm End,Identity ID:'' ; Name:'' ; Type:HMW Forward absolute velocity collision ; satellites:22,2026-09-03 15:14:41,"106.573044,-6.221392",2026-09-03 15:14:41,"106.573044,-6.221392",2026-09-03 14:14:42,54.9 km/h,No,,,,,GPS,Pending,Not Reviewed,1014.9 km
2590000898,B 9979 SYM,,Headway Monitoring Warning,"Sankyu,PT",,Alarm End,Identity ID:'' ; Name:'' ; Type:HMW Forward absolute velocity collision ; satellites:22,2026-09-03 15:14:36,"106.572487,-6.221348",2026-09-03 15:14:36,"106.572487,-6.221348",2026-09-03 14:14:38,54.35 km/h,No,,,,,GPS,Pending,Not Reviewed,1014.9 km
2590000898,B 9979 SYM,,Headway Monitoring Warning,"Sankyu,PT",,Alarm End,Identity ID:'' ; Name:'' ; Type:HMW Forward absolute velocity collision ; satellites:21,2026-09-03 15:12:39,"106.565048,-6.218255",2026-09-03 15:12:39,"106.565048,-6.218255",2026-09-03 14:12:41,36.05 km/h,No,,,,,GPS,Pending,Not Reviewed,1013.93 km
2590000898,B 9979 SYM,,Headway Monitoring Warning,"Sankyu,PT",80 Kph [10:Polygon],Alarm End,Identity ID:'' ; Name:'' ; Type:HMW Forward absolute velocity collision ; satellites:20,2026-09-03 15:10:26,"106.563728,-6.21479",2026-09-03 15:10:26,"106.563728,-6.21479",2026-09-03 14:10:28,30.21 km/h,No,,,,,GPS,Pending,Not Reviewed,1013.48 km
2590000898,B 9979 SYM,,Headway Monitoring Warning,"Sankyu,PT",80 Kph [10:Polygon],Alarm End,Identity ID:'' ; Name:'' ; Type:HMW Forward absolute velocity collision ; satellites:22,2026-09-03 15:10:13,"106.563942,-6.213757",2026-09-03 15:10:13,"106.563942,-6.213757",2026-09-03 14:10:15,32.83 km/h,No,,,,,GPS,Pending,Not Reviewed,1013.37 km
2590000898,B 9979 SYM,,Forward Collision Warning,"Sankyu,PT",80 Kph [10:Polygon],Alarm End,Identity ID:'' ; Name:'' ; Type:FCW Forward relative velocity collision ; satellites:22,2026-09-03 15:10:08,"106.564034,-6.213333",2026-09-03 15:10:08,"106.564034,-6.213333",2026-09-03 14:10:09,27.13 km/h,No,,,,,GPS,Pending,Not Reviewed,1013.37 km
2590000898,B 9979 SYM,,Distracted Driving,"Sankyu,PT",80 Kph [10:Polygon],Alarm End,Identity ID:'' ; Name:'' ; Type:Distractions alarm ; satellites:21,2026-09-03 15:09:44,"106.564568,-6.211952",2026-09-03 15:09:44,"106.564568,-6.211952",2026-09-03 14:09:46,22.49 km/h,No,,,,,GPS,Pending,Not Reviewed,1013.15 km
2590000898,B 9979 SYM,,Headway Monitoring Warning,"Sankyu,PT",80 Kph [10:Polygon],Alarm End,Identity ID:'' ; Name:'' ; Type:HMW Forward absolute velocity collision ; satellites:21,2026-09-03 15:04:30,"106.5784,-6.198388",2026-09-03 15:04:30,"106.5784,-6.198388",2026-09-03 14:04:32,31.32 km/h,No,,,,,GPS,Pending,Not Reviewed,1010.97 km
2590000898,B 9979 SYM,,Headway Monitoring Warning,"Sankyu,PT",80 Kph [10:Polygon],Alarm End,Identity ID:'' ; Name:'' ; Type:HMW Forward absolute velocity collision ; satellites:21,2026-09-03 15:04:25,"106.578789,-6.198263",2026-09-03 15:04:25,"106.578789,-6.198263",2026-09-03 14:04:27,32.09 km/h,No,,,,,GPS,Pending,Not Reviewed,1010.97 km
2590000898,B 9979 SYM,,Forward Collision Warning,"Sankyu,PT",80 Kph [10:Polygon],Alarm End,Identity ID:'' ; Name:'' ; Type:FCW Forward relative velocity collision ; satellites:21,2026-09-03 14:02:54,"106.581642,-6.19727",2026-09-03 14:02:54,"106.581642,-6.19727",2026-09-03 13:02:55,20.92 km/h,No,,,,,GPS,Pending,Not Reviewed,1002.92 km
2590000898,B 9979 SYM,,Forward Collision Warning,"Sankyu,PT",80 Kph [10:Polygon],Alarm End,Identity ID:'' ; Name:'' ; Type:FCW Forward relative velocity collision ; satellites:21,2026-09-03 14:00:26,"106.573563,-6.20131",2026-09-03 14:00:26,"106.573563,-6.20131",2026-09-03 13:00:27,22.47 km/h,No,,,,,GPS,Pending,Not Reviewed,1001.98 km
2590000898,B 9979 SYM,,Headway Monitoring Warning,"Sankyu,PT",80 Kph [10:Polygon],Alarm End,Identity ID:'' ; Name:'' ; Type:HMW Forward absolute velocity collision ; satellites:17,2026-09-03 13:59:04,"106.568764,-6.206565",2026-09-03 13:59:04,"106.568764,-6.206565",2026-09-03 12:59:05,34.37 km/h,No,,,,,GPS,Pending,Not Reviewed,1001.17 km
2590000898,B 9979 SYM,,Headway Monitoring Warning,"Sankyu,PT",80 Kph [10:Polygon],Alarm End,Identity ID:'' ; Name:'' ; Type:HMW Forward absolute velocity collision ; satellites:19,2026-09-03 13:58:59,"106.568413,-6.20685",2026-09-03 13:58:59,"106.568413,-6.20685",2026-09-03 12:59:00,38.03 km/h,No,,,,,GPS,Pending,Not Reviewed,1001.05 km
2590000898,B 9979 SYM,,Headway Monitoring Warning,"Sankyu,PT",80 Kph [10:Polygon],Alarm End,Identity ID:'' ; Name:'' ; Type:HMW Forward absolute velocity collision ; satellites:21,2026-09-03 13:58:54,"106.568123,-6.20709",2026-09-03 13:58:54,"106.568123,-6.20709",2026-09-03 12:58:55,35.5 km/h,No,,,,,GPS,Pending,Not Reviewed,1001.05 km
2590000898,B 9979 SYM,,Forward Collision Warning,"Sankyu,PT",80 Kph [10:Polygon],Alarm End,Identity ID:'' ; Name:'' ; Type:FCW Forward relative velocity collision ; satellites:21,2026-09-03 13:58:39,"106.567345,-6.207677",2026-09-03 13:58:39,"106.567345,-6.207677",2026-09-03 12:58:41,28.43 km/h,No,,,,,GPS,Pending,Not Reviewed,1000.94 km
2590000898,B 9979 SYM,,Headway Monitoring Warning,"Sankyu,PT",,Alarm End,Identity ID:'' ; Name:'' ; Type:HMW Forward absolute velocity collision ; satellites:21,2026-09-03 13:39:37,"106.559959,-6.218498",2026-09-03 13:39:37,"106.559959,-6.218498",2026-09-03 12:39:38,51.44 km/h,No,,,,,GPS,Pending,Not Reviewed,998.65 km
2590000898,B 9979 SYM,,Headway Monitoring Warning,"Sankyu,PT",,Alarm End,Identity ID:'' ; Name:'' ; Type:HMW Forward absolute velocity collision ; satellites:20,2026-09-03 13:39:20,"106.558098,-6.21767",2026-09-03 13:39:20,"106.558098,-6.21767",2026-09-03 12:39:21,51.39 km/h,No,,,,,GPS,Pending,Not Reviewed,998.51 km
2590000898,B 9979 SYM,,Headway Monitoring Warning,"Sankyu,PT",,Alarm End,Identity ID:'' ; Name:'' ; Type:HMW Forward absolute velocity collision ; satellites:22,2026-09-03 13:39:14,"106.557266,-6.217233",2026-09-03 13:39:14,"106.557266,-6.217233",2026-09-03 12:39:15,52.66 km/h,No,,,,,GPS,Pending,Not Reviewed,998.38 km
2590000898,B 9979 SYM,,Forward Collision Warning,"Sankyu,PT",,Alarm End,Identity ID:'' ; Name:'' ; Type:FCW Forward relative velocity collision ; satellites:22,2026-09-03 13:38:26,"106.552223,-6.213957",2026-09-03 13:38:26,"106.552223,-6.213957",2026-09-03 12:38:27,44.15 km/h,No,,,,,GPS,Pending,Not Reviewed,997.74 km
2590000898,B 9979 SYM,,Headway Monitoring Warning,"Sankyu,PT",,Alarm End,Identity ID:'' ; Name:'' ; Type:HMW Forward absolute velocity collision ; satellites:21,2026-09-03 13:38:14,"106.550964,-6.212892",2026-09-03 13:38:14,"106.550964,-6.212892",2026-09-03 12:38:15,52.68 km/h,No,,,,,GPS,Pending,Not Reviewed,997.49 km
2590000898,B 9979 SYM,,Headway Monitoring Warning,"Sankyu,PT",,Alarm End,Identity ID:'' ; Name:'' ; Type:HMW Forward absolute velocity collision ; satellites:20,2026-09-03 13:38:09,"106.550446,-6.212465",2026-09-03 13:38:09,"106.550446,-6.212465",2026-09-03 12:38:10,53.63 km/h,No,,,,,GPS,Pending,Not Reviewed,997.49 km
2590000898,B 9979 SYM,,Headway Monitoring Warning,"Sankyu,PT",,Alarm End,Identity ID:'' ; Name:'' ; Type:HMW Forward absolute velocity collision ; satellites:21,2026-09-03 13:36:55,"106.541687,-6.207362",2026-09-03 13:36:55,"106.541687,-6.207362",2026-09-03 12:36:56,57.36 km/h,No,,,,,GPS,Pending,Not Reviewed,996.36 km
2590000898,B 9979 SYM,,Headway Monitoring Warning,"Sankyu,PT",,Alarm End,Identity ID:'' ; Name:'' ; Type:HMW Forward absolute velocity collision ; satellites:22,2026-09-03 13:35:01,"106.526039,-6.205415",2026-09-03 13:35:01,"106.526039,-6.205415",2026-09-03 12:35:02,39.05 km/h,No,,,,,GPS,Pending,Not Reviewed,994.56 km
2590000898,B 9979 SYM,,Headway Monitoring Warning,"Sankyu,PT",,Alarm End,Identity ID:'' ; Name:'' ; Type:HMW Forward absolute velocity collision ; satellites:20,2026-09-03 13:34:56,"106.525665,-6.205392",2026-09-03 13:34:56,"106.525665,-6.205392",2026-09-03 12:34:57,36.87 km/h,No,,,,,GPS,Pending,Not Reviewed,994.56 km
2590000898,B 9979 SYM,,Forward Collision Warning,"Sankyu,PT",,Alarm End,Identity ID:'' ; Name:'' ; Type:FCW Forward relative velocity collision ; satellites:22,2026-09-03 13:33:00,"106.516144,-6.204987",2026-09-03 13:33:00,"106.516144,-6.204987",2026-09-03 12:33:01,53.79 km/h,No,,,,,GPS,Pending,Not Reviewed,993.44 km
2590000898,B 9979 SYM,,Headway Monitoring Warning,"Sankyu,PT",,Alarm End,Identity ID:'' ; Name:'' ; Type:HMW Forward absolute velocity collision ; satellites:22,2026-09-03 13:32:59,"106.516144,-6.204987",2026-09-03 13:32:59,"106.516144,-6.204987",2026-09-03 12:33:00,53.79 km/h,No,,,,,GPS,Pending,Not Reviewed,993.44 km
2590000898,B 9979 SYM,,Headway Monitoring Warning,"Sankyu,PT",,Alarm End,Identity ID:'' ; Name:'' ; Type:HMW Forward absolute velocity collision ; satellites:22,2026-09-03 13:32:31,"106.512131,-6.204361",2026-09-03 13:32:31,"106.512131,-6.204361",2026-09-03 12:32:32,56.29 km/h,No,,,,,GPS,Pending,Not Reviewed,993.0 km
2590000898,B 9979 SYM,,Headway Monitoring Warning,"Sankyu,PT",,Alarm End,Identity ID:'' ; Name:'' ; Type:HMW Forward absolute velocity collision ; satellites:21,2026-09-03 13:31:57,"106.507576,-6.20334",2026-09-03 13:31:57,"106.507576,-6.20334",2026-09-03 12:31:58,57.16 km/h,No,,,,,GPS,Pending,Not Reviewed,992.45 km
2590000898,B 9979 SYM,,Headway Monitoring Warning,"Sankyu,PT",,Alarm End,Identity ID:'' ; Name:'' ; Type:HMW Forward absolute velocity collision ; satellites:22,2026-09-03 13:31:45,"106.505775,-6.202988",2026-09-03 13:31:45,"106.505775,-6.202988",2026-09-03 12:31:46,52.18 km/h,No,,,,,GPS,Pending,Not Reviewed,992.32 km
2590000898,B 9979 SYM,,Headway Monitoring Warning,"Sankyu,PT",,Alarm End,Identity ID:'' ; Name:'' ; Type:HMW Forward absolute velocity collision ; satellites:22,2026-09-03 13:31:40,"106.505165,-6.20284",2026-09-03 13:31:40,"106.505165,-6.20284",2026-09-03 12:31:41,50.89 km/h,No,,,,,GPS,Pending,Not Reviewed,992.19 km
2590000898,B 9979 SYM,,Headway Monitoring Warning,"Sankyu,PT",,Alarm End,Identity ID:'' ; Name:'' ; Type:HMW Forward absolute velocity collision ; satellites:22,2026-09-03 13:31:35,"106.504539,-6.202708",2026-09-03 13:31:35,"106.504539,-6.202708",2026-09-03 12:31:36,51.06 km/h,No,,,,,GPS,Pending,Not Reviewed,992.19 km
2590000898,B 9979 SYM,,Headway Monitoring Warning,"Sankyu,PT",,Alarm End,Identity ID:'' ; Name:'' ; Type:HMW Forward absolute velocity collision ; satellites:21,2026-09-03 13:31:30,"106.503883,-6.202555",2026-09-03 13:31:30,"106.503883,-6.202555",2026-09-03 12:31:31,54.77 km/h,No,,,,,GPS,Pending,Not Reviewed,992.05 km
2590000898,B 9979 SYM,,Headway Monitoring Warning,"Sankyu,PT",,Alarm End,Identity ID:'' ; Name:'' ; Type:HMW Forward absolute velocity collision ; satellites:22,2026-09-03 13:31:24,"106.503181,-6.2024",2026-09-03 13:31:24,"106.503181,-6.2024",2026-09-03 12:31:25,58.51 km/h,No,,,,,GPS,Pending,Not Reviewed,992.05 km
2590000898,B 9979 SYM,,Headway Monitoring Warning,"Sankyu,PT",,Alarm End,Identity ID:'' ; Name:'' ; Type:HMW Forward absolute velocity collision ; satellites:21,2026-09-03 13:31:06,"106.50042,-6.201782",2026-09-03 13:31:06,"106.50042,-6.201782",2026-09-03 12:31:07,56.07 km/h,No,,,,,GPS,Pending,Not Reviewed,991.75 km
2590000898,B 9979 SYM,,Headway Monitoring Warning,"Sankyu,PT",,Alarm End,Identity ID:'' ; Name:'' ; Type:HMW Forward absolute velocity collision ; satellites:21,2026-09-03 13:31:00,"106.499733,-6.201603",2026-09-03 13:31:00,"106.499733,-6.201603",2026-09-03 12:31:01,56.86 km/h,No,,,,,GPS,Pending,Not Reviewed,991.6 km
2590000898,B 9979 SYM,,Headway Monitoring Warning,"Sankyu,PT",,Alarm End,Identity ID:'' ; Name:'' ; Type:HMW Forward absolute velocity collision ; satellites:20,2026-09-03 13:29:33,"106.489433,-6.199332",2026-09-03 13:29:33,"106.489433,-6.199332",2026-09-03 12:29:34,31.08 km/h,No,,,,,GPS,Pending,Not Reviewed,990.44 km
2590000898,B 9979 SYM,,Headway Monitoring Warning,"Sankyu,PT",,Alarm End,Identity ID:'' ; Name:'' ; Type:HMW Forward absolute velocity collision ; satellites:19,2026-09-03 13:25:09,"106.477608,-6.200253",2026-09-03 13:25:09,"106.477608,-6.200253",2026-09-03 12:25:10,30.8 km/h,No,,,,,GPS,Pending,Not Reviewed,988.26 km
2590000898,B 9979 SYM,,Headway Monitoring Warning,"Sankyu,PT",,Alarm End,Identity ID:'' ; Name:'' ; Type:HMW Forward absolute velocity collision ; satellites:21,2026-09-03 13:24:45,"106.475494,-6.200005",2026-09-03 13:24:45,"106.475494,-6.200005",2026-09-03 12:24:46,35.27 km/h,No,,,,,GPS,Pending,Not Reviewed,988.01 km
2590000898,B 9979 SYM,,Headway Monitoring Warning,"Sankyu,PT",,Alarm End,Identity ID:'' ; Name:'' ; Type:HMW Forward absolute velocity collision ; satellites:18,2026-09-03 13:24:40,"106.475128,-6.19994",2026-09-03 13:24:40,"106.475128,-6.19994",2026-09-03 12:24:41,39.66 km/h,No,,,,,GPS,Pending,Not Reviewed,988.01 km
2590000898,B 9979 SYM,,Headway Monitoring Warning,"Sankyu,PT",,Alarm End,Identity ID:'' ; Name:'' ; Type:HMW Forward absolute velocity collision ; satellites:21,2026-09-03 13:19:23,"106.457703,-6.197118",2026-09-03 13:19:23,"106.457703,-6.197118",2026-09-03 12:19:24,30.61 km/h,No,,,,,GPS,Pending,Not Reviewed,985.39 km
2590000898,B 9979 SYM,,Forward Collision Warning,"Sankyu,PT",,Alarm End,Identity ID:'' ; Name:'' ; Type:FCW Forward relative velocity collision ; satellites:20,2026-09-03 13:19:22,"106.457611,-6.197248",2026-09-03 13:19:22,"106.457611,-6.197248",2026-09-03 12:19:23,31.35 km/h,No,,,,,GPS,Pending,Not Reviewed,985.39 km
2590000898,B 9979 SYM,,Headway Monitoring Warning,"Sankyu,PT",,Alarm End,Identity ID:'' ; Name:'' ; Type:HMW Forward absolute velocity collision ; satellites:22,2026-09-03 13:18:11,"106.453835,-6.20224",2026-09-03 13:18:11,"106.453835,-6.20224",2026-09-03 12:18:12,32.11 km/h,No,,,,,GPS,Pending,Not Reviewed,984.67 km
2590000898,B 9979 SYM,,Headway Monitoring Warning,"Sankyu,PT",,Alarm End,Identity ID:'' ; Name:'' ; Type:HMW Forward absolute velocity collision ; satellites:20,2026-09-03 13:18:06,"106.453651,-6.202515",2026-09-03 13:18:06,"106.453651,-6.202515",2026-09-03 12:18:07,32.17 km/h,No,,,,,GPS,Pending,Not Reviewed,984.55 km
2590000898,B 9979 SYM,,Headway Monitoring Warning,"Sankyu,PT",80 Kph [4:Polygon],Alarm End,Identity ID:'' ; Name:'' ; Type:HMW Forward absolute velocity collision ; satellites:21,2026-09-03 13:01:17,"106.443153,-6.216023",2026-09-03 13:01:17,"106.443153,-6.216023",2026-09-03 12:01:18,34.18 km/h,No,,,,,GPS,Pending,Not Reviewed,982.97 km
2590000898,B 9979 SYM,,Headway Monitoring Warning,"Sankyu,PT",80 Kph [4:Polygon],Alarm End,Identity ID:'' ; Name:'' ; Type:HMW Forward absolute velocity collision ; satellites:22,2026-09-03 12:58:57,"106.434074,-6.227703",2026-09-03 12:58:57,"106.434074,-6.227703",2026-09-03 11:58:58,40.86 km/h,No,,,,,GPS,Pending,Not Reviewed,981.3 km
2590000898,B 9979 SYM,,Headway Monitoring Warning,"Sankyu,PT",80 Kph [4:Polygon],Alarm End,Identity ID:'' ; Name:'' ; Type:HMW Forward absolute velocity collision ; satellites:22,2026-09-03 12:58:52,"106.433647,-6.22799",2026-09-03 12:58:52,"106.433647,-6.22799",2026-09-03 11:58:53,42.25 km/h,No,,,,,GPS,Pending,Not Reviewed,981.3 km
2590000898,B 9979 SYM,,Headway Monitoring Warning,"Sankyu,PT",80 Kph [4:Polygon],Alarm End,Identity ID:'' ; Name:'' ; Type:HMW Forward absolute velocity collision ; satellites:20,2026-09-03 12:57:38,"106.427856,-6.22742",2026-09-03 12:57:38,"106.427856,-6.22742",2026-09-03 11:57:39,33.48 km/h,No,,,,,GPS,Pending,Not Reviewed,980.59 km
2590000898,B 9979 SYM,,Headway Monitoring Warning,"Sankyu,PT",80 Kph [4:Polygon],Alarm End,Identity ID:'' ; Name:'' ; Type:HMW Forward absolute velocity collision ; satellites:20,2026-09-03 12:57:33,"106.427536,-6.227322",2026-09-03 12:57:33,"106.427536,-6.227322",2026-09-03 11:57:34,31.67 km/h,No,,,,,GPS,Pending,Not Reviewed,980.48 km
2590000898,B 9979 SYM,,Headway Monitoring Warning,"Sankyu,PT",80 Kph [4:Polygon],Alarm End,Identity ID:'' ; Name:'' ; Type:HMW Forward absolute velocity collision ; satellites:21,2026-09-03 12:55:17,"106.422699,-6.22456",2026-09-03 12:55:17,"106.422699,-6.22456",2026-09-03 11:55:18,35.26 km/h,No,,,,,GPS,Pending,Not Reviewed,979.89 km
2590000898,B 9979 SYM,,Headway Monitoring Warning,"Sankyu,PT",80 Kph [4:Polygon],Alarm End,Identity ID:'' ; Name:'' ; Type:HMW Forward absolute velocity collision ; satellites:21,2026-09-03 12:55:10,"106.422401,-6.224167",2026-09-03 12:55:10,"106.422401,-6.224167",2026-09-03 11:55:11,30.65 km/h,No,,,,,GPS,Pending,Not Reviewed,979.89 km
2590000898,B 9979 SYM,,Headway Monitoring Warning,"Sankyu,PT",80 Kph [4:Polygon],Alarm End,Identity ID:'' ; Name:'' ; Type:HMW Forward absolute velocity collision ; satellites:22,2026-09-03 12:48:49,"106.404793,-6.215785",2026-09-03 12:48:49,"106.404793,-6.215785",2026-09-03 11:48:50,30.15 km/h,No,,,,,GPS,Pending,Not Reviewed,977.6 km
2590000898,B 9979 SYM,,Headway Monitoring Warning,"Sankyu,PT",80 Kph [4:Polygon],Alarm End,Identity ID:'' ; Name:'' ; Type:HMW Forward absolute velocity collision ; satellites:22,2026-09-03 12:45:24,"106.391769,-6.211683",2026-09-03 12:45:24,"106.391769,-6.211683",2026-09-03 11:45:25,36.33 km/h,No,,,,,GPS,Pending,Not Reviewed,976.08 km
2590000898,B 9979 SYM,,Headway Monitoring Warning,"Sankyu,PT",80 Kph [4:Polygon],Alarm End,Identity ID:'' ; Name:'' ; Type:HMW Forward absolute velocity collision ; satellites:21,2026-09-03 12:45:15,"106.391205,-6.211197",2026-09-03 12:45:15,"106.391205,-6.211197",2026-09-03 11:45:16,33.72 km/h,No,,,,,GPS,Pending,Not Reviewed,975.97 km
2590000898,B 9979 SYM,,Headway Monitoring Warning,"Sankyu,PT",80 Kph [4:Polygon],Alarm End,Identity ID:'' ; Name:'' ; Type:HMW Forward absolute velocity collision ; satellites:21,2026-09-03 12:45:02,"106.390182,-6.210783",2026-09-03 12:45:02,"106.390182,-6.210783",2026-09-03 11:45:03,31.65 km/h,No,,,,,GPS,Pending,Not Reviewed,975.86 km
2590000898,B 9979 SYM,,Headway Monitoring Warning,"Sankyu,PT",80 Kph [4:Polygon],Alarm End,Identity ID:'' ; Name:'' ; Type:HMW Forward absolute velocity collision ; satellites:21,2026-09-03 12:44:57,"106.389763,-6.210691",2026-09-03 12:44:57,"106.389763,-6.210691",2026-09-03 11:44:58,35.77 km/h,No,,,,,GPS,Pending,Not Reviewed,975.86 km
2590000898,B 9979 SYM,,Headway Monitoring Warning,"Sankyu,PT",80 Kph [4:Polygon],Alarm End,Identity ID:'' ; Name:'' ; Type:HMW Forward absolute velocity collision ; satellites:22,2026-09-03 12:44:52,"106.38932,-6.21053",2026-09-03 12:44:52,"106.38932,-6.21053",2026-09-03 11:44:53,36.01 km/h,No,,,,,GPS,Pending,Not Reviewed,975.74 km
2590000898,B 9979 SYM,,Headway Monitoring Warning,"Sankyu,PT",80 Kph [4:Polygon],Alarm End,Identity ID:'' ; Name:'' ; Type:HMW Forward absolute velocity collision ; satellites:22,2026-09-03 12:44:47,"106.388947,-6.210315",2026-09-03 12:44:47,"106.388947,-6.210315",2026-09-03 11:44:48,33.78 km/h,No,,,,,GPS,Pending,Not Reviewed,975.74 km
2590000898,B 9979 SYM,,Headway Monitoring Warning,"Sankyu,PT",80 Kph [4:Polygon],Alarm End,Identity ID:'' ; Name:'' ; Type:HMW Forward absolute velocity collision ; satellites:19,2026-09-03 12:44:42,"106.388626,-6.210023",2026-09-03 12:44:42,"106.388626,-6.210023",2026-09-03 11:44:43,34.68 km/h,No,,,,,GPS,Pending,Not Reviewed,975.63 km
2590000898,B 9979 SYM,,Headway Monitoring Warning,"Sankyu,PT",80 Kph [4:Polygon],Alarm End,Identity ID:'' ; Name:'' ; Type:HMW Forward absolute velocity collision ; satellites:20,2026-09-03 12:44:37,"106.38839,-6.209648",2026-09-03 12:44:37,"106.38839,-6.209648",2026-09-03 11:44:38,36.22 km/h,No,,,,,GPS,Pending,Not Reviewed,975.63 km
2590000898,B 9979 SYM,,Headway Monitoring Warning,"Sankyu,PT",80 Kph [4:Polygon],Alarm End,Identity ID:'' ; Name:'' ; Type:HMW Forward absolute velocity collision ; satellites:21,2026-09-03 12:44:32,"106.388138,-6.209281",2026-09-03 12:44:32,"106.388138,-6.209281",2026-09-03 11:44:33,35.05 km/h,No,,,,,GPS,Pending,Not Reviewed,975.51 km
2590000898,B 9979 SYM,,Headway Monitoring Warning,"Sankyu,PT",80 Kph [4:Polygon],Alarm End,Identity ID:'' ; Name:'' ; Type:HMW Forward absolute velocity collision ; satellites:22,2026-09-03 12:44:27,"106.387794,-6.209044",2026-09-03 12:44:27,"106.387794,-6.209044",2026-09-03 11:44:28,34.02 km/h,No,,,,,GPS,Pending,Not Reviewed,975.51 km
2590000898,B 9979 SYM,,Headway Monitoring Warning,"Sankyu,PT",80 Kph [4:Polygon],Alarm End,Identity ID:'' ; Name:'' ; Type:HMW Forward absolute velocity collision ; satellites:21,2026-09-03 12:44:22,"106.387405,-6.208853",2026-09-03 12:44:22,"106.387405,-6.208853",2026-09-03 11:44:23,33.55 km/h,No,,,,,GPS,Pending,Not Reviewed,975.51 km
2590000898,B 9979 SYM,,Headway Monitoring Warning,"Sankyu,PT",80 Kph [4:Polygon],Alarm End,Identity ID:'' ; Name:'' ; Type:HMW Forward absolute velocity collision ; satellites:22,2026-09-03 12:44:15,"106.386955,-6.208532",2026-09-03 12:44:15,"106.386955,-6.208532",2026-09-03 11:44:16,32.46 km/h,No,,,,,GPS,Pending,Not Reviewed,975.4 km
2590000898,B 9979 SYM,,Headway Monitoring Warning,"Sankyu,PT",80 Kph [4:Polygon],Alarm End,Identity ID:'' ; Name:'' ; Type:HMW Forward absolute velocity collision ; satellites:22,2026-09-03 12:44:10,"106.386642,-6.208238",2026-09-03 12:44:10,"106.386642,-6.208238",2026-09-03 11:44:11,35.5 km/h,No,,,,,GPS,Pending,Not Reviewed,975.4 km
2590000898,B 9979 SYM,,Headway Monitoring Warning,"Sankyu,PT",80 Kph [4:Polygon],Alarm End,Identity ID:'' ; Name:'' ; Type:HMW Forward absolute velocity collision ; satellites:21,2026-09-03 12:44:05,"106.386284,-6.208008",2026-09-03 12:44:05,"106.386284,-6.208008",2026-09-03 11:44:06,31.11 km/h,No,,,,,GPS,Pending,Not Reviewed,975.29 km
2590000898,B 9979 SYM,,Headway Monitoring Warning,"Sankyu,PT",80 Kph [4:Polygon],Alarm End,Identity ID:'' ; Name:'' ; Type:HMW Forward absolute velocity collision ; satellites:21,2026-09-03 12:44:00,"106.385918,-6.207847",2026-09-03 12:44:00,"106.385918,-6.207847",2026-09-03 11:44:01,33.33 km/h,No,,,,,GPS,Pending,Not Reviewed,975.29 km
2590000898,B 9979 SYM,,Headway Monitoring Warning,"Sankyu,PT",80 Kph [4:Polygon],Alarm End,Identity ID:'' ; Name:'' ; Type:HMW Forward absolute velocity collision ; satellites:21,2026-09-03 12:43:55,"106.385506,-6.207682",2026-09-03 12:43:55,"106.385506,-6.207682",2026-09-03 11:43:56,35.44 km/h,No,,,,,GPS,Pending,Not Reviewed,975.18 km
2590000898,B 9979 SYM,,Headway Monitoring Warning,"Sankyu,PT",80 Kph [4:Polygon],Alarm End,Identity ID:'' ; Name:'' ; Type:HMW Forward absolute velocity collision ; satellites:21,2026-09-03 12:43:50,"106.385094,-6.207512",2026-09-03 12:43:50,"106.385094,-6.207512",2026-09-03 11:43:51,35.4 km/h,No,,,,,GPS,Pending,Not Reviewed,975.18 km
2590000898,B 9979 SYM,,Headway Monitoring Warning,"Sankyu,PT",80 Kph [4:Polygon],Alarm End,Identity ID:'' ; Name:'' ; Type:HMW Forward absolute velocity collision ; satellites:22,2026-09-03 12:43:45,"106.384666,-6.207405",2026-09-03 12:43:45,"106.384666,-6.207405",2026-09-03 11:43:46,33.79 km/h,No,,,,,GPS,Pending,Not Reviewed,975.18 km
2590000898,B 9979 SYM,,Headway Monitoring Warning,"Sankyu,PT",80 Kph [4:Polygon],Alarm End,Identity ID:'' ; Name:'' ; Type:HMW Forward absolute velocity collision ; satellites:19,2026-09-03 12:43:40,"106.384277,-6.207425",2026-09-03 12:43:40,"106.384277,-6.207425",2026-09-03 11:43:41,31.35 km/h,No,,,,,GPS,Pending,Not Reviewed,975.06 km
2590000898,B 9979 SYM,,Headway Monitoring Warning,"Sankyu,PT",80 Kph [4:Polygon],Alarm End,Identity ID:'' ; Name:'' ; Type:HMW Forward absolute velocity collision ; satellites:22,2026-09-03 12:43:35,"106.383888,-6.20761",2026-09-03 12:43:35,"106.383888,-6.20761",2026-09-03 11:43:36,37.2 km/h,No,,,,,GPS,Pending,Not Reviewed,975.06 km
2590000898,B 9979 SYM,,Headway Monitoring Warning,"Sankyu,PT",80 Kph [4:Polygon],Alarm End,Identity ID:'' ; Name:'' ; Type:HMW Forward absolute velocity collision ; satellites:22,2026-09-03 12:43:30,"106.38353,-6.207797",2026-09-03 12:43:30,"106.38353,-6.207797",2026-09-03 11:43:31,37.14 km/h,No,,,,,GPS,Pending,Not Reviewed,974.94 km
2590000898,B 9979 SYM,,Headway Monitoring Warning,"Sankyu,PT",80 Kph [4:Polygon],Alarm End,Identity ID:'' ; Name:'' ; Type:HMW Forward absolute velocity collision ; satellites:22,2026-09-03 12:43:14,"106.382713,-6.208917",2026-09-03 12:43:14,"106.382713,-6.208917",2026-09-03 11:43:16,36.55 km/h,No,,,,,GPS,Pending,Not Reviewed,974.82 km
2590000898,B 9979 SYM,,Forward Collision Warning,"Sankyu,PT",80 Kph [4:Polygon],Alarm End,Identity ID:'' ; Name:'' ; Type:FCW Forward relative velocity collision ; satellites:21,2026-09-03 12:41:48,"106.376556,-6.208702",2026-09-03 12:41:48,"106.376556,-6.208702",2026-09-03 11:41:49,22.82 km/h,No,,,,,GPS,Pending,Not Reviewed,974.12 km
2590000898,B 9979 SYM,,Headway Monitoring Warning,"Sankyu,PT",80 Kph [4:Polygon],Alarm End,Identity ID:'' ; Name:'' ; Type:HMW Forward absolute velocity collision ; satellites:21,2026-09-03 12:26:44,"106.353569,-6.20736",2026-09-03 12:26:44,"106.353569,-6.20736",2026-09-03 11:26:45,39.79 km/h,No,,,,,GPS,Pending,Not Reviewed,971.43 km
2590000898,B 9979 SYM,,Headway Monitoring Warning,"Sankyu,PT",80 Kph [4:Polygon],Alarm End,Identity ID:'' ; Name:'' ; Type:HMW Forward absolute velocity collision ; satellites:22,2026-09-03 12:26:39,"106.353172,-6.207227",2026-09-03 12:26:39,"106.353172,-6.207227",2026-09-03 11:26:40,42.12 km/h,No,,,,,GPS,Pending,Not Reviewed,971.43 km
2590000898,B 9979 SYM,,Headway Monitoring Warning,"Sankyu,PT",80 Kph [4:Polygon],Alarm End,Identity ID:'' ; Name:'' ; Type:HMW Forward absolute velocity collision ; satellites:21,2026-09-03 12:23:57,"106.343887,-6.190905",2026-09-03 12:23:57,"106.343887,-6.190905",2026-09-03 11:23:58,32.67 km/h,No,,,,,GPS,Pending,Not Reviewed,969.3 km
2590000898,B 9979 SYM,,Headway Monitoring Warning,"Sankyu,PT",80 Kph [4:Polygon],Alarm End,Identity ID:'' ; Name:'' ; Type:HMW Forward absolute velocity collision ; satellites:21,2026-09-03 12:23:52,"106.343742,-6.190545",2026-09-03 12:23:52,"106.343742,-6.190545",2026-09-03 11:23:53,30.48 km/h,No,,,,,GPS,Pending,Not Reviewed,969.3 km
2590000898,B 9979 SYM,,Forward Collision Warning,"Sankyu,PT",80 Kph [4:Polygon],Alarm End,Identity ID:'' ; Name:'' ; Type:FCW Forward relative velocity collision ; satellites:21,2026-09-03 12:23:47,"106.343636,-6.190282",2026-09-03 12:23:47,"106.343636,-6.190282",2026-09-03 11:23:48,25.4 km/h,No,,,,,GPS,Pending,Not Reviewed,969.18 km
2590000898,B 9979 SYM,,Headway Monitoring Warning,"Sankyu,PT",80 Kph [4:Polygon],Alarm End,Identity ID:'' ; Name:'' ; Type:HMW Forward absolute velocity collision ; satellites:20,2026-09-03 12:23:28,"106.343201,-6.189076",2026-09-03 12:23:28,"106.343201,-6.189076",2026-09-03 11:23:30,31.17 km/h,No,,,,,GPS,Pending,Not Reviewed,969.05 km
2590000898,B 9979 SYM,,Headway Monitoring Warning,"Sankyu,PT",80 Kph [4:Polygon],Alarm End,Identity ID:'' ; Name:'' ; Type:HMW Forward absolute velocity collision ; satellites:18,2026-09-03 12:20:00,"106.34095,-6.184371",2026-09-03 12:20:00,"106.34095,-6.184371",2026-09-03 11:20:01,30.24 km/h,No,,,,,GPS,Pending,Not Reviewed,968.58 km
2590000898,B 9979 SYM,,Forward Collision Warning,"Sankyu,PT",80 Kph [4:Polygon],Alarm End,Identity ID:'' ; Name:'' ; Type:FCW Forward relative velocity collision ; satellites:19,2026-09-03 12:18:52,"106.339996,-6.180768",2026-09-03 12:18:52,"106.339996,-6.180768",2026-09-03 11:18:53,34.2 km/h,No,,,,,GPS,Pending,Not Reviewed,968.12 km
2590000898,B 9979 SYM,,Headway Monitoring Warning,"Sankyu,PT",80 Kph [4:Polygon],Alarm End,Identity ID:'' ; Name:'' ; Type:HMW Forward absolute velocity collision ; satellites:18,2026-09-03 12:18:52,"106.340012,-6.180848",2026-09-03 12:18:52,"106.340012,-6.180848",2026-09-03 11:18:53,33.24 km/h,No,,,,,GPS,Pending,Not Reviewed,968.12 km
2590000898,B 9979 SYM,,Headway Monitoring Warning,"Sankyu,PT",,Alarm End,Identity ID:'' ; Name:'' ; Type:HMW Forward absolute velocity collision ; satellites:18,2026-09-03 12:13:32,"106.332581,-6.168117",2026-09-03 12:13:32,"106.332581,-6.168117",2026-09-03 11:13:33,31.59 km/h,No,,,,,GPS,Pending,Not Reviewed,966.48 km
2590000898,B 9979 SYM,,Headway Monitoring Warning,"Sankyu,PT",,Alarm End,Identity ID:'' ; Name:'' ; Type:HMW Forward absolute velocity collision ; satellites:19,2026-09-03 12:13:27,"106.332275,-6.167875",2026-09-03 12:13:27,"106.332275,-6.167875",2026-09-03 11:13:28,30.76 km/h,No,,,,,GPS,Pending,Not Reviewed,966.48 km
2590000898,B 9979 SYM,,Headway Monitoring Warning,"Sankyu,PT",,Alarm End,Identity ID:'' ; Name:'' ; Type:HMW Forward absolute velocity collision ; satellites:19,2026-09-03 12:13:22,"106.331985,-6.167642",2026-09-03 12:13:22,"106.331985,-6.167642",2026-09-03 11:13:23,30.0 km/h,No,,,,,GPS,Pending,Not Reviewed,966.48 km
2590000898,B 9979 SYM,,Headway Monitoring Warning,"Sankyu,PT",,Alarm End,Identity ID:'' ; Name:'' ; Type:HMW Forward absolute velocity collision ; satellites:20,2026-09-03 12:12:53,"106.33046,-6.166224",2026-09-03 12:12:53,"106.33046,-6.166224",2026-09-03 11:12:54,30.0 km/h,No,,,,,GPS,Pending,Not Reviewed,966.25 km
2590000898,B 9979 SYM,,Headway Monitoring Warning,"Sankyu,PT",,Alarm End,Identity ID:'' ; Name:'' ; Type:HMW Forward absolute velocity collision ; satellites:20,2026-09-03 12:12:10,"106.328423,-6.163915",2026-09-03 12:12:10,"106.328423,-6.163915",2026-09-03 11:12:11,30.37 km/h,No,,,,,GPS,Pending,Not Reviewed,965.89 km
2590000898,B 9979 SYM,,Headway Monitoring Warning,"Sankyu,PT",,Alarm End,Identity ID:'' ; Name:'' ; Type:HMW Forward absolute velocity collision ; satellites:21,2026-09-03 12:12:05,"106.328148,-6.163645",2026-09-03 12:12:05,"106.328148,-6.163645",2026-09-03 11:12:06,31.39 km/h,No,,,,,GPS,Pending,Not Reviewed,965.77 km
2590000898,B 9979 SYM,,Headway Monitoring Warning,"Sankyu,PT",,Alarm End,Identity ID:'' ; Name:'' ; Type:HMW Forward absolute velocity collision ; satellites:21,2026-09-03 12:12:00,"106.327835,-6.163382",2026-09-03 12:12:00,"106.327835,-6.163382",2026-09-03 11:12:01,33.72 km/h,No,,,,,GPS,Pending,Not Reviewed,965.77 km
2590000898,B 9979 SYM,,Headway Monitoring Warning,"Sankyu,PT",,Alarm End,Identity ID:'' ; Name:'' ; Type:HMW Forward absolute velocity collision ; satellites:22,2026-09-03 12:11:55,"106.327583,-6.163172",2026-09-03 12:11:55,"106.327583,-6.163172",2026-09-03 11:11:56,31.0 km/h,No,,,,,GPS,Pending,Not Reviewed,965.77 km
2590000898,B 9979 SYM,,Headway Monitoring Warning,"Sankyu,PT",,Alarm End,Identity ID:'' ; Name:'' ; Type:HMW Forward absolute velocity collision ; satellites:21,2026-09-03 12:11:14,"106.325005,-6.161787",2026-09-03 12:11:14,"106.325005,-6.161787",2026-09-03 11:11:15,30.41 km/h,No,,,,,GPS,Pending,Not Reviewed,965.42 km
2590000898,B 9979 SYM,,Headway Monitoring Warning,"Sankyu,PT",,Alarm End,Identity ID:'' ; Name:'' ; Type:HMW Forward absolute velocity collision ; satellites:20,2026-09-03 12:11:09,"106.324638,-6.16168",2026-09-03 12:11:09,"106.324638,-6.16168",2026-09-03 11:11:10,30.85 km/h,No,,,,,GPS,Pending,Not Reviewed,965.42 km
2590000898,B 9979 SYM,,Headway Monitoring Warning,"Sankyu,PT",,Alarm End,Identity ID:'' ; Name:'' ; Type:HMW Forward absolute velocity collision ; satellites:21,2026-09-03 12:11:04,"106.324326,-6.161618",2026-09-03 12:11:04,"106.324326,-6.161618",2026-09-03 11:11:05,30.24 km/h,No,,,,,GPS,Pending,Not Reviewed,965.31 km
2590000898,B 9979 SYM,,Headway Monitoring Warning,"Sankyu,PT",,Alarm End,Identity ID:'' ; Name:'' ; Type:HMW Forward absolute velocity collision ; satellites:19,2026-09-03 12:10:40,"106.323006,-6.16077",2026-09-03 12:10:40,"106.323006,-6.16077",2026-09-03 11:10:41,31.52 km/h,No,,,,,GPS,Pending,Not Reviewed,965.2 km
2590000898,B 9979 SYM,,Forward Collision Warning,"Sankyu,PT",,Alarm End,Identity ID:'' ; Name:'' ; Type:FCW Forward relative velocity collision ; satellites:17,2026-09-03 12:10:36,"106.322838,-6.160553",2026-09-03 12:10:36,"106.322838,-6.160553",2026-09-03 11:10:38,40.25 km/h,No,,,,,GPS,Pending,Not Reviewed,965.07 km
2590000898,B 9979 SYM,,Headway Monitoring Warning,"Sankyu,PT",,Alarm End,Identity ID:'' ; Name:'' ; Type:HMW Forward absolute velocity collision ; satellites:17,2026-09-03 12:10:35,"106.322762,-6.160477",2026-09-03 12:10:35,"106.322762,-6.160477",2026-09-03 11:10:36,40.33 km/h,No,,,,,GPS,Pending,Not Reviewed,965.07 km
2590000898,B 9979 SYM,,Forward Collision Warning,"Sankyu,PT",,Alarm End,Identity ID:'' ; Name:'' ; Type:FCW Forward relative velocity collision ; satellites:18,2026-09-03 12:10:26,"106.321945,-6.160097",2026-09-03 12:10:26,"106.321945,-6.160097",2026-09-03 11:10:28,38.86 km/h,No,,,,,GPS,Pending,Not Reviewed,965.07 km
2590000898,B 9979 SYM,,Headway Monitoring Warning,"Sankyu,PT",,Alarm End,Identity ID:'' ; Name:'' ; Type:HMW Forward absolute velocity collision ; satellites:21,2026-09-03 12:10:24,"106.321663,-6.16",2026-09-03 12:10:24,"106.321663,-6.16",2026-09-03 11:10:25,36.75 km/h,No,,,,,GPS,Pending,Not Reviewed,964.95 km
2590000898,B 9979 SYM,,Headway Monitoring Warning,"Sankyu,PT",,Alarm End,Identity ID:'' ; Name:'' ; Type:HMW Forward absolute velocity collision ; satellites:21,2026-09-03 12:10:19,"106.321289,-6.159783",2026-09-03 12:10:19,"106.321289,-6.159783",2026-09-03 11:10:20,31.98 km/h,No,,,,,GPS,Pending,Not Reviewed,964.95 km
2590000898,B 9979 SYM,,Headway Monitoring Warning,"Sankyu,PT",,Alarm End,Identity ID:'' ; Name:'' ; Type:HMW Forward absolute velocity collision ; satellites:21,2026-09-03 12:10:14,"106.320946,-6.15954",2026-09-03 12:10:14,"106.320946,-6.15954",2026-09-03 11:10:15,35.72 km/h,No,,,,,GPS,Pending,Not Reviewed,964.83 km
2590000898,B 9979 SYM,,Headway Monitoring Warning,"Sankyu,PT",,Alarm End,Identity ID:'' ; Name:'' ; Type:HMW Forward absolute velocity collision ; satellites:18,2026-09-03 12:10:09,"106.320656,-6.159298",2026-09-03 12:10:09,"106.320656,-6.159298",2026-09-03 11:10:11,37.75 km/h,No,,,,,GPS,Pending,Not Reviewed,964.83 km
2590000898,B 9979 SYM,,Forward Collision Warning,"Sankyu,PT",,Alarm End,Identity ID:'' ; Name:'' ; Type:FCW Forward relative velocity collision ; satellites:17,2026-09-03 12:08:19,"106.313309,-6.153017",2026-09-03 12:08:19,"106.313309,-6.153017",2026-09-03 11:08:20,22.95 km/h,No,,,,,GPS,Pending,Not Reviewed,963.73 km
2590000898,B 9979 SYM,,Headway Monitoring Warning,"Sankyu,PT",,Alarm End,Identity ID:'' ; Name:'' ; Type:HMW Forward absolute velocity collision ; satellites:22,2026-09-03 12:07:45,"106.312088,-6.151447",2026-09-03 12:07:45,"106.312088,-6.151447",2026-09-03 11:07:46,31.61 km/h,No,,,,,GPS,Pending,Not Reviewed,963.61 km
2590000898,B 9979 SYM,,Headway Monitoring Warning,"Sankyu,PT",,Alarm End,Identity ID:'' ; Name:'' ; Type:HMW Forward absolute velocity collision ; satellites:21,2026-09-03 12:07:40,"106.311859,-6.151112",2026-09-03 12:07:40,"106.311859,-6.151112",2026-09-03 11:07:41,30.78 km/h,No,,,,,GPS,Pending,Not Reviewed,963.5 km
2590000898,B 9979 SYM,,Headway Monitoring Warning,"Sankyu,PT",,Alarm End,Identity ID:'' ; Name:'' ; Type:HMW Forward absolute velocity collision ; satellites:21,2026-09-03 12:07:33,"106.311562,-6.150671",2026-09-03 12:07:33,"106.311562,-6.150671",2026-09-03 11:07:34,31.35 km/h,No,,,,,GPS,Pending,Not Reviewed,963.5 km
2590000898,B 9979 SYM,,Headway Monitoring Warning,"Sankyu,PT",,Alarm End,Identity ID:'' ; Name:'' ; Type:HMW Forward absolute velocity collision ; satellites:21,2026-09-03 12:07:28,"106.31134,-6.150345",2026-09-03 12:07:28,"106.31134,-6.150345",2026-09-03 11:07:29,30.78 km/h,No,,,,,GPS,Pending,Not Reviewed,963.39 km
2590000898,B 9979 SYM,,Headway Monitoring Warning,"Sankyu,PT",,Alarm End,Identity ID:'' ; Name:'' ; Type:HMW Forward absolute velocity collision ; satellites:19,2026-09-03 12:07:23,"106.311111,-6.150003",2026-09-03 12:07:23,"106.311111,-6.150003",2026-09-03 11:07:24,30.41 km/h,No,,,,,GPS,Pending,Not Reviewed,963.39 km
2590000898,B 9979 SYM,,Forward Collision Warning,"Sankyu,PT",,Alarm End,Identity ID:'' ; Name:'' ; Type:FCW Forward relative velocity collision ; satellites:21,2026-09-03 12:07:23,"106.311157,-6.150075",2026-09-03 12:07:23,"106.311157,-6.150075",2026-09-03 11:07:25,31.52 km/h,No,,,,,GPS,Pending,Not Reviewed,963.39 km
2590000898,B 9979 SYM,,Headway Monitoring Warning,"Sankyu,PT",,Alarm End,Identity ID:'' ; Name:'' ; Type:HMW Forward absolute velocity collision ; satellites:20,2026-09-03 12:07:18,"106.310844,-6.149682",2026-09-03 12:07:18,"106.310844,-6.149682",2026-09-03 11:07:19,40.49 km/h,No,,,,,GPS,Pending,Not Reviewed,963.39 km
2590000898,B 9979 SYM,,Headway Monitoring Warning,"Sankyu,PT",,Alarm End,Identity ID:'' ; Name:'' ; Type:HMW Forward absolute velocity collision ; satellites:20,2026-09-03 12:07:13,"106.310532,-6.149233",2026-09-03 12:07:13,"106.310532,-6.149233",2026-09-03 11:07:14,46.0 km/h,No,,,,,GPS,Pending,Not Reviewed,963.28 km
2590000898,B 9979 SYM,,Forward Collision Warning,"Sankyu,PT",,Alarm End,Identity ID:'' ; Name:'' ; Type:FCW Forward relative velocity collision ; satellites:20,2026-09-03 12:07:12,"106.310532,-6.149233",2026-09-03 12:07:12,"106.310532,-6.149233",2026-09-03 11:07:14,46.0 km/h,No,,,,,GPS,Pending,Not Reviewed,963.28 km
2590000898,B 9979 SYM,,Headway Monitoring Warning,"Sankyu,PT",,Alarm End,Identity ID:'' ; Name:'' ; Type:HMW Forward absolute velocity collision ; satellites:21,2026-09-03 12:07:07,"106.31015,-6.148728",2026-09-03 12:07:07,"106.31015,-6.148728",2026-09-03 11:07:08,42.38 km/h,No,,,,,GPS,Pending,Not Reviewed,963.28 km
2590000898,B 9979 SYM,,Headway Monitoring Warning,"Sankyu,PT",,Alarm End,Identity ID:'' ; Name:'' ; Type:HMW Forward absolute velocity collision ; satellites:21,2026-09-03 12:07:02,"106.309875,-6.148413",2026-09-03 12:07:02,"106.309875,-6.148413",2026-09-03 11:07:03,37.92 km/h,No,,,,,GPS,Pending,Not Reviewed,963.15 km
2590000898,B 9979 SYM,,Headway Monitoring Warning,"Sankyu,PT",,Alarm End,Identity ID:'' ; Name:'' ; Type:HMW Forward absolute velocity collision ; satellites:20,2026-09-03 12:06:11,"106.307655,-6.144657",2026-09-03 12:06:11,"106.307655,-6.144657",2026-09-03 11:06:12,33.57 km/h,No,,,,,GPS,Pending,Not Reviewed,962.66 km
2590000898,B 9979 SYM,,Headway Monitoring Warning,"Sankyu,PT",,Alarm End,Identity ID:'' ; Name:'' ; Type:HMW Forward absolute velocity collision ; satellites:20,2026-09-03 12:06:06,"106.307495,-6.144367",2026-09-03 12:06:06,"106.307495,-6.144367",2026-09-03 11:06:07,30.69 km/h,No,,,,,GPS,Pending,Not Reviewed,962.66 km
2590000898,B 9979 SYM,,Forward Collision Warning,"Sankyu,PT",80 Kph [1:Polygon],Alarm End,Identity ID:'' ; Name:'' ; Type:FCW Forward relative velocity collision ; satellites:21,2026-09-03 12:05:30,"106.306313,-6.142097",2026-09-03 12:05:30,"106.306313,-6.142097",2026-09-03 11:05:31,31.54 km/h,No,,,,,GPS,Pending,Not Reviewed,962.31 km
2590000898,B 9979 SYM,,Headway Monitoring Warning,"Sankyu,PT",80 Kph [1:Polygon],Alarm End,Identity ID:'' ; Name:'' ; Type:HMW Forward absolute velocity collision ; satellites:21,2026-09-03 12:05:28,"106.306213,-6.141847",2026-09-03 12:05:28,"106.306213,-6.141847",2026-09-03 11:05:29,37.86 km/h,No,,,,,GPS,Pending,Not Reviewed,962.31 km
2590000898,B 9979 SYM,,Headway Monitoring Warning,"Sankyu,PT",80 Kph [1:Polygon],Alarm End,Identity ID:'' ; Name:'' ; Type:HMW Forward absolute velocity collision ; satellites:21,2026-09-03 12:05:23,"106.306,-6.141413",2026-09-03 12:05:23,"106.306,-6.141413",2026-09-03 11:05:24,36.96 km/h,No,,,,,GPS,Pending,Not Reviewed,962.31 km
2590000898,B 9979 SYM,,Headway Monitoring Warning,"Sankyu,PT",80 Kph [1:Polygon],Alarm End,Identity ID:'' ; Name:'' ; Type:HMW Forward absolute velocity collision ; satellites:22,2026-09-03 12:05:18,"106.305817,-6.14109",2026-09-03 12:05:18,"106.305817,-6.14109",2026-09-03 11:05:20,40.45 km/h,No,,,,,GPS,Pending,Not Reviewed,962.31 km
2590000898,B 9979 SYM,,Headway Monitoring Warning,"Sankyu,PT",80 Kph [1:Polygon],Alarm End,Identity ID:'' ; Name:'' ; Type:HMW Forward absolute velocity collision ; satellites:19,2026-09-03 12:03:34,"106.300652,-6.136955",2026-09-03 12:03:34,"106.300652,-6.136955",2026-09-03 11:03:35,32.17 km/h,No,,,,,GPS,Pending,Not Reviewed,961.46 km
2590000898,B 9979 SYM,,Forward Collision Warning,"Sankyu,PT",80 Kph [1:Polygon],Alarm End,Identity ID:'' ; Name:'' ; Type:FCW Forward relative velocity collision ; satellites:20,2026-09-03 12:03:15,"106.299606,-6.13631",2026-09-03 12:03:15,"106.299606,-6.13631",2026-09-03 11:03:16,31.2 km/h,No,,,,,GPS,Pending,Not Reviewed,961.34 km
2590000898,B 9979 SYM,,Headway Monitoring Warning,"Sankyu,PT",80 Kph [1:Polygon],Alarm End,Identity ID:'' ; Name:'' ; Type:HMW Forward absolute velocity collision ; satellites:21,2026-09-03 12:03:13,"106.299545,-6.136255",2026-09-03 12:03:13,"106.299545,-6.136255",2026-09-03 11:03:14,36.05 km/h,No,,,,,GPS,Pending,Not Reviewed,961.34 km
2590000898,B 9979 SYM,,Forward Collision Warning,"Sankyu,PT",80 Kph [1:Polygon],Alarm End,Identity ID:'' ; Name:'' ; Type:FCW Forward relative velocity collision ; satellites:20,2026-09-03 12:02:21,"106.295715,-6.137458",2026-09-03 12:02:21,"106.295715,-6.137458",2026-09-03 11:02:22,27.8 km/h,No,,,,,GPS,Pending,Not Reviewed,960.87 km
2590000898,B 9979 SYM,,Headway Monitoring Warning,"Sankyu,PT",80 Kph [1:Polygon],Alarm End,Identity ID:'' ; Name:'' ; Type:HMW Forward absolute velocity collision ; satellites:22,2026-09-03 12:01:26,"106.292244,-6.139382",2026-09-03 12:01:26,"106.292244,-6.139382",2026-09-03 11:01:27,30.43 km/h,No,,,,,GPS,Pending,Not Reviewed,960.4 km
2590000898,B 9979 SYM,,Forward Collision Warning,"Sankyu,PT",,Alarm End,Identity ID:'' ; Name:'' ; Type:FCW Forward relative velocity collision ; satellites:21,2026-09-03 12:00:02,"106.287384,-6.14019",2026-09-03 12:00:02,"106.287384,-6.14019",2026-09-03 11:00:03,21.16 km/h,No,,,,,GPS,Pending,Not Reviewed,959.83 km
2590000898,B 9979 SYM,,Headway Monitoring Warning,"Sankyu,PT",,Alarm End,Identity ID:'' ; Name:'' ; Type:HMW Forward absolute velocity collision ; satellites:22,2026-09-03 11:54:18,"106.274216,-6.137645",2026-09-03 11:54:18,"106.274216,-6.137645",2026-09-03 10:54:19,31.94 km/h,No,,,,,GPS,Pending,Not Reviewed,958.41 km
2590000898,B 9979 SYM,,Headway Monitoring Warning,"Sankyu,PT",80 Kph [1:Polygon],Alarm End,Identity ID:'' ; Name:'' ; Type:HMW Forward absolute velocity collision ; satellites:22,2026-09-03 11:54:12,"106.273773,-6.137327",2026-09-03 11:54:12,"106.273773,-6.137327",2026-09-03 10:54:13,42.84 km/h,No,,,,,GPS,Pending,Not Reviewed,958.41 km
2590000898,B 9979 SYM,,Forward Collision Warning,"Sankyu,PT",80 Kph [1:Polygon],Alarm End,Identity ID:'' ; Name:'' ; Type:FCW Forward relative velocity collision ; satellites:20,2026-09-03 11:51:40,"106.261429,-6.130285",2026-09-03 11:51:40,"106.261429,-6.130285",2026-09-03 10:51:41,38.07 km/h,No,,,,,GPS,Pending,Not Reviewed,956.71 km
2590000898,B 9979 SYM,,Forward Collision Warning,"Sankyu,PT",80 Kph [1:Polygon],Alarm End,Identity ID:'' ; Name:'' ; Type:FCW Forward relative velocity collision ; satellites:19,2026-09-03 11:50:17,"106.252861,-6.128398",2026-09-03 11:50:17,"106.252861,-6.128398",2026-09-03 10:50:18,27.32 km/h,No,,,,,GPS,Pending,Not Reviewed,955.86 km
2590000898,B 9979 SYM,,Forward Collision Warning,"Sankyu,PT",80 Kph [1:Polygon],Alarm End,Identity ID:'' ; Name:'' ; Type:FCW Forward relative velocity collision ; satellites:21,2026-09-03 11:47:27,"106.241409,-6.126755",2026-09-03 11:47:27,"106.241409,-6.126755",2026-09-03 10:47:28,21.18 km/h,No,,,,,GPS,Pending,Not Reviewed,954.47 km
2590000898,B 9979 SYM,,Forward Collision Warning,"Sankyu,PT",80 Kph [1:Polygon],Alarm End,Identity ID:'' ; Name:'' ; Type:FCW Forward relative velocity collision ; satellites:20,2026-09-03 11:45:59,"106.235748,-6.126383",2026-09-03 11:45:59,"106.235748,-6.126383",2026-09-03 10:46:00,21.95 km/h,No,,,,,GPS,Pending,Not Reviewed,953.89 km
2590000898,B 9979 SYM,,Forward Collision Warning,"Sankyu,PT",80 Kph [1:Polygon],Alarm End,Identity ID:'' ; Name:'' ; Type:FCW Forward relative velocity collision ; satellites:18,2026-09-03 11:40:14,"106.215652,-6.12266",2026-09-03 11:40:14,"106.215652,-6.12266",2026-09-03 10:40:15,20.75 km/h,No,,,,,GPS,Pending,Not Reviewed,951.65 km
2590000898,B 9979 SYM,,Forward Collision Warning,"Sankyu,PT",,Alarm End,Identity ID:'' ; Name:'' ; Type:FCW Forward relative velocity collision ; satellites:18,2026-09-03 11:14:31,"106.099068,-6.030315",2026-09-03 11:14:31,"106.099068,-6.030315",2026-09-03 10:14:32,48.41 km/h,No,,,,,GPS,Pending,Not Reviewed,933.15 km
2590000898,B 9979 SYM,,Forward Collision Warning,"Sankyu,PT",,Alarm End,Identity ID:'' ; Name:'' ; Type:FCW Forward relative velocity collision ; satellites:17,2026-09-03 11:14:25,"106.098686,-6.029688",2026-09-03 11:14:25,"106.098686,-6.029688",2026-09-03 10:14:27,50.19 km/h,No,,,,,GPS,Pending,Not Reviewed,933.15 km
2590000898,B 9979 SYM,,Eyes Closed,"Sankyu,PT",,Alarm End,Identity ID:'' ; Name:'' ; Type:Eyes closed ; satellites:19,2026-09-03 11:09:17,"106.066826,-6.005647",2026-09-03 11:09:17,"106.066826,-6.005647",2026-09-03 10:09:18,48.0 km/h,No,,,,,GPS,Pending,Not Reviewed,928.57 km
2590000898,B 9979 SYM,,Distracted Driving,"Sankyu,PT",,Alarm End,Identity ID:'' ; Name:'' ; Type:Distractions alarm ; satellites:20,2026-09-03 11:08:58,"106.065002,-6.004173",2026-09-03 11:08:58,"106.065002,-6.004173",2026-09-03 10:08:59,51.28 km/h,No,,,,,GPS,Pending,Not Reviewed,928.31 km
2590000898,B 9979 SYM,,Eyes Closed,"Sankyu,PT",80 Kph [2:Polygon],Alarm End,Identity ID:'' ; Name:'' ; Type:Eyes closed ; satellites:12,2026-09-03 10:58:15,"106.02639,-5.995791",2026-09-03 10:58:15,"106.02639,-5.995791",2026-09-03 09:58:16,28.54 km/h,No,,,,,GPS,Pending,Not Reviewed,922.34 km
2590000898,B 9979 SYM,,Eyes Closed,"Sankyu,PT",80 Kph [2:Polygon],Alarm End,Identity ID:'' ; Name:'' ; Type:Eyes closed ; satellites:13,2026-09-03 10:58:02,"106.025436,-5.995789",2026-09-03 10:58:02,"106.025436,-5.995789",2026-09-03 09:58:03,28.32 km/h,No,,,,,GPS,Pending,Not Reviewed,922.22 km
2590000898,B 9979 SYM,,Eyes Closed,"Sankyu,PT",80 Kph [2:Polygon],Alarm End,Identity ID:'' ; Name:'' ; Type:Eyes closed ; satellites:13,2026-09-03 10:57:47,"106.024391,-5.995791",2026-09-03 10:57:47,"106.024391,-5.995791",2026-09-03 09:57:48,26.52 km/h,No,,,,,GPS,Pending,Not Reviewed,922.1 km
2590000898,B 9979 SYM,,Eyes Closed,"Sankyu,PT",80 Kph [2:Polygon],Alarm End,Identity ID:'' ; Name:'' ; Type:Eyes closed ; satellites:13,2026-09-03 10:57:22,"106.022644,-5.995782",2026-09-03 10:57:22,"106.022644,-5.995782",2026-09-03 09:57:23,30.09 km/h,No,,,,,GPS,Pending,Not Reviewed,921.87 km
2590000898,B 9979 SYM,,Eyes Closed,"Sankyu,PT",80 Kph [2:Polygon],Alarm End,Identity ID:'' ; Name:'' ; Type:Eyes closed ; satellites:13,2026-09-03 10:57:02,"106.021088,-5.995783",2026-09-03 10:57:02,"106.021088,-5.995783",2026-09-03 09:57:03,33.54 km/h,No,,,,,GPS,Pending,Not Reviewed,921.65 km
2590000898,B 9979 SYM,,Eyes Closed,"Sankyu,PT",80 Kph [2:Polygon],Alarm End,Identity ID:'' ; Name:'' ; Type:Eyes closed ; satellites:12,2026-09-03 10:56:45,"106.019775,-5.995783",2026-09-03 10:56:45,"106.019775,-5.995783",2026-09-03 09:56:47,29.84 km/h,No,,,,,GPS,Pending,Not Reviewed,921.53 km
2590000898,B 9979 SYM,,Eyes Closed,"Sankyu,PT",80 Kph [2:Polygon],Alarm End,Identity ID:'' ; Name:'' ; Type:Eyes closed ; satellites:11,2026-09-03 10:55:06,"106.015038,-5.99726",2026-09-03 10:55:06,"106.015038,-5.99726",2026-09-03 09:55:07,21.1 km/h,No,,,,,GPS,Pending,Not Reviewed,920.84 km
2590000898,B 9979 SYM,,Distracted Driving,"Sankyu,PT",80 Kph [2:Polygon],Alarm End,Identity ID:'' ; Name:'' ; Type:Distractions alarm ; satellites:22,2026-09-03 09:04:35,"106.01516,-5.996002",2026-09-03 09:04:35,"106.01516,-5.996002",2026-09-03 08:04:37,28.76 km/h,No,,,,,GPS,Pending,Not Reviewed,919.24 km
2590000898,B 9979 SYM,,Forward Collision Warning,"Sankyu,PT",,Alarm End,Identity ID:'' ; Name:'' ; Type:FCW Forward relative velocity collision ; satellites:14,2026-09-03 08:59:04,"106.030449,-5.990988",2026-09-03 08:59:04,"106.030449,-5.990988",2026-09-03 07:59:06,30.45 km/h,No,,,,,GPS,Pending,Not Reviewed,917.32 km
2590000898,B 9979 SYM,,Distracted Driving,"Sankyu,PT",,Alarm End,Identity ID:'' ; Name:'' ; Type:Distractions alarm ; satellites:17,2026-09-03 08:47:56,"106.060593,-6.00033",2026-09-03 08:47:56,"106.060593,-6.00033",2026-09-03 07:47:58,52.66 km/h,No,,,,,GPS,Pending,Not Reviewed,912.68 km
2590000898,B 9979 SYM,,Yawning,"Sankyu,PT",,Alarm End,Identity ID:'' ; Name:'' ; Type:yawn ; satellites:21,2026-09-03 08:20:29,"106.104782,-6.039553",2026-09-03 08:20:29,"106.104782,-6.039553",2026-09-03 07:20:30,58.68 km/h,No,,,,,GPS,Pending,Not Reviewed,906.08 km
2590000898,B 9979 SYM,,Yawning,"Sankyu,PT",,Alarm End,Identity ID:'' ; Name:'' ; Type:yawn ; satellites:21,2026-09-03 08:19:43,"106.109673,-6.044562",2026-09-03 08:19:43,"106.109673,-6.044562",2026-09-03 07:19:44,65.02 km/h,No,,,,,GPS,Pending,Not Reviewed,905.35 km
2590000898,B 9979 SYM,,Distracted Driving,"Sankyu,PT",,Alarm End,Identity ID:'' ; Name:'' ; Type:Distractions alarm ; satellites:21,2026-09-03 08:18:54,"106.11483,-6.049003",2026-09-03 08:18:54,"106.11483,-6.049003",2026-09-03 07:18:55,49.32 km/h,No,,,,,GPS,Pending,Not Reviewed,904.59 km
2590000898,B 9979 SYM,,Yawning,"Sankyu,PT",,Alarm End,Identity ID:'' ; Name:'' ; Type:yawn ; satellites:21,2026-09-03 08:16:23,"106.125938,-6.066703",2026-09-03 08:16:23,"106.125938,-6.066703",2026-09-03 07:16:25,57.46 km/h,No,,,,,GPS,Pending,Not Reviewed,902.29 km
2590000898,B 9979 SYM,,Yawning,"Sankyu,PT",,Alarm End,Identity ID:'' ; Name:'' ; Type:yawn ; satellites:20,2026-09-03 08:15:20,"106.130119,-6.074574",2026-09-03 08:15:20,"106.130119,-6.074574",2026-09-03 07:15:21,51.87 km/h,No,,,,,GPS,Pending,Not Reviewed,901.33 km
2590000898,B 9979 SYM,,Yawning,"Sankyu,PT",,Alarm End,Identity ID:'' ; Name:'' ; Type:yawn ; satellites:22,2026-09-03 08:13:54,"106.135979,-6.084533",2026-09-03 08:13:54,"106.135979,-6.084533",2026-09-03 07:13:55,54.31 km/h,No,,,,,GPS,Pending,Not Reviewed,899.98 km
2590000898,B 9979 SYM,,Yawning,"Sankyu,PT",,Alarm End,Identity ID:'' ; Name:'' ; Type:yawn ; satellites:20,2026-09-03 08:10:54,"106.158737,-6.09309",2026-09-03 08:10:54,"106.158737,-6.09309",2026-09-03 07:10:55,54.46 km/h,No,,,,,GPS,Pending,Not Reviewed,897.28 km
2590000898,B 9979 SYM,,Forward Collision Warning,"Sankyu,PT",80 Kph [2:Polygon],Alarm End,Identity ID:'' ; Name:'' ; Type:FCW Forward relative velocity collision ; satellites:20,2026-09-03 08:01:31,"106.181381,-6.120383",2026-09-03 08:01:31,"106.181381,-6.120383",2026-09-03 07:01:32,22.58 km/h,No,,,,,GPS,Pending,Not Reviewed,892.89 km
2590000898,B 9979 SYM,,Forward Collision Warning,"Sankyu,PT",80 Kph [2:Polygon],Alarm End,Identity ID:'' ; Name:'' ; Type:FCW Forward relative velocity collision ; satellites:19,2026-09-03 08:01:22,"106.181877,-6.120582",2026-09-03 08:01:22,"106.181877,-6.120582",2026-09-03 07:01:23,26.99 km/h,No,,,,,GPS,Pending,Not Reviewed,892.76 km
2590000898,B 9979 SYM,,Yawning,"Sankyu,PT",80 Kph [1:Polygon],Alarm End,Identity ID:'' ; Name:'' ; Type:yawn ; satellites:22,2026-09-03 07:58:02,"106.195679,-6.119788",2026-09-03 07:58:02,"106.195679,-6.119788",2026-09-03 06:58:03,29.61 km/h,No,,,,,GPS,Pending,Not Reviewed,891.36 km
2590000898,B 9979 SYM,,Eyes Closed,"Sankyu,PT",80 Kph [1:Polygon],Alarm End,Identity ID:'' ; Name:'' ; Type:Eyes closed ; satellites:20,2026-09-03 07:50:53,"106.219383,-6.123143",2026-09-03 07:50:53,"106.219383,-6.123143",2026-09-03 06:50:54,30.72 km/h,No,,,,,GPS,Pending,Not Reviewed,888.73 km
2590000898,B 9979 SYM,,Yawning,"Sankyu,PT",80 Kph [1:Polygon],Alarm End,Identity ID:'' ; Name:'' ; Type:yawn ; satellites:21,2026-09-03 07:43:55,"106.247009,-6.127123",2026-09-03 07:43:55,"106.247009,-6.127123",2026-09-03 06:43:57,39.96 km/h,No,,,,,GPS,Pending,Not Reviewed,885.63 km
2590000898,B 9979 SYM,,Forward Collision Warning,"Sankyu,PT",,Alarm End,Identity ID:'' ; Name:'' ; Type:FCW Forward relative velocity collision ; satellites:19,2026-09-03 07:35:25,"106.286491,-6.140185",2026-09-03 07:35:25,"106.286491,-6.140185",2026-09-03 06:35:26,33.37 km/h,No,,,,,GPS,Pending,Not Reviewed,880.92 km
2590000898,B 9979 SYM,,Forward Collision Warning,"Sankyu,PT",80 Kph [1:Polygon],Alarm End,Identity ID:'' ; Name:'' ; Type:FCW Forward relative velocity collision ; satellites:21,2026-09-03 07:31:55,"106.301865,-6.137818",2026-09-03 07:31:55,"106.301865,-6.137818",2026-09-03 06:31:56,21.92 km/h,No,,,,,GPS,Pending,Not Reviewed,879.11 km
2590000898,B 9979 SYM,,Forward Collision Warning,"Sankyu,PT",,Alarm End,Identity ID:'' ; Name:'' ; Type:FCW Forward relative velocity collision ; satellites:20,2026-09-03 07:20:50,"106.316689,-6.154555",2026-09-03 07:20:50,"106.316689,-6.154555",2026-09-03 06:20:52,22.97 km/h,No,,,,,GPS,Pending,Not Reviewed,876.75 km
2590000898,B 9979 SYM,,Distracted Driving,"Sankyu,PT",80 Kph [4:Polygon],Alarm End,Identity ID:'' ; Name:'' ; Type:Distractions alarm ; satellites:20,2026-09-03 07:03:58,"106.369942,-6.206845",2026-09-03 07:03:58,"106.369942,-6.206845",2026-09-03 06:03:59,33.04 km/h,No,,,,,GPS,Pending,Not Reviewed,867.48 km
2590000898,B 9979 SYM,,Forward Collision Warning,"Sankyu,PT",80 Kph [4:Polygon],Alarm End,Identity ID:'' ; Name:'' ; Type:FCW Forward relative velocity collision ; satellites:21,2026-09-03 06:59:39,"106.390129,-6.21078",2026-09-03 06:59:39,"106.390129,-6.21078",2026-09-03 05:59:40,46.23 km/h,No,,,,,GPS,Pending,Not Reviewed,864.81 km
2590000898,B 9979 SYM,,Forward Collision Warning,"Sankyu,PT",80 Kph [4:Polygon],Alarm End,Identity ID:'' ; Name:'' ; Type:FCW Forward relative velocity collision ; satellites:20,2026-09-03 06:48:11,"106.432159,-6.228662",2026-09-03 06:48:11,"106.432159,-6.228662",2026-09-03 05:48:12,24.3 km/h,No,,,,,GPS,Pending,Not Reviewed,859.59 km
2590000898,B 9979 SYM,,Forward Collision Warning,"Sankyu,PT",80 Kph [4:Polygon],Alarm End,Identity ID:'' ; Name:'' ; Type:FCW Forward relative velocity collision ; satellites:21,2026-09-03 06:47:35,"106.434074,-6.227678",2026-09-03 06:47:35,"106.434074,-6.227678",2026-09-03 05:47:37,26.27 km/h,No,,,,,GPS,Pending,Not Reviewed,859.36 km
2590000898,B 9979 SYM,,Yawning,"Sankyu,PT",80 Kph [4:Polygon],Alarm End,Identity ID:'' ; Name:'' ; Type:yawn ; satellites:20,2026-09-03 06:43:28,"106.447212,-6.21124",2026-09-03 06:43:28,"106.447212,-6.21124",2026-09-03 05:43:29,27.02 km/h,No,,,,,GPS,Pending,Not Reviewed,856.99 km
2590000898,B 9979 SYM,,Distracted Driving,"Sankyu,PT",80 Kph [1:Polygon],Alarm End,Identity ID:'' ; Name:'' ; Type:Distractions alarm ; satellites:22,2026-09-03 06:36:49,"106.462158,-6.19187",2026-09-03 06:36:49,"106.462158,-6.19187",2026-09-03 05:36:51,30.21 km/h,No,,,,,GPS,Pending,Not Reviewed,854.36 km
2590000898,B 9979 SYM,,Forward Collision Warning,"Sankyu,PT",80 Kph [1:Polygon],Alarm End,Identity ID:'' ; Name:'' ; Type:FCW Forward relative velocity collision ; satellites:22,2026-09-03 06:35:17,"106.468094,-6.192113",2026-09-03 06:35:17,"106.468094,-6.192113",2026-09-03 05:35:19,34.57 km/h,No,,,,,GPS,Pending,Not Reviewed,853.66 km
2590000898,B 9979 SYM,,Forward Collision Warning,"Sankyu,PT",,Alarm End,Identity ID:'' ; Name:'' ; Type:FCW Forward relative velocity collision ; satellites:17,2026-09-03 06:10:42,"106.621796,-6.224428",2026-09-03 06:10:42,"106.621796,-6.224428",2026-09-03 05:10:44,52.11 km/h,No,,,,,GPS,Pending,Not Reviewed,835.19 km
2590000898,B 9979 SYM,,Distracted Driving,"Sankyu,PT",,Alarm End,Identity ID:'' ; Name:'' ; Type:Distractions alarm ; satellites:13,2026-09-03 06:09:03,"106.634361,-6.222635",2026-09-03 06:09:03,"106.634361,-6.222635",2026-09-03 05:09:04,49.24 km/h,No,,,,,GPS,Pending,Not Reviewed,833.79 km
2590000898,B 9979 SYM,,Forward Collision Warning,"Sankyu,PT",,Alarm End,Identity ID:'' ; Name:'' ; Type:FCW Forward relative velocity collision ; satellites:17,2026-09-03 06:03:52,"106.671494,-6.216733",2026-09-03 06:03:52,"106.671494,-6.216733",2026-09-03 05:03:53,46.45 km/h,No,,,,,GPS,Pending,Not Reviewed,829.62 km
2590000898,B 9979 SYM,,Forward Collision Warning,"Sankyu,PT",,Alarm End,Identity ID:'' ; Name:'' ; Type:FCW Forward relative velocity collision ; satellites:20,2026-09-03 05:21:05,"106.699608,-6.207243",2026-09-03 05:21:05,"106.699608,-6.207243",2026-09-03 04:21:07,42.06 km/h,No,,,,,GPS,Pending,Not Reviewed,826.45 km
2590000898,B 9979 SYM,,Yawning,"Sankyu,PT",,Alarm End,Identity ID:'' ; Name:'' ; Type:yawn ; satellites:22,2026-09-03 05:10:52,"106.76812,-6.190098",2026-09-03 05:10:52,"106.76812,-6.190098",2026-09-03 04:10:53,49.87 km/h,No,,,,,GPS,Pending,Not Reviewed,818.25 km
2590000898,B 9979 SYM,,Yawning,"Sankyu,PT",,Alarm End,Identity ID:'' ; Name:'' ; Type:yawn ; satellites:17,2026-09-03 05:07:41,"106.790726,-6.184397",2026-09-03 05:07:41,"106.790726,-6.184397",2026-09-03 04:07:43,51.54 km/h,No,,,,,GPS,Pending,Not Reviewed,815.69 km
2590000898,B 9979 SYM,,Yawning,"Sankyu,PT",,Alarm End,Identity ID:'' ; Name:'' ; Type:yawn ; satellites:22,2026-09-03 05:03:43,"106.798912,-6.200225",2026-09-03 05:03:43,"106.798912,-6.200225",2026-09-03 04:03:45,49.52 km/h,No,,,,,GPS,Pending,Not Reviewed,812.61 km
2590000898,B 9979 SYM,,Distracted Driving,"Sankyu,PT",,Alarm End,Identity ID:'' ; Name:'' ; Type:Distractions alarm ; satellites:18,2026-09-03 04:55:04,"106.84156,-6.242615",2026-09-03 04:55:04,"106.84156,-6.242615",2026-09-03 03:55:06,49.09 km/h,No,,,,,GPS,Pending,Not Reviewed,805.76 km
2590000898,B 9979 SYM,,Yawning,"Sankyu,PT",,Alarm End,Identity ID:'' ; Name:'' ; Type:yawn ; satellites:19,2026-09-03 04:54:55,"106.842514,-6.243124",2026-09-03 04:54:55,"106.842514,-6.243124",2026-09-03 03:54:56,42.77 km/h,No,,,,,GPS,Pending,Not Reviewed,805.65 km
2590000898,B 9979 SYM,,Yawning,"Sankyu,PT",,Alarm End,Identity ID:'' ; Name:'' ; Type:yawn ; satellites:22,2026-09-03 04:54:15,"106.84684,-6.243526",2026-09-03 04:54:15,"106.84684,-6.243526",2026-09-03 03:54:16,42.71 km/h,No,,,,,GPS,Pending,Not Reviewed,805.15 km
2590000898,B 9979 SYM,,Yawning,"Sankyu,PT",,Alarm End,Identity ID:'' ; Name:'' ; Type:yawn ; satellites:20,2026-09-03 04:52:33,"106.859215,-6.243235",2026-09-03 04:52:33,"106.859215,-6.243235",2026-09-03 03:52:34,45.15 km/h,No,,,,,GPS,Pending,Not Reviewed,803.81 km
2590000898,B 9979 SYM,,Forward Collision Warning,"Sankyu,PT",,Alarm End,Identity ID:'' ; Name:'' ; Type:FCW Forward relative velocity collision ; satellites:20,2026-09-03 04:48:35,"106.88591,-6.247053",2026-09-03 04:48:35,"106.88591,-6.247053",2026-09-03 03:48:37,30.56 km/h,No,,,,,GPS,Pending,Not Reviewed,800.81 km
2590000898,B 9979 SYM,,Distracted Driving,"Sankyu,PT",,Alarm End,Identity ID:'' ; Name:'' ; Type:Distractions alarm ; satellites:11,2026-09-03 04:36:03,"106.96785,-6.252757",2026-09-03 04:36:03,"106.96785,-6.252757",2026-09-03 03:36:04,53.81 km/h,No,,,,,GPS,Pending,Not Reviewed,791.2 km
2590000898,B 9979 SYM,,Distracted Driving,"Sankyu,PT",,Alarm End,Identity ID:'' ; Name:'' ; Type:Distractions alarm ; satellites:15,2026-09-03 04:21:55,"107.069366,-6.281682",2026-09-03 04:21:55,"107.069366,-6.281682",2026-09-03 03:21:56,44.75 km/h,No,,,,,GPS,Pending,Not Reviewed,779.28 km
2590000898,B 9979 SYM,,Eyes Closed,"Sankyu,PT",80 Kph [26:Polygon],Alarm End,Identity ID:'' ; Name:'' ; Type:Eyes closed ; satellites:20,2026-09-03 04:03:43,"107.133781,-6.319617",2026-09-03 04:03:43,"107.133781,-6.319617",2026-09-03 03:03:44,31.24 km/h,No,,,,,GPS,Pending,Not Reviewed,770.04 km
2590000898,B 9979 SYM,,Distracted Driving,"Sankyu,PT",80 Kph [26:Polygon],Alarm End,Identity ID:'' ; Name:'' ; Type:Distractions alarm ; satellites:17,2026-09-02 11:40:24,"107.160706,-6.391938",2026-09-02 11:40:24,"107.160706,-6.391938",2026-09-02 10:40:25,22.92 km/h,No,,,,,GPS,Pending,Not Reviewed,747.36 km
2590000898,B 9979 SYM,,Eyes Closed,"Sankyu,PT",80 Kph [26:Polygon],Alarm End,Identity ID:'' ; Name:'' ; Type:Eyes closed ; satellites:15,2026-09-02 11:30:42,"107.17852,-6.368047",2026-09-02 11:30:42,"107.17852,-6.368047",2026-09-02 10:30:43,33.09 km/h,No,,,,,GPS,Pending,Not Reviewed,742.54 km
2590000898,B 9979 SYM,,Eyes Closed,"Sankyu,PT",80 Kph [26:Polygon],Alarm End,Identity ID:'' ; Name:'' ; Type:Eyes closed ; satellites:14,2026-09-02 11:29:39,"107.179718,-6.362423",2026-09-02 11:29:39,"107.179718,-6.362423",2026-09-02 10:29:41,25.77 km/h,No,,,,,GPS,Pending,Not Reviewed,741.9 km
2590000898,B 9979 SYM,,Distracted Driving,"Sankyu,PT",80 Kph [26:Polygon],Alarm End,Identity ID:'' ; Name:'' ; Type:Distractions alarm ; satellites:17,2026-09-02 09:26:23,"107.179909,-6.360718",2026-09-02 09:26:23,"107.179909,-6.360718",2026-09-02 08:26:25,19.16 km/h,No,,,,,GPS,Pending,Not Reviewed,739.73 km
2590000898,B 9979 SYM,,Yawning,"Sankyu,PT",80 Kph [26:Polygon],Alarm End,Identity ID:'' ; Name:'' ; Type:yawn ; satellites:16,2026-09-02 09:23:59,"107.17614,-6.372058",2026-09-02 09:23:59,"107.17614,-6.372058",2026-09-02 08:24:00,32.46 km/h,No,,,,,GPS,Pending,Not Reviewed,738.45 km
2590000898,B 9979 SYM,,Eyes Closed,"Sankyu,PT",80 Kph [26:Polygon],Alarm End,Identity ID:'' ; Name:'' ; Type:Eyes closed ; satellites:14,2026-09-02 09:20:48,"107.174309,-6.381348",2026-09-02 09:20:48,"107.174309,-6.381348",2026-09-02 08:20:50,22.84 km/h,No,,,,,GPS,Pending,Not Reviewed,737.05 km
